"","rmse_train","rmse_test","mase_test","bias_test","theta","n"
"1",78.2276991651082,94.9699513881452,0.689420476892822,-17.625,10,120
"2",77.5212336503146,87.3682341204933,0.67875,1.04166666666667,10,120
"3",79.8765323275032,85.7931135542552,0.61024736105812,-10.125,10,120
"4",75.822915951138,93.0506134674386,0.888211382113821,-14.3333333333333,10,120
"5",72.3257964583407,92.5529127940697,0.800779987067572,-16.125,10,120
"6",79.9593646798172,97.4856827094796,0.962153568716781,-5.20833333333333,10,120
"7",95.6395141490517,85.3529437102201,0.774792884990253,1.125,10,120
"8",84.2116010416617,84.6512453147225,0.889196068106021,-37.1666666666667,10,120
"9",75.4193830081719,88.2855216518164,0.663572143035759,17.1666666666667,10,120
"10",83.8595676314476,117.298231018204,0.706601049868766,30.7916666666667,10,120
"11",77.2898360070715,109.632720176658,0.802235278227985,36.3333333333333,10,120
"12",79.1154878431946,80.9789067185606,0.655,8.5,10,120
"13",90.1187295553298,100.215600914562,0.69378149032087,-14.0833333333333,10,120
"14",95.6761573399211,86.9159076349088,0.754210151802656,7.20833333333333,10,120
"15",74.5573744396443,83.2286008533124,0.892501876876877,50.5,10,120
"16",81.6617132851538,81.1354320462604,0.889571563088512,1.45833333333333,10,120
"17",84.3695368601725,94.9177275328481,0.739940583634176,31.7083333333333,10,120
"18",88.4896415783603,96.8906170207759,1.2964101663153,-0.458333333333333,10,120
"19",86.3858832989125,71.3544555955221,0.718891849220446,3.45833333333333,10,120
"20",81.7549692679289,90.7615924643605,0.972716323883639,16.3333333333333,10,120
"21",83.1104310541102,119.254454843415,0.735407988892449,0.0416666666666667,10,120
"22",72.3005878261028,105.12571838835,0.769815913585882,18.25,10,120
"23",78.7324054418933,116.118473982394,0.919844489519946,32.5833333333333,10,120
"24",76.9161475244308,91.4758620256368,0.881251188438867,-11.25,10,120
"25",81.20165228204,81.3989660048988,0.77032782653588,1.875,10,120
"26",87.5089281159357,78.5575691239658,0.70724386339381,-28.7083333333333,10,120
"27",76.8761856277135,101.101846339883,0.701520312894272,-1.16666666666667,10,120
"28",81.9946644605611,96.9063121439121,0.715545502229216,-13.1666666666667,10,120
"29",84.8384494200595,92.0534265159822,0.889773716275022,-1.41666666666667,10,120
"30",85.337320870375,83.6971226108361,0.68083185971117,28.2083333333333,10,120
"31",87.0647508084261,83.7247474366649,0.816462418300654,-3.91666666666667,10,120
"32",84.6055184370381,78.1598255712827,0.634000145751348,12.5416666666667,10,120
"33",93.0597366390714,102.340933485418,0.742133333333333,13.9166666666667,10,120
"34",80.8156338010577,94.6638790669387,0.773956951201533,8.83333333333333,10,120
"35",86.1221879076467,108.632024130395,0.631668489488395,-8.91666666666667,10,120
"36",88.4658008309803,81.5860997147594,0.749014427109545,20.7083333333333,10,120
"37",83.2208407391642,108.474075243811,0.792227132974635,6.45833333333333,10,120
"38",86.3066842718454,103.798482647869,0.811828542392567,6.125,10,120
"39",75.5757070757529,104.592064708562,0.681510328479512,-30.5,10,120
"40",83.7839483433432,81.5457438088177,0.67139175257732,15.7083333333333,10,120
"41",69.7704569761921,109.277742473021,0.873048399687744,9.79166666666667,10,120
"42",75.7117615257585,91.942237301471,0.674382716049383,-18.0416666666667,10,120
"43",84.8331082184309,112.497777755829,0.645847973764348,8.91666666666667,10,120
"44",89.7903228824428,118.710607501324,0.742875874125874,36.7916666666667,10,120
"45",75.7279258266064,117.728501222091,0.801318267419962,36.1666666666667,10,120
"46",83.8339753123199,102.40320633001,0.959754490031307,-16.5833333333333,10,120
"47",84.2291022549016,64.2478923130298,0.638324499411072,1.625,10,120
"48",92.6160308298011,103.300129073814,0.70351060132082,9.33333333333333,10,120
"49",90.0457638278078,93.2025124840169,0.720610119047619,-23.4583333333333,10,120
"50",76.7476926906167,101.888623833413,0.829287152927636,21.5416666666667,10,120
"51",95.7355298030291,89.6442041257176,0.672906267332224,12.3333333333333,10,120
"52",74.6684337588515,100.200424150799,0.727436647173489,-6.20833333333333,10,120
"53",75.2482696368052,101.771803560711,1.00757166035695,1.75,10,120
"54",81.6237557332423,71.5728067541484,0.637714460784314,1.33333333333333,10,120
"55",94.3217565040007,86.7597256796032,0.668729208250166,-28.1666666666667,10,120
"56",71.4010825081338,100.606080001824,0.628580836351663,16.25,10,120
"57",89.5207145488313,69.9973213773213,0.757714312511724,-0.375,10,120
"58",84.5223712989644,76.2815508494682,0.687030516431925,15.5416666666667,10,120
"59",81.7040518171121,100.570456231772,0.936269602936269,-19.8333333333333,10,120
"60",91.9738413898213,122.625615866615,0.765714558654948,8.95833333333333,10,120
"61",73.3799331107172,94.6973248478189,0.639931972789116,20.5833333333333,10,120
"62",94.6215598229776,109.109463384255,0.784250121832359,-42.5416666666667,10,120
"63",82.2362577172219,109.612195185268,0.772056239015817,-6.41666666666667,10,120
"64",93.9639780270432,90.1512617770822,0.86323155216285,-7.08333333333333,10,120
"65",83.0226500219468,88.213047031982,0.829130765331982,0.958333333333333,10,120
"66",86.4307285248327,83.8865801742647,0.663523669054642,-12.9583333333333,10,120
"67",88.5294795534233,102.267011624798,0.843286375391316,-14.0416666666667,10,120
"68",82.547965854203,92.3462686486754,0.732315003394433,-15.4166666666667,10,120
"69",85.9280222046336,109.69009374901,1.01344359626802,-45.75,10,120
"70",110.060163471318,101.049286654253,0.716598333984121,-15.125,10,120
"71",78.0906257711726,81.3994778853034,0.884251644736842,24.625,10,120
"72",80.0434127000259,81.7761171328973,0.639169226268831,-3.5,10,120
"73",74.4176698327308,82.1756249342427,0.772950819672131,16.0833333333333,10,120
"74",85.4791641278739,91.2861800420341,1.11128845037725,-5.33333333333333,10,120
"75",70.7231250487891,76.3931715971177,0.852342549923195,-45.5,10,120
"76",96.4958440383142,108.824399837536,0.829944178628389,25.5,10,120
"77",81.3147818665217,112.833394879353,0.869551566193853,31.125,10,120
"78",72.9077613609598,106.197536066835,0.762329561937917,34.4166666666667,10,120
"79",94.9590372213198,63.1558917811052,1.05562216893152,-31,10,120
"80",72.4596151889681,79.9559774709392,0.763244047619048,0.791666666666667,10,120
"81",85.1397747824129,78.7548940278211,0.605574868031415,-9.91666666666667,10,120
"82",88.8481851249647,114.469792230673,0.805692391899288,11.8333333333333,10,120
"83",88.5717693925854,110.463040576173,0.758204858677879,0.0833333333333333,10,120
"84",81.6606290285186,103.670752866949,0.688695299837925,-24.875,10,120
"85",82.1313734208798,89.7108781958279,0.712691570881226,-0.0416666666666667,10,120
"86",80.0344326941015,72.4945400242896,0.751414394360972,1.29166666666667,10,120
"87",78.3447908287462,102.898615151031,0.592552566976198,13.4583333333333,10,120
"88",69.8165005568168,108.91089630213,0.692148760330578,44.5833333333333,10,120
"89",86.2702270967993,113.21642254255,0.78769925989183,20.0416666666667,10,120
"90",89.1570477677826,97.9166312056673,0.751841620626151,-10.6666666666667,10,120
"91",100.383327798993,106.314784171033,0.654352441613588,-19.3333333333333,10,120
"92",81.8676523420575,89.8640176414713,0.675889667491069,5.375,10,120
"93",83.3205406847555,92.8506865887377,0.72932278656675,-18.0833333333333,10,120
"94",84.9825349704279,133.301975479235,0.920437002731267,4.75,10,120
"95",93.5951498921463,86.4638652848691,0.789819775937652,-8.16666666666667,10,120
"96",76.3697147653003,70.129641854687,0.66239847505387,4,10,120
"97",85.4065644432558,81.3559565530802,0.841736111111111,-27.875,10,120
"98",85.5887697072461,78.1406317694791,0.676188853551416,-13.4583333333333,10,120
"99",88.8077277042938,87.4447444580481,0.738554472233997,11.8333333333333,10,120
"100",86.8389313614579,95.9706986532869,0.952326422372228,-41.875,10,120
"101",76.1722964731929,75.7432615264663,0.721695171922323,-18.7083333333333,10,120
"102",92.708211610407,85.2689372905906,1.31160130718954,-60.7083333333333,10,120
"103",86.5021676028988,105.230698942847,0.652425610744471,18.1666666666667,10,120
"104",77.7173698945952,108.755459633069,0.902247667514843,-32.6666666666667,10,120
"105",83.2168978232987,86.6518416807552,0.835249295278365,-24.125,10,120
"106",78.5407935406818,95.9657056800327,0.551256503930034,-8.25,10,120
"107",80.1435560936332,81.2614094553292,0.614613778705637,-3.33333333333333,10,120
"108",84.4828631538176,99.3061344194473,0.775793650793651,13.9583333333333,10,120
"109",94.8045137814299,113.33946061868,0.769297928709056,-20.0833333333333,10,120
"110",82.0538441106407,67.8960602686194,0.858845338983051,6.79166666666667,10,120
"111",76.2857839530625,122.458156118733,0.68763714342709,-28.9166666666667,10,120
"112",73.3819914329576,80.1095603949158,1.24942318132465,22.375,10,120
"113",89.0420078764325,120.775273407543,0.746802230239423,-28.1666666666667,10,120
"114",76.7765290741035,111.249344567358,0.663559698180204,12.0833333333333,10,120
"115",75.0086800532667,74.9249624624531,0.77048392732355,-6.91666666666667,10,120
"116",95.7405891806953,104.178132702277,0.878963558920965,21.9166666666667,10,120
"117",86.1048295199907,62.2009512253095,0.719988156761413,-0.208333333333333,10,120
"118",93.233465915768,93.3211301546083,0.702935918591859,-22.3333333333333,10,120
"119",71.7441925640443,98.3812736246081,0.733889547130068,25.2916666666667,10,120
"120",73.6475983994047,119.97308725988,0.97449899077278,36.0416666666667,10,120
"121",87.9098141089302,122.449819654148,0.764460527845599,53.875,10,120
"122",83.6409738106868,100.573977747726,0.770148821028218,16.0416666666667,10,120
"123",77.7315760593252,110.868728683971,0.698923087376002,1.70833333333333,10,120
"124",80.6296833265103,93.0347157427448,1.22652877697842,-7.625,10,120
"125",80.9848879935839,100.18566098333,0.821311358447489,-25.1666666666667,10,120
"126",77.1432649901035,82.6629703474698,0.678518682617043,11.8333333333333,10,120
"127",82.0037473737227,104.770781550329,0.755822260322903,16.0833333333333,10,120
"128",83.4397237531381,75.9328102118357,0.735067567567568,-20.875,10,120
"129",90.3080953366493,81.5661796743397,0.931098283007697,4.20833333333333,10,120
"130",87.6592004108335,110.239700955085,0.762172098569157,-11.125,10,120
"131",90.6372118208998,91.1013629608983,0.709301923343019,15.2916666666667,10,120
"132",81.6876036087076,80.6582295863231,0.652589350838804,27.1666666666667,10,120
"133",91.7762791611572,101.562173076397,0.673058622002284,9.04166666666667,10,120
"134",84.7802920298501,83.257882509706,0.846071428571428,-32.7916666666667,10,120
"135",87.5981592272349,79.140697495031,0.606219931271478,-17.25,10,120
"136",77.5270114218264,106.99727410858,0.851763154241288,-15.6666666666667,10,120
"137",84.7062325530615,93.8203069702929,0.677863577863578,-14.8333333333333,10,120
"138",86.9363991662871,103.28661578346,0.597244798439532,24.375,10,120
"139",70.4100342044134,106.244411617741,0.575501162115049,23.7916666666667,10,120
"140",85.689118328992,66.4479746368039,0.832416396979504,-13.4166666666667,10,120
"141",85.0847616595749,111.609998058716,0.802697028423773,48.125,10,120
"142",75.1804772974119,92.0208309750207,0.653599311896255,1.25,10,120
"143",82.8084511588843,110.475487477238,0.627142411966345,4.25,10,120
"144",82.0413386653338,103.840422443928,0.924006654922686,25.1666666666667,10,120
"145",87.8280754276976,97.9423725122755,0.700992756435131,12.7083333333333,10,120
"146",73.6299870976493,64.7475868276185,0.830947511929107,-4.41666666666667,10,120
"147",89.9229415481203,75.1082552054034,0.753578203138472,5.25,10,120
"148",77.3271594159085,137.155021781924,0.929919137466307,14.3333333333333,10,120
"149",85.2129684965851,85.0654160043904,0.746863799283154,16.7916666666667,10,120
"150",73.0325983151816,74.3939401654015,0.659278959810875,17.875,10,120
"151",84.0588211710506,64.6061787550799,0.653151335843643,-11.2083333333333,10,120
"152",83.8111716896978,79.3370972496473,0.675227076124567,0.125,10,120
"153",80.6335589772232,113.407451254316,0.905414483407228,1.66666666666667,10,120
"154",81.2171087271641,115.917715068348,0.684479403178722,-12.9166666666667,10,120
"155",89.0092457744325,96.2245637385105,0.974305555555556,-19.3333333333333,10,120
"156",78.3122755383854,115.371681967457,0.912718904355636,60.625,10,120
"157",96.5933809844132,130.74514012638,0.848658508560267,-1.125,10,120
"158",78.5005307837682,90.592494170323,0.763326071169208,-11.8333333333333,10,120
"159",84.649214900868,81.5319467039352,0.637504923198109,-22.0416666666667,10,120
"160",79.4594367166879,92.5547135482575,0.804891046897205,5.04166666666667,10,120
"161",82.3443607662358,80.7269058823224,0.840417598806861,8,10,120
"162",80.8579000469342,59.9106974309819,0.744946984758118,-0.125,10,120
"163",81.0073942098292,80.0252564298714,1.00631073088297,-9.95833333333333,10,120
"164",85.6936160593853,115.909447414782,0.752849002849003,-27.1666666666667,10,120
"165",79.1713595100316,95.6142423142773,0.706265508684864,19.1666666666667,10,120
"166",81.2730095624207,107.905630066276,0.693065017329987,-11.0416666666667,10,120
"167",87.8558241287015,98.1820163437955,1.05280925401322,9.625,10,120
"168",78.4302370475401,100.509327925322,0.820123635861307,6.95833333333333,10,120
"169",78.1904059545245,81.7055179695146,0.665836512646602,-26.7916666666667,10,120
"170",105.482127238062,97.5008546971085,0.846497469955724,-21.9166666666667,10,120
"171",66.7955524966545,78.6511284089427,0.645535327264846,-12.75,10,120
"172",80.6772117763126,89.7382768573886,0.75822741715842,-11.2083333333333,10,120
"173",72.276018959726,78.3807480614128,0.734838625715773,7.45833333333333,10,120
"174",79.4190494570834,97.183246155566,0.635966455547736,5.41666666666667,10,120
"175",84.1481827888557,92.4346616084392,0.551102629346904,14.5833333333333,10,120
"176",80.5944063402252,100.671495469174,0.939074960127592,-24.1666666666667,10,120
"177",79.4200331570484,105.040468391949,0.655667789001122,-2.83333333333333,10,120
"178",70.4016009524405,90.1732129478224,0.849680921597878,2.95833333333333,10,120
"179",96.5872878109054,108.84143665596,0.814877300613497,22.4583333333333,10,120
"180",94.7145932085794,95.2778830579269,0.813396349413299,-20.9583333333333,10,120
"181",78.357288003946,128.089161654425,0.756299554686651,26.5833333333333,10,120
"182",97.1422389248536,127.863534024887,0.809466019417476,-15.5833333333333,10,120
"183",82.1042908947719,82.6680107417615,1.03857499432721,-38.6666666666667,10,120
"184",90.7763391528872,115.337909350453,0.728528911564626,10.6666666666667,10,120
"185",78.8589854318031,83.5979963874733,0.715474446614583,3.54166666666667,10,120
"186",73.1050186375737,92.4306045997032,0.832824639289678,3.08333333333333,10,120
"187",87.407272294701,91.1164547890958,0.751724012775842,5.04166666666667,10,120
"188",80.1418663995293,117.689386380704,0.849045679603897,38.2083333333333,10,120
"189",83.9574545032582,97.1380032050622,0.704597821533305,-6.04166666666667,10,120
"190",75.5424825291482,94.8632788104368,0.738299334490741,3.875,10,120
"191",90.49470518581,89.1978138745564,0.643457533559152,-12.0833333333333,10,120
"192",83.3311041368508,90.8682654542644,0.659477582065653,9.29166666666667,10,120
"193",82.7281567343711,67.5475141412818,0.619073083778966,19.6666666666667,10,120
"194",80.4284749534226,118.983892467286,0.674836037279945,36.75,10,120
"195",75.4619799413365,86.1183778295899,0.892457719585379,7.45833333333333,10,120
"196",82.9526094626725,110.675953425605,0.808604457156477,-41.0833333333333,10,120
"197",92.7922186033578,76.4501471548616,0.894405344757242,-24.4583333333333,10,120
"198",80.2238404922959,81.1397970583281,0.638620448179272,14.5,10,120
"199",82.3267119469738,121.36343491074,0.888442521631644,46.0833333333333,10,120
"200",78.7047489037352,76.9331419697216,0.980897100501417,-10.625,10,120
"201",78.0475282546902,80.7387763097757,0.903744725738397,-26.3333333333333,10,120
"202",82.9649147732542,108.221994067749,0.809765924788949,-16.75,10,120
"203",74.2505611651073,82.8173190421746,0.661313465783665,26.7916666666667,10,120
"204",77.5845640790314,83.6762112749695,1.01031448355453,-41.875,10,120
"205",76.3143853848452,64.5106580341574,0.693470223820943,-8.54166666666667,10,120
"206",80.9958846691197,129.116065357233,0.853183407287885,43.9583333333333,10,120
"207",80.1142413473826,58.6106503404742,0.78269696969697,-7.45833333333333,10,120
"208",77.5199571078313,108.430469272556,1.29507692307692,-57.5833333333333,10,120
"209",75.1488800093965,89.7612574184059,0.745188195038494,-2,10,120
"210",86.6978109104646,99.807314361223,1.13444990780578,5.91666666666667,10,120
"211",98.108570811457,112.288690436749,0.950367137711277,-34.75,10,120
"212",83.2061320857223,111.506352584356,0.882463511720478,-6.83333333333333,10,120
"213",77.6375124107756,109.14936249623,0.634938713526413,-24.9166666666667,10,120
"214",79.2058894064492,101.283225001313,0.768536188860616,8.125,10,120
"215",90.5168607682201,112.087949099505,0.773398162134945,44.375,10,120
"216",88.5844112508892,84.0837875772335,0.749010762899652,-14.8333333333333,10,120
"217",93.7641100492792,69.5602257040617,0.625349324639031,-18.125,10,120
"218",89.7887567200556,99.7515664037413,0.985084067907281,0.0416666666666667,10,120
"219",94.9695674940136,96.0607446705816,0.79410701373825,16.5833333333333,10,120
"220",84.5613066557828,83.3529143661656,0.952377589453861,-14.2083333333333,10,120
"221",76.1311915927587,101.511904063842,0.709789012193451,2,10,120
"222",98.1352170901626,85.3775926887924,0.966884790799127,-42.8333333333333,10,120
"223",80.8367696864078,102.49430878509,0.619617486338798,33.75,10,120
"224",86.7334278118881,90.1378573815316,0.726047476047476,-0.25,10,120
"225",75.9304094769239,98.9185270816342,0.824368244230207,12.7916666666667,10,120
"226",89.2052875861814,79.0160848604046,0.720445736434108,-8.45833333333333,10,120
"227",85.9405681270493,96.9301724610729,0.815891000649772,-1.875,10,120
"228",99.2059621024194,93.968744803791,0.664320388349515,-6.45833333333333,10,120
"229",67.2931243392171,89.573759178307,0.916644562334217,0.291666666666667,10,120
"230",80.25837183746,107.219595534896,1.1403883972468,44.7083333333333,10,120
"231",80.4306766725234,64.8967128083798,0.647482324538714,-30,10,120
"232",98.3534760443168,98.9446394033889,0.970734126984127,26.2083333333333,10,120
"233",74.968326645324,80.0908338492406,0.591740800646987,-10.7083333333333,10,120
"234",67.5223728354783,101.619182900343,0.74161171450737,14.375,10,120
"235",79.5533756878571,105.825130915739,0.732542254416063,-32.125,10,120
"236",76.9556825928621,79.278254689837,0.610607798165138,-7.70833333333333,10,120
"237",85.0384104390481,116.938908552001,1.10160742289597,-21.875,10,120
"238",79.9215761439508,119.621103210651,1.19037921348315,-48.625,10,120
"239",75.0658044651491,95.5076349478581,0.856857391579614,3.20833333333333,10,120
"240",73.8980857893716,93.2496648787544,0.741692173152602,17.9166666666667,10,120
"241",87.6819536734897,116.552205756333,0.794582316246271,60.0833333333333,10,120
"242",77.260854145766,77.6705113497609,0.716821763916834,-18.9583333333333,10,120
"243",89.9818847509505,95.611191813511,0.847350653163071,5,10,120
"244",85.4989644186798,82.4724701541874,0.785122725712324,-1.125,10,120
"245",96.1424182311498,95.9435597977617,0.827014042867701,-28,10,120
"246",89.3214583214284,124.613569352084,0.700701194815715,-9.29166666666667,10,120
"247",86.4798266456789,94.7802282475974,0.843213058419244,25.625,10,120
"248",82.1441821839299,69.2326994032926,0.773504273504274,-15.75,10,120
"249",88.8875108400125,88.6093956643425,0.850996376811594,13.7083333333333,10,120
"250",83.9286651468575,85.3185208498131,0.667368334158825,11,10,120
"251",83.0719442210586,100.388412345914,0.647625044980209,10.5833333333333,10,120
"252",70.9197756858645,102.732662770903,0.741588785046729,9.66666666666667,10,120
"253",91.5376174950313,114.502365332192,0.926980198019802,-54.7083333333333,10,120
"254",83.6584698840072,82.4406352069981,0.838475373547316,28.625,10,120
"255",79.5985369421658,93.8485038062231,0.758538115999472,-34.2916666666667,10,120
"256",81.6883687150951,90.5584525780633,0.716415707115441,0.583333333333333,10,120
"257",80.2663534739183,85.520952598374,0.88090241343127,12.0833333333333,10,120
"258",76.2430324685476,114.678899541284,0.715809839690437,51.3333333333333,10,120
"259",80.7250348405004,75.9728569951137,0.82415509957755,0.875,10,120
"260",74.4438406899232,138.184357532489,0.591297067712162,63.8333333333333,10,120
"261",81.4631179328003,76.5373002746591,0.727066115702479,-40.2916666666667,10,120
"262",87.6694787254949,83.6938866743962,0.590941328175371,-13.4166666666667,10,120
"263",85.5425089258746,95.6066158798647,0.82190065681445,4.125,10,120
"264",83.2134554424143,98.2002630682152,0.645250989983694,32.375,10,120
"265",69.6194267667677,100.87099847495,0.638530365382217,-0.125,10,120
"266",80.3457372858075,117.659289192708,0.770667299177736,36.2916666666667,10,120
"267",76.5166103971332,90.8416662844387,0.799577322785792,-23.4583333333333,10,120
"268",81.2139663686815,81.2285869219287,0.704481481481482,7.83333333333333,10,120
"269",92.9156763773835,119.91003572123,0.623348348348348,-7.33333333333333,10,120
"270",77.8295413066273,84.8515861175657,0.830457566462168,-22.7916666666667,10,120
"271",71.8088463677468,129.310350191571,0.580734448951995,19.6666666666667,10,120
"272",83.1770826810687,89.9800903904117,0.953061972863953,-12.8333333333333,10,120
"273",82.7072523019193,89.4452812245192,0.770416666666667,12.0416666666667,10,120
"274",91.415888024639,104.607600106302,0.870043231961837,-54.5,10,120
"275",77.5079968992447,113.515233926259,0.652589221433714,-1.625,10,120
"276",90.4754801037275,121.451464928725,0.702844052558783,-8.04166666666667,10,120
"277",84.4182913631084,73.0205450541147,0.72071702244116,19,10,120
"278",85.5432395536511,83.0125492521061,0.740872626064178,-20.75,10,120
"279",83.7332072716673,82.5020201772862,0.850162700833842,16.5833333333333,10,120
"280",79.4658600700116,92.7701011461487,0.592369998846996,-3.375,10,120
"281",84.7324219725444,68.3431903459786,0.573082461725027,6.45833333333333,10,120
"282",77.0840990952955,95.1888473859552,0.755695571693009,-17.9166666666667,10,120
"283",83.9936133484763,89.9143110596602,0.966201423097975,-39.1666666666667,10,120
"284",85.1335348144314,97.6138224501701,0.82370929010956,-38.7916666666667,10,120
"285",82.3756638819985,115.77006665513,0.895565302144249,-26.4583333333333,10,120
"286",82.3793941670691,79.0390198994564,0.774128142741281,11.6666666666667,10,120
"287",72.5240620989567,120.39102956616,0.633082457635142,5.75,10,120
"288",81.2773031048644,90.8836252211218,0.596844362745098,-0.666666666666667,10,120
"289",89.1949526785756,92.8450770549162,0.692652529761905,8.95833333333333,10,120
"290",77.0476043322136,100.802199050087,0.641056083220262,-11.9166666666667,10,120
"291",84.6018247439144,76.2790928105467,0.861061061061061,11.3333333333333,10,120
"292",88.4904067305227,75.9602417935418,0.935299388572633,-49.375,10,120
"293",76.4081011193621,105.746749359023,1.23975327291037,-65.375,10,120
"294",73.4965276957581,76.3088570656557,0.650589563472153,14.625,10,120
"295",89.6920657955132,110.508295314575,0.738513748694744,22.9166666666667,10,120
"296",90.0261536073453,103.912222572708,0.715670950561538,-24,10,120
"297",91.2458332381996,94.7224014335222,0.634372834372834,37.5833333333333,10,120
"298",84.7858208468059,89.1148603395266,0.780436354869817,-17.4583333333333,10,120
"299",89.0076073527801,78.7345222885108,0.74023310591293,22.7916666666667,10,120
"300",70.2510379519999,94.8970933871704,0.811830996532489,-3.70833333333333,10,120
"301",73.0041380105722,114.379849623961,0.909841337907376,70.8333333333333,10,120
"302",86.8035977556998,101.98937853195,0.836426739097631,14.75,10,120
"303",74.1617039538152,94.1432861829952,1.1026455888744,-52.0416666666667,10,120
"304",84.0813717974043,84.5901885563568,0.930683445876816,6,10,120
"305",83.4077584320947,89.637696683185,0.609816253545443,1.75,10,120
"306",92.1425526019331,93.4371446481537,0.741426611796982,7.91666666666667,10,120
"307",84.2339252716307,78.8056681548563,0.818872414424309,-33.0833333333333,10,120
"308",79.6268641853991,107.531778248727,0.915408958130477,47,10,120
"309",84.7381997684633,99.8692895739226,0.852780327367294,17.4583333333333,10,120
"310",91.7067904610486,70.5088646909025,0.602882145150931,-9.25,10,120
"311",87.541656750753,94.1178339458929,0.803278092746039,14.25,10,120
"312",81.8225977343668,104.17993248862,0.956398283695104,-3.29166666666667,10,120
"313",88.6454196034215,97.9876692922805,0.685934121836449,6.25,10,120
"314",80.9424306734937,83.6154391644669,0.580234159779614,8.45833333333333,10,120
"315",80.5220596068763,85.5891348244624,0.645777178796047,-1.5,10,120
"316",79.1283898694605,98.4270034086175,0.850377883850438,-0.375,10,120
"317",90.1925602068522,78.1651563464608,0.679211269699673,-29.7083333333333,10,120
"318",89.294806679896,74.9819422705672,0.762389724961079,-1.20833333333333,10,120
"319",84.1966324544317,101.809462559561,0.762272192827748,-3.66666666666667,10,120
"320",79.3733923721713,66.7691919975073,0.70356514084507,-4.79166666666667,10,120
"321",88.0105344073462,102.917240214326,0.754647014645137,26.375,10,120
"322",77.995392492121,92.5150888594216,1.00313021702838,-38.2083333333333,10,120
"323",74.305044131158,82.0540980085699,0.713480736234597,-23.625,10,120
"324",84.6936882732907,97.8996084432074,0.908635029354207,22.25,10,120
"325",88.4210452890035,88.2647532521712,0.943333333333333,-1.58333333333333,10,120
"326",81.940908586615,119.334089848626,0.800102726933134,25.7083333333333,10,120
"327",75.4206951041954,105.554093557127,0.794883303411131,-8.5,10,120
"328",88.6289667659507,93.894222399464,0.70546032357473,-24.5416666666667,10,120
"329",81.723747058816,79.5838132620782,0.804440389294404,-16.25,10,120
"330",83.9701707949515,89.9307604030271,0.643411268411268,1.20833333333333,10,120
"331",69.6153120129951,94.5039681706541,0.6991833030853,2,10,120
"332",84.5203994114242,84.4832330505093,0.659320759874265,-9.5,10,120
"333",77.5450809744457,104.594654101759,0.894192913385827,-20.0416666666667,10,120
"334",88.961953478252,107.604406663172,0.896867197253433,26.9583333333333,10,120
"335",82.5001262625296,91.4574126757002,0.743030118030118,-1.29166666666667,10,120
"336",82.658874800794,128.043286951458,1.05907685512367,0.583333333333333,10,120
"337",87.4277678048189,99.074256663037,0.794232391396036,7.375,10,120
"338",81.4720043941476,109.227972607753,0.79266300797073,41.9166666666667,10,120
"339",82.2164318531683,95.6375536422104,0.730434636571275,2.79166666666667,10,120
"340",76.4594800095667,90.7778882768265,0.87534654272668,31.7083333333333,10,120
"341",79.3545577351001,96.6751433065053,0.957334028501912,11.5,10,120
"342",82.4101151760713,85.4373552181168,0.813083470620538,-30.875,10,120
"343",77.6681643274772,71.3562073917423,0.646103636072401,4.29166666666667,10,120
"344",76.1897302790868,101.973852857812,0.706761006289308,10,10,120
"345",77.5830871818508,97.8549096026016,0.803182065958027,-1.25,10,120
"346",87.6998313377321,120.180766625391,0.767503943696153,22.6666666666667,10,120
"347",74.8273011674215,68.2037389004444,0.682029296177206,-12.9166666666667,10,120
"348",82.380848300237,82.4830790728216,0.644070583077597,11.875,10,120
"349",82.1313100061927,80.383196834496,0.660019455252918,7.95833333333333,10,120
"350",90.6770252967457,112.060623473785,0.788686987104338,-6.08333333333333,10,120
"351",83.4404727934831,102.993325026431,0.916768193632229,-22.625,10,120
"352",80.2793949279639,75.7600378387797,0.659185082872928,10,10,120
"353",71.6235820103965,112.407554609703,0.759050282921811,48.4583333333333,10,120
"354",68.8031612645814,107.84286408165,0.91382058287796,-36.5833333333333,10,120
"355",83.3057871139014,91.2875493518512,1.01130653266332,-9,10,120
"356",74.4913305917765,99.2123144238322,0.665846225972808,16.0833333333333,10,120
"357",78.94869114389,95.4945460920849,0.702107907383137,-6.875,10,120
"358",75.9785468624752,78.4585878027383,0.718422252621979,-9.41666666666667,10,120
"359",85.131699442687,95.1461594950982,0.697624225649137,-5.95833333333333,10,120
"360",82.1608559473427,90.1928489404786,0.679930441898527,-0.0833333333333333,10,120
"361",75.5823226687299,85.382228830126,0.734517824497258,-6.875,10,120
"362",86.8446889567808,70.4488585192597,0.726700774336283,-6.29166666666667,10,120
"363",80.219360713816,81.793948431409,0.666519564577817,-21.1666666666667,10,120
"364",74.4704919190592,93.610896801601,0.872454175152749,-15.8333333333333,10,120
"365",87.595126862172,101.377183494775,0.836640211640212,-8.83333333333333,10,120
"366",85.7494533510273,110.73316275323,0.71772759601707,-4.25,10,120
"367",94.2104249362387,123.480430298354,0.79909955827387,-11.3333333333333,10,120
"368",93.6796958613053,98.2511662356568,0.676885574066899,-13.9583333333333,10,120
"369",79.1450409059216,139.872263154637,0.672296024119088,44.0833333333333,10,120
"370",86.4016782244419,83.5927628446387,0.751020408163265,-5.16666666666667,10,120
"371",90.4318343652647,112.386424150488,0.75874114820435,17.125,10,120
"372",71.6300536320708,89.6660470858396,0.662750034969926,-8.58333333333333,10,120
"373",89.9067804265433,94.373151196019,0.772142857142857,-13.125,10,120
"374",95.7640329142419,76.983764522138,0.744892874937718,-14.25,10,120
"375",92.6685401489272,99.5751391328846,0.742537066454858,-14.5416666666667,10,120
"376",85.4876940461803,96.7716384071283,0.61065748745864,-3.25,10,120
"377",69.5491432969043,95.2529527101391,0.577305269186712,-18.7916666666667,10,120
"378",89.1390533567265,97.9955356125982,0.795854903652574,-12.4583333333333,10,120
"379",80.725938107484,77.5556251989499,0.800508459323254,16.0416666666667,10,120
"380",78.8682973908613,84.6709316511084,0.827651515151515,-16.0833333333333,10,120
"381",75.9593504228852,72.0274831806119,0.950856973995272,16.125,10,120
"382",84.2383770419793,105.034518135706,0.759178442781934,9.16666666666667,10,120
"383",87.9044225281072,98.2592234856352,0.847861321948134,-24.0416666666667,10,120
"384",77.9416181082567,96.4686909485836,0.787688172043011,37.7083333333333,10,120
"385",96.3678391200439,89.897858706423,0.696221368294153,-5.20833333333333,10,120
"386",81.8210700247803,61.4725548517385,0.705188679245283,-13.875,10,120
"387",82.3031743008737,93.3954406453192,0.858068659504904,-32.125,10,120
"388",74.6102372332376,91.3849458791399,0.636168559070019,-11.875,10,120
"389",65.8526606650534,97.5008546971085,0.63065355042967,8.83333333333333,10,120
"390",89.5975957638745,106.362195664939,0.631320609849731,25.9166666666667,10,120
"391",87.8676206005375,115.330322696736,0.867867867867868,-44.6666666666667,10,120
"392",91.7139461405225,97.7334811276736,0.70582948125321,-3.33333333333333,10,120
"393",86.0443199752314,106.638016985814,0.788359285985568,17.75,10,120
"394",74.4792336829535,99.6452039320843,0.755601687096349,28.5,10,120
"395",90.4727744499232,83.6166849378759,0.7265625,-9.25,10,120
"396",91.4170844718499,73.3819914329576,0.987248563218391,-39.8333333333333,10,120
"397",89.0931160827442,100.00833298614,0.808803348428709,-5.58333333333333,10,120
"398",82.8849604371424,96.9750827102852,0.703396671634377,-10.3333333333333,10,120
"399",74.6378059922271,83.6707336328938,0.789295233615554,-21.5416666666667,10,120
"400",70.140484030266,94.4949293172214,0.783811162079511,-23.125,10,120
"401",81.6839692554992,105.341508121601,0.924519874944172,-46.9166666666667,10,120
"402",92.2060080291228,70.3740008810072,0.703179594689029,-28,10,120
"403",83.1729498294568,109.612195185268,0.620751255310931,12.25,10,120
"404",83.3237286131628,93.0573299996656,0.7320826306914,20.9166666666667,10,120
"405",95.0415479321193,92.6570738440047,0.754168527616495,21.5,10,120
"406",89.6268305252395,93.8986599123402,1.11548576732673,-53.875,10,120
"407",77.3583382706738,107.054892461765,0.85203013813311,-1,10,120
"408",92.2206931767486,106.383739358983,0.710595623987034,-8.91666666666667,10,120
"409",79.4950863261372,90.8290518868642,0.871121511527128,-10.6666666666667,10,120
"410",81.94345102976,94.4585446990724,0.666575625151736,18.75,10,120
"411",86.0711309518664,71.4349937588948,0.795935352233677,-23.9583333333333,10,120
"412",90.1774292714092,93.4032476237666,0.68010752688172,2.16666666666667,10,120
"413",89.9393893130257,110.243480532864,0.827792792792793,-37.7916666666667,10,120
"414",71.1011603280847,63.5465708489976,0.676839237057221,9.91666666666667,10,120
"415",78.6786714004077,102.538813789381,0.569590307406192,-13.2083333333333,10,120
"416",82.3321524881582,66.4981202741852,0.669962586851951,-2.16666666666667,10,120
"417",84.8606701206945,102.642583755476,0.579857769222543,30.1666666666667,10,120
"418",80.1138512784566,79.367814635405,0.791347300289559,-14.3333333333333,10,120
"419",80.8789604903525,65.9867410924346,0.756819992035046,-17.5833333333333,10,120
"420",91.6439555198996,91.3222316853897,0.733463183623587,29.8333333333333,10,120
"421",83.9001763009669,90.6688112491464,0.680517622577708,18.8333333333333,10,120
"422",78.3184604675041,77.9412171661011,0.744972415020466,19.3333333333333,10,120
"423",91.9099990026475,101.104319063694,0.727792603888677,-10.5,10,120
"424",90.2307227796239,108.594045263388,1.088712346905,-57.25,10,120
"425",81.4814012520649,59.696454389408,0.858475894245723,-3.16666666666667,10,120
"426",79.4424582113788,101.285076228765,0.629500367376929,25.75,10,120
"427",80.0543435215521,72.7057425517407,0.794158923732095,8.625,10,120
"428",78.9833843286042,123.384561432944,1.03570411505055,-50.8333333333333,10,120
"429",77.1508938163821,89.5342113384599,0.742533304684143,3.04166666666667,10,120
"430",90.1385507612217,127.93113381816,0.802317240518962,50.125,10,120
"431",76.9709766730292,83.8729197456883,0.491882208039413,-4.91666666666667,10,120
"432",75.8097261789893,89.3135861258894,0.755076714801444,-8.5,10,120
"433",72.9995005690678,93.214582192559,0.713268281740691,-3.29166666666667,10,120
"434",77.4394925086677,74.3872188842501,0.864030883919063,-30.4583333333333,10,120
"435",75.7577691285411,86.3558529187995,0.772131291798662,-13.4166666666667,10,120
"436",73.0354508669135,81.9801805316383,0.67989010989011,1.91666666666667,10,120
"437",93.4322392610459,73.6087630652764,0.727217602217602,-8,10,120
"438",77.3066809316418,86.2791013706873,0.910160427807487,-2.25,10,120
"439",73.940361666233,97.4140646929385,0.712893318290084,7.58333333333333,10,120
"440",78.3023653325151,89.5,0.748305467690917,6.33333333333333,10,120
"441",95.6869352802844,99.5650959590425,0.7684564893761,-19.5416666666667,10,120
"442",87.7794940936283,108.718098769248,0.661661783854167,13.375,10,120
"443",75.8895167332089,98.2344135219425,0.712354551676934,-17,10,120
"444",84.6864929214413,86.8681951771379,0.918361140076469,-22.4166666666667,10,120
"445",89.6677896460039,93.5870806610969,0.88213834989746,12.2916666666667,10,120
"446",76.2545080634581,123.799737479528,0.653033680039624,31.7916666666667,10,120
"447",84.250680017038,102.334826264897,0.82422140622875,39.0833333333333,10,120
"448",77.2698194640055,107.421870833333,0.952602729224164,31.125,10,120
"449",87.4146011830975,94.2061126820689,0.648836985774702,-4.54166666666667,10,120
"450",77.2404929424975,92.2031272065469,0.892529013539652,13.6666666666667,10,120
"451",88.6058688801143,81.5485540439968,0.641001417099669,23.9166666666667,10,120
"452",95.6526376182765,91.3502873558699,0.604729318734793,-8.375,10,120
"453",84.0407887080236,100.407088063211,0.846044595938077,-12.9166666666667,10,120
"454",88.6611644596062,111.199895083883,0.733662566778482,1.58333333333333,10,120
"455",78.198598666046,76.3776254322342,0.783934964200477,-13.5416666666667,10,120
"456",77.2932052856739,104.17313313262,0.866385135135135,29.375,10,120
"457",83.7315900163533,114.604210219346,0.778385793535938,48.625,10,120
"458",86.3664672582286,95.9029457316093,0.756892620232172,-16.2083333333333,10,120
"459",79.5219440364314,104.661159621578,0.901934454304842,27.7083333333333,10,120
"460",89.1139836576355,102.402189104205,0.75213378324732,36.7916666666667,10,120
"461",80.2352011276846,99.710831909076,0.745152260002731,12.6666666666667,10,120
"462",86.4106595469178,88.3251568542809,0.85014985014985,-15.5,10,120
"463",70.9318187886555,97.4602483066814,0.840182648401827,6,10,120
"464",85.4635643612723,95.2649813240241,0.90685066535239,-3.16666666666667,10,120
"465",93.9998337764488,76.823932902883,0.97094298245614,-3.41666666666667,10,120
"466",85.7058316763412,95.9841566787631,0.725370610247553,-19.7083333333333,10,120
"467",82.2331543032776,93.8176422641286,0.583402260821616,52.25,10,120
"468",76.8477932886386,79.263800060305,0.836630504148054,-7.41666666666667,10,120
"469",65.6148007947394,113.466955542131,0.790145268943856,20.1666666666667,10,120
"470",68.9847507303848,92.5400814062029,1.0518018018018,9.41666666666667,10,120
"471",92.6213730733895,114.522741555262,1.16640684051398,-20.4583333333333,10,120
"472",88.3130676438468,95.8786124916988,0.808951890034364,28.5416666666667,10,120
"473",74.8575035205779,74.843447720336,0.732110629850208,-12.125,10,120
"474",78.1995311153888,111.837866276737,0.774106592729513,-28.375,10,120
"475",71.6473568947243,95.4869100976673,0.620860713825538,37.1666666666667,10,120
"476",88.0977203639988,101.557249864301,0.942330629770992,-37.0416666666667,10,120
"477",75.6853409408541,86.9417908718241,0.682293899128447,-19.7083333333333,10,120
"478",84.0733806465122,113.21826266111,0.823453951752632,4.45833333333333,10,120
"479",95.2219993838959,130.97375691336,0.975071080422421,-43.5416666666667,10,120
"480",81.657886432767,82.3895725602862,0.826504567436862,-15.4583333333333,10,120
"481",86.7927368312964,98.6206959348121,1.08549259681093,-26.875,10,120
"482",67.20150047928,108.121074109845,0.743279008218415,11.5,10,120
"483",87.6761916561921,85.79894132991,0.883779038357644,-10.625,10,120
"484",78.6839670242081,113.807952270481,0.860683254344392,11.6666666666667,10,120
"485",83.4618176173991,85.3614862413567,0.630674969867417,10.1666666666667,10,120
"486",70.4421305044077,70.5313169213979,0.84167757417103,-4.16666666666667,10,120
"487",79.7614281257969,103.017191122,1.02602049457995,-1.375,10,120
"488",85.9845552991931,83.9419442233738,0.639152565689916,-17.8333333333333,10,120
"489",89.249708216143,118.099357887049,0.686195470674181,-2.04166666666667,10,120
"490",78.0754843084563,97.2903729392928,0.663543599257885,-1.91666666666667,10,120
"491",79.7528735114499,106.966116130296,0.899491913553743,-44.1666666666667,10,120
"492",83.3819025128755,89.9414161181229,1.2126843123036,-67.4583333333333,10,120
"493",84.140940787863,70.8842953927972,0.697666666666667,17.5833333333333,10,120
"494",76.6497716891577,87.527852709866,0.773529623238424,8.95833333333333,10,120
"495",84.1578997084251,76.4610467275113,0.776882402707276,-27.2916666666667,10,120
"496",97.8853496018003,116.211911322951,0.650357267340537,19.5416666666667,10,120
"497",73.9921166972086,85.7639687359053,0.811654223051796,-12.375,10,120
"498",78.0335130996078,102.228706014178,0.763906035665295,1.20833333333333,10,120
"499",70.1085467923372,92.9217861070983,0.753740509155873,-13.7916666666667,10,120
"500",90.7882150942511,108.252983022794,0.708704390847248,-5.375,10,120
"501",86.2086857572948,89.2722894669262,0.62324688671261,23.0416666666667,10,120
"502",96.1119681239889,99.0016834873697,0.655063291139241,19.9166666666667,10,120
"503",83.5152181740949,77.2876122027327,0.821789797713281,-37.7916666666667,10,120
"504",84.676590625745,93.1768032649042,1.0533033033033,-23.1666666666667,10,120
"505",72.3495565524305,98.9840054419568,0.836469146482122,20.5,10,120
"506",86.504997447161,79.4769358577275,0.765497967479675,-30.8333333333333,10,120
"507",84.813827980269,106.2510784259,0.791011424731183,7.70833333333333,10,120
"508",84.976896369935,101.477624791544,0.742173196631271,30.125,10,120
"509",79.6364133630674,91.0315879241926,0.821428571428572,8,10,120
"510",88.6753794278134,103.433352132343,0.717193140794224,-21.625,10,120
"511",79.3575768279249,86.7654885308669,1.03028028028028,-7.91666666666667,10,120
"512",86.5078271988533,89.7554548017371,0.722262952101662,10.9583333333333,10,120
"513",82.16757521472,93.0588971207661,0.687852800694746,6.70833333333333,10,120
"514",80.2731015554609,88.9463789781986,0.56404397917359,4.70833333333333,10,120
"515",83.3397289212454,80.6556466301854,0.873575078616352,-21.5833333333333,10,120
"516",87.062836503298,93.6226913378019,0.939826896311761,43.125,10,120
"517",90.7479912541686,101.616107647033,0.808654496281271,-12.1666666666667,10,120
"518",70.6698603838062,140.080334094405,0.848885793871866,71.4166666666667,10,120
"519",71.8800360554538,105.803867289118,0.798744435169727,-23.0416666666667,10,120
"520",77.5372222441153,89.7589364167528,0.841964285714286,31,10,120
"521",71.9008286924891,73.0733079402687,0.678360013340003,-2.70833333333333,10,120
"522",81.8034356450469,82.7919078171291,0.876278944534195,-36.25,10,120
"523",76.2105088991451,88.9341985215286,0.665810621942697,20.7916666666667,10,120
"524",85.797970061457,91.7410304425815,0.773511904761905,-10.8333333333333,10,120
"525",79.3174003608288,104.160533152757,0.875756870051234,-6.83333333333333,10,120
"526",80.5102219182964,98.5425035200547,0.85512102014295,-2.20833333333333,10,120
"527",89.4095213050601,81.5416560211201,0.768216777672058,-14.875,10,120
"528",93.7605549613838,105.916633884076,1.05743759551707,-49.0833333333333,10,120
"529",91.0179698374631,92.6469553376328,0.766921316799528,31.0416666666667,10,120
"530",80.038076875947,93.6131222995295,0.740169701986755,-13.1666666666667,10,120
"531",72.708106494393,117.916283862747,0.723563623545999,50.5,10,120
"532",93.140854355111,110.746519885126,1.13222885855138,-55.375,10,120
"533",73.7843846397506,95.8471004604034,0.655537459283388,3.5,10,120
"534",88.6159198451384,127.610899482241,1.06560014461316,-69.0416666666667,10,120
"535",80.452625811716,101.943816225736,1.07434778528529,-42.125,10,120
"536",81.0086800904693,86.8878587605886,0.756530448717949,-13.8333333333333,10,120
"537",76.7470140570085,82.8600728135492,0.875972590627763,-19.9583333333333,10,120
"538",84.6243537641499,89.4403898321856,0.708169363066608,-0.416666666666667,10,120
"539",91.0962174480002,100.875748654801,0.731535189481825,-13.4166666666667,10,120
"540",87.8242207480374,104.581507288175,0.572425185670599,19.2083333333333,10,120
"541",79.2942174226259,90.4369024974503,0.7834853750362,-23.6666666666667,10,120
"542",72.674932633841,86.8717925067357,0.569538182727159,8.875,10,120
"543",75.2099838230714,109.650201398204,0.83966762021523,24.6666666666667,10,120
"544",84.0614854337784,126.720492949378,0.813218390804598,-3.66666666666667,10,120
"545",65.5362495112438,75.7935793234933,0.651716863087444,-28.4166666666667,10,120
"546",70.4225342723005,108.196002698806,0.560506687242798,21.7083333333333,10,120
"547",88.0427807943388,88.7663130547469,0.891233766233766,-14.625,10,120
"548",78.7642844187643,100.887726376073,0.76460231980116,-7.58333333333333,10,120
"549",79.7010691061711,63.9299747119195,0.844295101553166,7.45833333333333,10,120
"550",77.4045110657857,89.3266477597811,1.09469696969697,6.08333333333333,10,120
"551",94.0506844738516,64.8726316202244,0.653607318923019,-12.7916666666667,10,120
"552",99.6418586739529,91.8683387607867,0.68219696969697,-3.375,10,120
"553",78.8863898273967,107.043020946409,0.686690173145281,4.875,10,120
"554",78.0652104546791,120.688303769117,0.709967845659164,22.4166666666667,10,120
"555",85.6286191449253,100.404183179786,1.1286532385466,-11.75,10,120
"556",79.4273777316948,90.7833960589711,0.838472939376554,-32.5416666666667,10,120
"557",90.8445329486957,96.3243219545303,0.679770555779841,34.7916666666667,10,120
"558",78.1225666287704,109.612575312629,0.762166788945952,2.16666666666667,10,120
"559",89.0159746899398,86.1094265068194,0.721276765739853,25.5,10,120
"560",77.4257036347319,80.4971531587712,0.871262538580247,-34.125,10,120
"561",82.0345455687216,91.7759954091119,0.668687810945274,-10,10,120
"562",75.9960936496081,82.887725267376,0.758302663862601,0.791666666666667,10,120
"563",80.4842117022546,96.6779447443935,0.839829749103943,5.95833333333333,10,120
"564",80.00690074404,69.7961316979673,0.668719001197195,13.8333333333333,10,120
"565",71.7020019478768,80.3469041096171,0.626837121212121,6.04166666666667,10,120
"566",66.430963538599,115.287864351226,0.550169122416829,13.7083333333333,10,120
"567",70.7063322246789,89.8737540479236,0.743304512863771,11.7916666666667,10,120
"568",70.4456054934113,63.3804649188796,0.673896499238965,-4.58333333333333,10,120
"569",81.4484115867216,113.609895402352,0.987310108092317,-66.7083333333333,10,120
"570",77.1322592477795,75.6733660764032,0.803855721393035,-1.20833333333333,10,120
"571",82.9940384405209,113.646014741682,0.732536288232245,48,10,120
"572",79.4646147665739,97.8678956553169,0.713708106001559,-7.79166666666667,10,120
"573",91.3812982325523,100.255091308788,0.639112198531982,0.916666666666667,10,120
"574",67.7273947527882,117.269809982507,0.831010757194747,43.375,10,120
"575",91.5379588840972,93.9835978597684,1.04307616221563,-20.5833333333333,10,120
"576",82.6569214686022,79.4470473544066,0.795395227442207,11.75,10,120
"577",83.4440306433001,115.076785959057,0.615097386214552,8,10,120
"578",78.8630801875419,105.430862021832,0.604735618826264,9.58333333333333,10,120
"579",86.0569094649969,105.63025134875,0.700218692449355,-12,10,120
"580",77.0459143411685,102.918657200723,0.71246674268339,12.9166666666667,10,120
"581",76.3472740181337,88.004261260464,0.837669094693028,-1.08333333333333,10,120
"582",88.9051460827775,101.925013285912,0.727443741209564,3.79166666666667,10,120
"583",78.2314275083869,83.8142788153268,0.669542648709315,-1.5,10,120
"584",87.4786283423938,105.455361804573,0.728787878787879,-26.5,10,120
"585",79.4119664576232,90.3968104157073,0.636794171220401,16.6666666666667,10,120
"586",87.1266439347536,81.1146308216547,0.727294341417023,-7.16666666666667,10,120
"587",82.5373652757747,109.261345711403,0.805486164488855,22.2083333333333,10,120
"588",86.5431611971737,84.900677264672,0.859039769754055,-9.20833333333333,10,120
"589",93.3825577039595,89.1125225019843,0.694558154645874,-1.375,10,120
"590",79.1804373988087,61.7758043249944,0.722015695993391,-7.33333333333333,10,120
"591",80.1969580678303,93.68497745103,0.712713254593176,-6.70833333333333,10,120
"592",79.6787168362209,79.4661877781991,0.707753824756606,19.7916666666667,10,120
"593",82.446194575614,88.0728864823524,0.773642868253227,-3.83333333333333,10,120
"594",71.6595684469283,102.189978308378,0.766135944092827,-20.125,10,120
"595",79.8080379201661,113.521106701206,0.820425025720165,19.4583333333333,10,120
"596",91.7042347259202,73.5240890230315,0.649107556791841,-16.625,10,120
"597",89.1562299187967,103.134822764509,1.02618864374893,-18.4583333333333,10,120
"598",89.6521053852055,94.6015768015171,0.743315239244069,-31.625,10,120
"599",77.5571697738728,80.9338721838185,0.672583713850837,-15.7083333333333,10,120
"600",83.8073808404327,65.6794615284464,0.755372423181641,19.375,10,120
"601",84.2917181578356,118.760964406099,0.890723270440252,-11.5,10,120
"602",87.530054362297,74.2571545374585,0.688433448219268,-20.625,10,120
"603",61.1782743300267,115.602047271375,0.978576779026217,-15.25,10,120
"604",82.3718701985089,85.0350417965049,0.742904178019982,-15.2916666666667,10,120
"605",75.3863659202821,104.823860197317,0.659936621485944,31.125,10,120
"606",77.7932623474981,69.0543264394057,0.594596841230258,-29.1666666666667,10,120
"607",91.0078407794259,94.9019230574386,0.874325075432746,-51.125,10,120
"608",71.7797557347009,53.1381846384186,0.618444444444444,6.08333333333333,10,120
"609",81.5968877061701,115.77006665513,0.677106847253574,14.7083333333333,10,120
"610",87.3760431506638,103.964537223036,0.645301689917205,8.20833333333333,10,120
"611",81.3090810836444,80.541914553852,0.738380450407283,5.33333333333333,10,120
"612",83.1244674168402,80.5600190334304,0.595229055935206,0.916666666666667,10,120
"613",74.6589467735337,107.723991447279,0.85635784716516,-10.2916666666667,10,120
"614",75.4801988382825,106.57059475609,0.834606903892944,22.7916666666667,10,120
"615",76.7410418224824,95.890997144327,0.756345533585752,-16.5833333333333,10,120
"616",85.3336588535458,77.9061935920373,0.970296758650898,-8.45833333333333,10,120
"617",88.8297763515515,82.1533119640752,0.74630393673715,-34.5,10,120
"618",77.6183907545972,99.252204005755,1.02563358483266,-19.0833333333333,10,120
"619",78.6904536776857,105.332410333509,0.677127143319314,-21.0833333333333,10,120
"620",90.7657814560825,66.6711456828714,0.751389674015451,3.95833333333333,10,120
"621",82.7625242284614,88.1837570077392,1.20337725546059,-67.5416666666667,10,120
"622",78.4512189197848,87.0928623175669,0.612376055820786,27.75,10,120
"623",85.7850997162872,106.648566172578,0.693685897435897,18.1666666666667,10,120
"624",82.1590175614744,113.156970620462,0.896136865342163,34.5833333333333,10,120
"625",74.101492899941,88.0201208057945,0.919978983918129,13.5416666666667,10,120
"626",90.0514320633862,81.6218414396539,0.817916191562144,-21.5416666666667,10,120
"627",80.5251642862859,69.9410466035503,0.647715196599362,-6.25,10,120
"628",80.9928623398383,89.0568638567517,0.780192958179582,23.125,10,120
"629",85.2132129817123,115.444070152318,0.963682170542636,-26.3333333333333,10,120
"630",94.0162884823688,100.75175763562,0.65125294628458,35.9166666666667,10,120
"631",75.6746049433582,119.05180945006,0.902636838868389,54.75,10,120
"632",76.5714535580983,82.353405110738,0.751251117068811,20.5833333333333,10,120
"633",67.4528384626375,81.4291614431423,0.618108701814059,-13.2083333333333,10,120
"634",74.2022152634273,90.9713782827691,0.806412818235642,-24.375,10,120
"635",83.6342483675199,91.6369648849924,0.801477252129781,-2.08333333333333,10,120
"636",79.6900244698168,88.8495920080672,0.770159453302961,-1.66666666666667,10,120
"637",76.9597432644713,99.0313502550245,0.910251680603378,-0.625,10,120
"638",85.3957088110013,109.295280471452,0.774475870253165,26.625,10,120
"639",82.1933061954155,104.600828549937,0.791043225270158,37.3333333333333,10,120
"640",73.5827198917427,108.344935276182,0.910903130287648,-0.291666666666667,10,120
"641",85.4731926785625,83.7045896790214,0.758001134338033,-25.2083333333333,10,120
"642",77.5881890711037,101.39547162801,0.818719298245614,45.9583333333333,10,120
"643",88.8659453896711,91.0601907165438,0.790918709865733,-17.625,10,120
"644",87.2361498080545,96.3675688877401,0.773067576042647,-15.5416666666667,10,120
"645",75.4314672401379,105.576986128607,0.617137510563805,34.9166666666667,10,120
"646",80.9325851146084,69.6048369966724,0.700052029136316,-19.4166666666667,10,120
"647",86.3220110014435,85.3231602008896,0.767527445109781,-9.79166666666667,10,120
"648",86.8445090377049,100.495853977498,0.73546511627907,-14.3333333333333,10,120
"649",82.4208585047903,62.3875655345946,0.739477311280746,-17.375,10,120
"650",77.8148175692351,102.875329080073,0.705718270571827,-14.25,10,120
"651",101.371275106248,91.775768406844,0.779079861111111,-6.54166666666667,10,120
"652",76.2300520354888,94.4219254198939,0.585956343463579,53.9166666666667,10,120
"653",93.4173542942281,89.7844641349493,0.792940499671269,6.66666666666667,10,120
"654",71.7458622500281,91.5905744786729,0.949799196787149,37.5833333333333,10,120
"655",102.274396030157,77.2096712422306,0.656010029775897,1.41666666666667,10,120
"656",88.0040245291846,93.5318573178857,0.66260366506153,34.9583333333333,10,120
"657",82.4043005552501,107.752996864743,0.552793103448276,-28.2083333333333,10,120
"658",74.1987758209887,88.2045444785396,0.824935556629612,-2.625,10,120
"659",82.1084141039557,98.8968317659031,0.689743052646278,5.41666666666667,10,120
"660",89.4666488139575,67.0739641490397,0.8342690444738,-0.0833333333333333,10,120
"661",80.3388656462943,125.006499831009,1.02939979277679,19.7083333333333,10,120
"662",95.7835559129715,80.2779027296221,0.882514058561179,-27.4583333333333,10,120
"663",75.3185595764196,75.6929102800696,1.00534018987342,5.25,10,120
"664",79.5587440197493,86.5406937034056,0.780846573982125,-12.9583333333333,10,120
"665",89.9535759896922,99.1282838884375,0.696095458638878,3.33333333333333,10,120
"666",91.1636577809381,93.8937786366417,0.725646641635378,-18.0416666666667,10,120
"667",73.9463487942441,121.080035513705,0.906315240083507,26.375,10,120
"668",72.8420093993386,74.3281014601252,0.888940907199334,16.0833333333333,10,120
"669",75.8733868581951,75.1867120352171,0.673894348894349,-13.7916666666667,10,120
"670",92.0073026992966,84.521446982408,0.663571784646062,-6.20833333333333,10,120
"671",86.5277532548565,79.8702072114502,0.619851675274798,8.5,10,120
"672",75.7602440817962,105.991548405207,0.995577977080219,39.625,10,120
"673",86.5734875698097,102.262937241864,0.726764397218943,-17.0416666666667,10,120
"674",88.249409818612,98.8905118468568,0.604428634458416,-4.25,10,120
"675",73.1827763206617,76.9277258210588,0.729599538270289,-10.7916666666667,10,120
"676",86.4091526787913,82.4835842253879,0.709028403967538,9.625,10,120
"677",88.5573613540964,80.9230601662262,0.729597276902887,-28.4583333333333,10,120
"678",93.329947855266,88.0217776083472,0.691284538506761,-9.83333333333333,10,120
"679",85.432539175656,101.117093840095,0.753815188656573,22.5,10,120
"680",81.7187121574163,81.4524401107788,1.08997627520759,7.16666666666667,10,120
"681",75.2137925073143,96.0791774180719,0.691470709570957,24.0416666666667,10,120
"682",80.0468612751306,72.5080455305938,0.816796790284103,-16.25,10,120
"683",88.0029000469113,89.0051496637507,0.865992677650191,-43.75,10,120
"684",72.7346060459989,114.02777439437,0.770431199909696,-15.1666666666667,10,120
"685",95.81117497453,100.043323948511,0.725142705429444,12.5833333333333,10,120
"686",78.0026041231958,78.3382090681169,0.827078349282297,-32.5416666666667,10,120
"687",80.0516760182654,70.9665414121331,0.904314544189283,-14.0833333333333,10,120
"688",86.3636328748006,93.834961501564,0.698722910216718,26.5833333333333,10,120
"689",84.7993956346388,90.2323389921817,0.68722059234423,-14.2083333333333,10,120
"690",83.0143687361813,103.071779196183,0.884157509157509,-21.9583333333333,10,120
"691",75.8034052665182,84.6979928923939,0.815343915343915,-3.16666666666667,10,120
"692",74.4031809355846,77.6469037802968,0.827805621069182,0.0416666666666667,10,120
"693",68.1173925416018,106.878240691608,0.910823890462701,11.625,10,120
"694",87.1399138359302,105.986044678848,0.743865331762858,6.875,10,120
"695",69.5260742455663,94.3749172185067,0.764784372331341,-13.125,10,120
"696",75.9134649892011,91.7771304120295,0.657672610015175,-7.79166666666667,10,120
"697",83.0367639462586,111.137864834628,0.771829160343955,-27.375,10,120
"698",71.2393997962738,86.2757208025526,0.720775849280522,19.5833333333333,10,120
"699",85.6642549919938,111.329840264564,0.840438489646772,-17.25,10,120
"700",106.449763190593,104.181532272599,0.81518479776848,4.875,10,120
"701",81.4523761675087,110.784513057256,0.750646116994453,14.625,10,120
"702",80.7357443556859,92.2076461037803,1.01508742244783,7.66666666666667,10,120
"703",80.130167540072,113.059350195668,0.674453280318091,40.6666666666667,10,120
"704",85.4460112195609,73.4047001219949,0.804764563558533,-23.1666666666667,10,120
"705",76.021926661545,116.146818007784,0.743661316585252,12,10,120
"706",72.5725212000612,104.995833250658,0.845687877448814,6.375,10,120
"707",78.1846105914286,87.7999620349197,0.657442480359147,23.25,10,120
"708",77.9843066477694,103.857474454177,0.716786968396411,45.125,10,120
"709",80.0594830943426,100.961832722404,0.707035494386092,-4.70833333333333,10,120
"710",76.2915187509944,94.0713381783562,0.694571865443425,-28.25,10,120
"711",89.7149420851027,98.4331414378985,0.756959869687546,-18.75,10,120
"712",88.3455573302925,111.409155817644,0.681666010240252,6.91666666666667,10,120
"713",80.9358027492572,89.4077737112383,0.891271632806622,-2.66666666666667,10,120
"714",92.4913284223626,144.57120506288,0.718815015829941,6,10,120
"715",83.0807212895988,100.867487328673,0.891332130506691,-43.9166666666667,10,120
"716",85.7161011712502,77.9764921840764,0.60190784737221,11.3333333333333,10,120
"717",86.4148786378827,137.820535480022,0.681279620853081,15.0833333333333,10,120
"718",73.1175566012249,78.6498039836506,1.04564056939502,5.04166666666667,10,120
"719",94.9010998355657,93.1287191651068,0.778056861906798,-27.2916666666667,10,120
"720",80.2643419167773,86.5794432876534,0.669547241426054,1.16666666666667,10,120
"721",86.5460498809738,93.4875214489435,1.23903225806452,-41.1666666666667,10,120
"722",80.3598028660267,87.7451328184836,0.813145597638957,-25.375,10,120
"723",82.4247131225419,103.907611206623,1.02440789473684,32.7916666666667,10,120
"724",82.701899413899,109.083874457532,0.659285071942446,-7.79166666666667,10,120
"725",73.6181731413288,83.7652971104383,0.688945875163684,-1.04166666666667,10,120
"726",80.5227711064806,103.542261903051,0.858397365532382,38.5,10,120
"727",91.1381163399815,103.808116253018,1.02962634952767,-32.4583333333333,10,120
"728",90.2160601001839,97.749893435577,0.767595038896228,-2.125,10,120
"729",80.1627251283288,94.9581047971508,0.789146090534979,-32.2916666666667,10,120
"730",89.1142174403165,107.813303137105,0.83455642530985,-15.7916666666667,10,120
"731",74.5377421176681,79.4126879031304,0.672943777110444,20.375,10,120
"732",78.6278815052269,88.6178593738305,0.82060878243513,-0.125,10,120
"733",76.2297104152967,93.3829481222348,0.712264463906582,8.45833333333333,10,120
"734",94.3700053865987,88.2368970442637,0.681969182923381,-3.83333333333333,10,120
"735",89.6292711674038,117.203882188262,0.958333333333333,28,10,120
"736",69.2050094525919,89.0746409853369,0.695770781206561,-2.54166666666667,10,120
"737",85.9340832654114,102.601169583977,0.778361067089276,35.0833333333333,10,120
"738",77.2307149606511,83.8339131855361,0.748806818181818,14.875,10,120
"739",83.3497275540438,82.4621125123532,0.702472089314194,-13.8333333333333,10,120
"740",71.1152966433148,78.5954833307869,0.719630821078431,-8.5,10,120
"741",80.9266643325919,87.4707093831987,0.775,5.125,10,120
"742",72.9364020911369,109.381785503803,0.589943307244632,22.875,10,120
"743",83.8496297944521,78.4585878027383,0.808707005222402,-30.25,10,120
"744",83.7279199749602,123.000169376577,0.846172294704528,-3.875,10,120
"745",71.4679415309177,94.4206015655482,0.639368895567243,-22.75,10,120
"746",76.9641420836136,115.581861322037,0.70068306010929,60.0833333333333,10,120
"747",78.185876282101,83.5718253958833,0.712487077241176,-23.5833333333333,10,120
"748",79.9335661659105,76.9932356336148,0.748537576839183,20.2083333333333,10,120
"749",77.1141605024654,86.8775479242671,0.939400542320356,-50.2083333333333,10,120
"750",78.8873141470372,124.055263223022,0.73485709645989,39.0416666666667,10,120
"751",83.3759682602447,103.523346803189,0.766990291262136,11.5,10,120
"752",79.5705268928138,100.103696235454,1.25473168559341,-55.75,10,120
"753",84.4897676250404,87.499523808228,0.80199605717102,-20.9166666666667,10,120
"754",91.8919768895341,100.588891036734,0.71837447753396,-32.375,10,120
"755",88.891846738982,85.0149496657304,0.741129287181919,-42.125,10,120
"756",90.5264694256142,107.178589279762,0.987064796905222,-70.75,10,120
"757",85.8419696302456,90.3792933512244,0.764951954937044,-24.3333333333333,10,120
"758",84.1086846486933,90.7989996273821,0.878046069014586,-0.0416666666666667,10,120
"759",87.9854391362571,77.9941237102728,0.705752920467275,-12,10,120
"760",83.3942069330958,116.175155117894,0.90257429886982,-12,10,120
"761",82.9675513880778,90.1910010292971,0.888761077027948,-41.8333333333333,10,120
"762",70.7706094835043,86.3155547974987,0.932070283370619,-12.4583333333333,10,120
"763",85.0993904208485,109.129510216073,0.832787481804949,-57.1666666666667,10,120
"764",86.1102128089346,100.42907945411,0.581268582755203,17.4166666666667,10,120
"765",84.2698418771508,118.860913115568,0.979166666666667,-49.4166666666667,10,120
"766",71.7305432387998,82.8744029641642,0.768627450980392,-28.5,10,120
"767",90.6299711280251,72.4240981994253,0.69260226283725,-14.5,10,120
"768",82.0608894866083,119.269827142772,0.613780135485156,37.7916666666667,10,120
"769",99.1405778007505,92.6132189988737,0.9458380574452,-25.4583333333333,10,120
"770",78.0089471364236,78.5671156824957,0.682654185022026,9.45833333333333,10,120
"771",79.5535720966276,94.0465310365034,0.857456140350877,20.5833333333333,10,120
"772",77.6412020128488,109.819738662956,0.864513305322129,-54.2083333333333,10,120
"773",84.6916588769717,84.1843215806839,0.650553250345781,9.83333333333333,10,120
"774",86.2176871838565,96.7658255790752,0.783038194444444,-9.29166666666667,10,120
"775",84.2611268616792,85.9852215984429,0.804745535008693,-21.2916666666667,10,120
"776",81.9881215990056,98.3558590018917,0.768057927697125,13.9583333333333,10,120
"777",83.4581981193779,86.4113225605688,0.786224489795918,-12.0833333333333,10,120
"778",83.5399106216105,82.2166852490012,0.627632144391921,-33.4166666666667,10,120
"779",72.2629746135599,73.3717702298825,0.598201754385965,17,10,120
"780",71.7356983423641,85.0012254813619,0.850760028782155,0.708333333333333,10,120
"781",91.323600454647,85.6553170172952,0.611045674649915,-30.5,10,120
"782",91.0714577497619,97.2098246063637,0.877381554543922,-7.08333333333333,10,120
"783",83.6171832420426,122.743635272873,0.69358895390617,-14.3333333333333,10,120
"784",80.2433797892387,84.3963861785562,0.727011494252873,-39.9166666666667,10,120
"785",84.1605608346332,80.9817366241714,0.659901103955842,4.875,10,120
"786",91.5465500897403,117.780869980372,1.00917669787487,-41.9166666666667,10,120
"787",91.4035238197449,76.7341188781105,1.03393596299002,-2.95833333333333,10,120
"788",89.2485410711757,93.8387357829022,1.12961506188378,20.125,10,120
"789",75.9904050960821,91.2188302928732,0.824510029092023,5.54166666666667,10,120
"790",90.0717884985823,110.242913604458,0.733691756272401,1.83333333333333,10,120
"791",82.9583856520846,88.3093520906289,0.838602505501947,4.875,10,120
"792",81.542294751456,101.815192055672,0.748962516733601,13.4166666666667,10,120
"793",81.9110289684281,87.1457113115729,0.888019186169091,-6.04166666666667,10,120
"794",89.5794572804874,94.6836839165017,0.766501294219154,-0.0833333333333333,10,120
"795",78.1444309169459,80.7478069877649,0.614950177450177,3.95833333333333,10,120
"796",90.3724930496,96.6324652139918,0.768304843304843,3.33333333333333,10,120
"797",84.6867389264695,87.7301734486678,0.827721361125958,21.4166666666667,10,120
"798",93.4402103843236,67.3656069519158,0.685478404028666,-11.0416666666667,10,120
"799",82.8143002948967,86.927891573035,0.867474399717514,-11.2916666666667,10,120
"800",80.9482216193372,109.632340119145,0.733017203352448,-27.5,10,120
"801",94.160932716281,57.4699196681766,0.619100294985251,-23.7916666666667,10,120
"802",89.4049774900704,118.259249109742,0.68933908045977,-22.5833333333333,10,120
"803",88.2972607162872,107.372598925424,0.630882508460237,8.29166666666667,10,120
"804",86.6420437778334,95.5187590650828,0.742513550135501,-20.4166666666667,10,120
"805",69.5998233953698,112.96053883252,0.721590909090909,34.5833333333333,10,120
"806",75.5424135833639,83.0454192997222,0.684054957599478,-8.04166666666667,10,120
"807",79.9108878689256,85.1596539839534,0.746312684365782,26.4166666666667,10,120
"808",78.9295572013425,96.6546687956666,0.600940326494595,-5.95833333333333,10,120
"809",74.3502409769688,76.142410433783,1.19618473895582,-38.6666666666667,10,120
"810",71.9373280478686,79.6960371243974,0.926009785550697,-11.5416666666667,10,120
"811",84.2151881590647,85.0737425218067,0.863253680177455,-0.791666666666667,10,120
"812",83.5549968583567,91.9370255482886,0.71444339325134,34.4166666666667,10,120
"813",80.4858942092754,104.862012505324,0.804182054438517,-20.625,10,120
"814",82.7013955948346,120.27797664854,0.749956926257753,48.0416666666667,10,120
"815",74.5972519601091,75.450314777342,0.692948717948718,-6.66666666666667,10,120
"816",88.4667428095628,100.902386823438,0.649181829668941,42.5416666666667,10,120
"817",79.6039676565601,102.671807230612,0.640644681094698,-8.83333333333333,10,120
"818",83.564471118612,117.37102850931,1.08826164874552,-43.7083333333333,10,120
"819",66.1704711332782,95.5135243477767,0.646839921913128,9.83333333333333,10,120
"820",82.2213729310492,110.805948997937,0.700233434582068,-11.0416666666667,10,120
"821",81.7464958474266,92.014038783945,0.847467320261438,24.25,10,120
"822",79.2528259222765,108.059782836477,0.758948545861298,-0.25,10,120
"823",76.4188703789843,84.5965917359165,0.604970275127886,-5.83333333333333,10,120
"824",98.7463079478587,119.398143480821,1.08578317001089,-12.3333333333333,10,120
"825",73.2274567130845,104.794640448196,0.659771876064011,1.58333333333333,10,120
"826",79.02709187361,82.3430324921301,0.645398894154818,14.7083333333333,10,120
"827",80.4939826943605,96.9806681767042,0.811407847016156,-23.1666666666667,10,120
"828",84.1957664216755,86.727062289307,0.680921052631579,12.75,10,120
"829",86.5450268164882,79.4268531417429,0.714905242243619,-14.375,10,120
"830",82.8146776443242,131.267697219588,0.90586299048364,32.875,10,120
"831",77.717101828791,85.1821577561874,0.733925895654543,-4,10,120
"832",87.3078246779749,125.632897761693,0.743129711055276,15.625,10,120
"833",70.3782932918003,132.237318232537,0.694888402871243,41.0416666666667,10,120
"834",72.8168364230874,87.5249964295915,0.948115413393191,-26.875,10,120
"835",89.8167694995391,84.413417179972,0.920461053837343,-7.54166666666667,10,120
"836",81.4394585975783,92.4792769579578,0.789909197422378,-13.8333333333333,10,120
"837",82.4554804121594,90.1873050933445,0.740700535533362,-31.4166666666667,10,120
"838",85.153354308565,82.5083329125004,0.742008325479108,-24.4583333333333,10,120
"839",75.1228854389038,109.676987862845,0.64835776330076,-2.125,10,120
"840",80.6421493389158,105.203176441272,0.870479037496309,-16.4583333333333,10,120
"841",79.8051011318617,112.278300070257,0.91024794600939,4.58333333333333,10,120
"842",95.7960615926702,105.727834556469,0.860903460059804,-45.375,10,120
"843",69.3495073282188,99.5860180949113,0.634975498774939,36.2083333333333,10,120
"844",93.8207510806289,89.3944908817093,0.871424508369901,-15.5416666666667,10,120
"845",72.5896715564044,93.1953593265244,0.765248767043806,44.125,10,120
"846",81.6156515830961,98.9595877113481,0.952150537634409,12.25,10,120
"847",89.051541723506,105.732957649606,0.85831211992646,-53.125,10,120
"848",83.2979091374247,102.036349732175,0.771350676652214,-37.5,10,120
"849",84.1725657998693,91.8048201348927,0.673376972740316,-22.5416666666667,10,120
"850",89.0187246220329,72.954609175843,0.71861317342471,-30.5416666666667,10,120
"851",83.5595471305743,101.230965288954,0.669702211368878,11.625,10,120
"852",81.6939792763212,107.59046581056,0.892585757707338,24.875,10,120
"853",93.3846770978337,86.0840190356685,0.839327780582198,-19.0416666666667,10,120
"854",75.4532139805853,100.941195752775,0.843807234432234,-41.125,10,120
"855",84.420574111607,97.8229693545097,0.738919485969053,-2.75,10,120
"856",74.8474838143096,84.8314505357535,0.719208971902937,4.125,10,120
"857",88.6801955530846,111.621197210327,0.659086895090074,44.625,10,120
"858",77.1855853338778,69.1173518975759,1.00276390870185,-0.375,10,120
"859",75.9247846007262,79.6481847460024,0.821428571428572,6.41666666666667,10,120
"860",76.8039305634809,101.904366932924,0.736099810143748,-36.75,10,120
"861",90.602669662654,88.4241671339534,0.906718489727929,-0.333333333333333,10,120
"862",78.4792966329337,88.2798580273741,0.701238925802879,-2.16666666666667,10,120
"863",89.6834130892292,104.440972164504,0.864924650905572,25.3333333333333,10,120
"864",90.8635079849624,107.60847240498,0.830555555555555,-34.5,10,120
"865",71.5802288810721,90.420775636281,0.638888888888889,7.5,10,120
"866",80.861442707057,84.5305664636566,0.817416203469766,-3.83333333333333,10,120
"867",68.683376809822,100.299759055875,0.649647104590419,13.375,10,120
"868",81.8052820218026,80.2420816446499,0.783964768339768,-23.9583333333333,10,120
"869",86.9921572135481,98.8985170094409,1.03828327771598,22.4166666666667,10,120
"870",80.0880374962453,80.2205293757984,0.733262486716259,-1.33333333333333,10,120
"871",79.2611059515742,84.8712259838398,0.589714714714715,-15.2916666666667,10,120
"872",80.5444364931558,116.371173406476,0.632060148800168,33.75,10,120
"873",81.9140810036142,122.88578708161,0.735502397680384,17.8333333333333,10,120
"874",99.4869652266064,92.2336254663486,0.658737136902436,-26.875,10,120
"875",97.0967623044147,100.762096048068,0.748128957973518,-40.0833333333333,10,120
"876",93.8228605760167,125.218475740071,0.740137865137865,46.75,10,120
"877",68.436329898673,95.1214136424251,0.862270183852918,50.4166666666667,10,120
"878",77.0342185871534,108.849858367692,0.698931886431886,6.875,10,120
"879",93.7282752606348,102.703862309717,0.91733270647234,-52.9166666666667,10,120
"880",80.0912890602551,112.41014930453,0.66327923750644,10.9583333333333,10,120
"881",83.0634170378272,87.2353139502575,0.877735576053536,-30.3333333333333,10,120
"882",77.8811193422385,102.434938700946,0.621904588492353,12.5833333333333,10,120
"883",89.3437882563752,90.6869615766236,0.800475014961101,-40.125,10,120
"884",70.8168853452339,107.816974544828,0.800421389131067,6.58333333333333,10,120
"885",76.4661553673693,86.7491594579836,1.14683433433433,-32.8333333333333,10,120
"886",85.1608771678639,88.9754179534999,0.756668895824045,-8.70833333333333,10,120
"887",76.4716042070519,95.0149111104848,0.712575693564287,-8.75,10,120
"888",80.4425260667515,87.8948235108303,0.712418300653595,-10.0833333333333,10,120
"889",89.4506963826069,75.3292771769383,0.647441618325152,0,10,120
"890",75.0315211538902,113.341298739692,0.747336647727273,21.0833333333333,10,120
"891",88.0062734506277,59.2572077191177,0.936328846661388,-12.8333333333333,10,120
"892",80.9652703324086,103.614871841192,0.981004599967143,-15.5416666666667,10,120
"893",86.236351577124,91.6262789815236,0.655541185833665,17.7916666666667,10,120
"894",83.3816526581238,88.4225178711094,0.654520423811515,44.2916666666667,10,120
"895",80.1292575571911,87.4499857061166,0.767226005188067,-31.6666666666667,10,120
"896",84.3889186050712,104.459721104995,0.708128078817734,18,10,120
"897",82.9912143944566,88.4670371758129,0.800510826471485,-22,10,120
"898",82.7258272850746,118.387428949755,0.736614401858304,48.8333333333333,10,120
"899",78.8934539954573,99.9089168526347,0.784939148073022,-66.2083333333333,10,120
"900",85.1816074631138,96.9548864163122,0.733958505083814,46.4166666666667,10,120
"901",80.252790709524,92.9116964291005,0.751548806285887,-4.33333333333333,10,120
"902",77.1689839464881,84.1055883993448,1.00781404549951,4.16666666666667,10,120
"903",78.2019953922746,73.0399434099817,1.08591780131114,-22.8333333333333,10,120
"904",77.4354569948418,115.906212085462,0.715693853884809,-7.83333333333333,10,120
"905",64.5928756391394,73.9061905390881,0.878848039215686,-21.125,10,120
"906",74.7978525761268,62.5836107406191,0.742281916062404,-24.7916666666667,10,120
"907",80.9004017295341,79.1996422550843,0.909701492537313,-39.25,10,120
"908",81.369399448851,76.2569668948353,0.874298296554394,-14.2916666666667,10,120
"909",99.0828252019491,72.1771547421112,0.985814950980392,1.875,10,120
"910",70.6060815369328,92.1007147999768,0.752784267912773,-5.125,10,120
"911",83.3381040301094,76.1366644046524,0.638176479333928,-2.04166666666667,10,120
"912",89.2348843408974,100.419329148659,0.829644006154707,13.4583333333333,10,120
"913",89.7522632026625,74.4087808438404,0.697485207100592,5.5,10,120
"914",86.1416590080936,81.294475007018,0.756830260754027,-20.2916666666667,10,120
"915",78.4852693185161,95.2341412869705,0.75980701754386,-26.0416666666667,10,120
"916",79.4192461980512,78.192604083336,0.64588598708228,2.58333333333333,10,120
"917",76.1920544851408,83.0662386291807,0.7319309600863,16.75,10,120
"918",87.86115941264,82.1931160945571,0.575445218737902,-29.7083333333333,10,120
"919",74.7736863252486,97.8661926646105,0.949722515856237,-6.20833333333333,10,120
"920",72.9295464815187,95.8292752763997,0.653510473235066,-1.16666666666667,10,120
"921",82.8564270289276,119.099048414894,0.750824208171435,9.25,10,120
"922",93.681530552541,93.3387647229167,0.727660537679343,-10.875,10,120
"923",78.9632694147517,117.397472999493,0.802357261312485,-3.58333333333333,10,120
"924",74.9385164651663,84.6187528467144,0.857907670703879,-13.3333333333333,10,120
"925",74.9405319792523,91.5293668720592,0.690882471728595,-6.95833333333333,10,120
"926",84.1976221952457,76.7704912927704,0.66698816872428,6.875,10,120
"927",81.5991217272997,96.127736198595,0.804902583650995,-23.2083333333333,10,120
"928",79.2991435430842,93.6473882889071,0.86962569549823,6.66666666666667,10,120
"929",94.1071530224988,117.602969066828,1.21541159567275,-27.9583333333333,10,120
"930",76.4736474218407,86.7856554967467,0.680416666666667,-30.5,10,120
"931",79.4896481729959,81.0835474474734,0.589218357082984,29.875,10,120
"932",88.4463113984976,98.5877358836618,0.778174603174603,-4.79166666666667,10,120
"933",82.5861923487617,91.6262789815236,0.757033934707904,1.79166666666667,10,120
"934",71.1818387418214,80.2773836976102,0.733159191301393,5.95833333333333,10,120
"935",83.8596918469575,123.944207878653,0.775572122052705,-24,10,120
"936",73.5296142154076,90.9885523935108,0.686070083984941,-38.5,10,120
"937",87.3019186501648,100.935003839104,1.09655971985614,7.20833333333333,10,120
"938",82.2974786977098,91.6599239944408,0.65685341789993,0.791666666666667,10,120
"939",72.7027337862889,94.4761874759984,0.767501815541031,-20.25,10,120
"940",85.152681500154,98.1811675764078,0.847098214285714,-25.4583333333333,10,120
"941",100.252597638831,92.4274490253482,0.672372499295576,5.91666666666667,10,120
"942",77.8639973500804,74.3516419903869,0.961843711843712,-40.1666666666667,10,120
"943",94.5202800108703,102.883226686051,0.824520876112252,-0.0416666666666667,10,120
"944",81.6708969992779,67.8616853116199,0.984396792189679,-14.7083333333333,10,120
"945",93.4781614424817,98.0325201145008,0.825683796104434,-26.0416666666667,10,120
"946",84.6889529395659,89.2519841049299,1.20515587529976,4,10,120
"947",76.0790433255659,99.8688723610448,0.796509502923977,16.2916666666667,10,120
"948",94.4890315504045,112.092595651988,0.851851851851852,43.25,10,120
"949",67.1034648881859,65.3398168551662,0.804111479028698,-25.375,10,120
"950",83.1393158098702,77.2477076251026,0.700255102040816,-1.95833333333333,10,120
"951",91.1835374396058,92.9988799215704,0.739823914823915,15.0416666666667,10,120
"952",69.0462556310382,103.292061650448,0.768683394037502,26.9166666666667,10,120
"953",86.3778641589769,81.9346792674913,0.840986394557823,-17.2083333333333,10,120
"954",102.530940452139,114.477071940192,0.704042267695404,-15.0833333333333,10,120
"955",77.5237194885109,89.803257179236,0.764002077341004,14.7916666666667,10,120
"956",73.824820803485,71.397654023084,0.616396688264939,4.54166666666667,10,120
"957",91.6308831671942,100.90837428083,0.7681640625,-10.3333333333333,10,120
"958",83.6543608148035,87.0079019399962,1.17026606772633,22.5416666666667,10,120
"959",70.0595728648127,122.031075277297,0.758154059680777,44.8333333333333,10,120
"960",73.0748759834733,79.4129502453263,0.840731070496084,8.5,10,120
"961",82.5063128897824,72.0514862210813,0.668317211730385,-11.75,10,120
"962",79.4450150523409,97.8727915885377,0.743592560046866,12.5,10,120
"963",77.3184701952472,76.4512371820539,0.730275503241215,-4.79166666666667,10,120
"964",83.6343729176786,95.2665121295691,0.804090985536495,18.7916666666667,10,120
"965",87.7330230490967,88.3362420904731,0.682919024521692,5.95833333333333,10,120
"966",76.5904965819302,69.2543620768155,0.650849367308026,23.4166666666667,10,120
"967",83.1137523718749,128.886093121019,0.82378501518731,24.0416666666667,10,120
"968",95.0478497915655,103.455707108566,0.832280778164925,-0.5,10,120
"969",91.063736836716,87.1593368492441,1.14126305792972,-49.5833333333333,10,120
"970",82.4016459180276,87.0675025483102,1.02746683250415,1.91666666666667,10,120
"971",87.3105687569762,91.3753704962849,0.707780067155067,24.5416666666667,10,120
"972",90.8669471443458,74.7253303773225,0.97637861466039,16.2083333333333,10,120
"973",89.3260063848523,88.8472471905198,0.883762705923589,12.8333333333333,10,120
"974",79.91369042077,84.7695405201656,0.75747166589039,-12.2083333333333,10,120
"975",71.3286116038531,88.4491379268334,0.774683852140078,10.3333333333333,10,120
"976",78.3330230490309,100.890204347763,0.820195195195195,1.16666666666667,10,120
"977",81.0588135245021,89.8443097808648,0.743595679012346,3.41666666666667,10,120
"978",77.3048618565913,94.0418789688934,1.10282578466428,-13.4583333333333,10,120
"979",78.4473682371393,89.2655215261376,0.732190560997329,-29.1666666666667,10,120
"980",78.4688765265142,87.5107136298179,0.887081784386617,-25.875,10,120
"981",74.3877790142081,102.608479181791,0.815004887585533,13.4166666666667,10,120
"982",80.1944901473911,93.0396420887355,0.68806545094713,12.2083333333333,10,120
"983",81.149104020521,76.4912849066262,0.750992063492063,-13.8333333333333,10,120
"984",83.841430192159,100.678117450285,0.800856766256591,1.91666666666667,10,120
"985",87.7226334344032,138.450803536852,0.855728791155972,52.375,10,120
"986",96.2366873910361,84.7803534631304,0.611248022392601,-19.2083333333333,10,120
"987",87.6594974888631,122.299325427412,0.825550114859146,-48.9583333333333,10,120
"988",89.6425773093716,94.4133200348341,0.675656782416439,-23.7916666666667,10,120
"989",79.7789915955322,108.440075617827,0.696716345571307,-29.4166666666667,10,120
"990",76.4864503250957,87.852622802813,0.656727828746177,-21.0833333333333,10,120
"991",79.3007198370019,76.6857766038353,0.877186444046909,-19.375,10,120
"992",83.6632012894558,81.4659949508587,0.718073847601129,-10.5416666666667,10,120
"993",73.3821333840874,116.937661455438,0.853867019934393,23.0833333333333,10,120
"994",83.501684114753,98.335098854207,0.64469696969697,16.2083333333333,10,120
"995",83.6955668877789,77.5905385125446,1.04870661427636,-12.7083333333333,10,120
"996",96.6846247687121,132.040871197772,0.832931116672625,45.375,10,120
"997",81.0901632957619,94.8496617460143,0.756255346449957,-12.4583333333333,10,120
"998",73.2455914486781,79.8806401242921,0.923898305084746,44.1666666666667,10,120
"999",99.7237329659629,94.4794951298958,0.816630660905745,5.125,10,120
"1000",86.7486791446033,120.497406611097,0.70805251333895,20.5416666666667,10,120
