rmse_train,rmse_test,mase_test,bias_test,theta,n
93.39713947876417,128.54025819493188,0.32816338242851356,4.723205965754303,100,360
135.1120475558495,118.52072946680195,0.3905081344729005,-17.597046155306355,100,360
99.55607174009673,95.55118239491382,0.3453522608982833,-0.5247999228133345,100,360
119.16497933087324,107.10727193398462,0.31921975676375025,-10.557617690936587,100,360
121.89306116708231,99.4357299713178,0.35809208858049174,0.045508416372629895,100,360
159.87186814905974,151.62442251881546,0.44476341694769694,-7.207237087492268,100,360
101.94547315810375,146.56942698038114,0.4185179924118036,-10.790557173562558,100,360
137.72885274031773,113.58793195234504,0.32887366126752543,-6.651907021611686,100,360
150.05728724565418,147.81678391114502,0.4326371919886903,21.58706505186432,100,360
121.36360303264061,158.505764472884,0.44705549681296225,-0.44731536986352216,100,360
81.31788172075741,95.53764923080651,0.3249506942342182,6.527661340331001,100,360
113.02541083255868,125.50480098309195,0.31171541434690025,-3.0869225223046213,100,360
127.45377851021203,141.0262773069189,0.33642275354951445,-14.422503972635575,100,360
123.37713381284445,147.02786036203358,0.4032411179299963,13.355302501931522,100,360
163.09571943164772,159.6450739595549,0.43236315758605365,18.137877652073428,100,360
93.73379982289445,143.3817873338026,0.42159266756353014,-2.118272319284663,100,360
117.34344670987619,150.81438522825104,0.3590766859532964,-1.6937571594486682,100,360
149.02863953229115,109.6837344527614,0.3212127859565864,-1.522645150814168,100,360
143.81719384721674,150.1854077058171,0.4015572426836788,-7.5217073391253475,100,360
116.96113941395322,129.97370116675955,0.48791664807268587,-4.202025827616307,100,360
143.03481840236958,173.76814727120546,0.35872008187650084,-19.66416643018851,100,360
132.34901441987722,105.70118303024658,0.36741013657862265,-4.48693410650609,100,360
95.19654526340197,145.23370860850767,0.4829836083538748,-2.279663387271464,100,360
139.3876859387024,129.68507912129573,0.32972241307467043,6.703507596941259,100,360
124.1198471853551,134.30006850443235,0.4592590130821134,4.910240106106734,100,360
91.03041689338485,126.63879560218832,0.40346381824041144,5.53873846619313,100,360
131.32242057984894,88.49579779003551,0.3960000287653416,16.16844348584631,100,360
117.59204338578498,126.37646901802545,0.37572432517169796,-0.7160658619399658,100,360
99.29431702717434,98.40833469760426,0.3997895725742778,3.2804099528103916,100,360
145.22456643732903,95.06137049056939,0.30281739067027463,-3.6332361965312936,100,360
109.14006050663338,141.91437842199443,0.37478006495945587,-9.796026528969293,100,360
102.53024216360225,108.63400710321372,0.42444080643240506,0.2184129231577663,100,360
160.67615851871977,126.25065311389318,0.4302546379152032,12.973546614642226,100,360
119.68300209643843,113.83012293964197,0.34579297470176557,12.231252860644496,100,360
138.68247260360695,91.62125842576951,0.4159311218838958,6.70553611406723,100,360
118.28945672739331,156.5137376398346,0.4042027587508583,-14.04580957976819,100,360
106.82735330218757,128.24650039468204,0.3304223753521574,-14.110603060315064,100,360
121.80157650164247,88.42941829090547,0.33603268082350585,-0.809994694867755,100,360
126.4162667089521,138.1806994058196,0.3081057744444487,-11.07455462133025,100,360
103.2567570017163,93.89655555953061,0.3356611308085144,4.78843101274064,100,360
111.37646069634536,130.08496149442223,0.382675938918137,-1.2588596096386528,100,360
88.68885540827716,97.25378527824854,0.3731377589356759,-2.9133338808245646,100,360
133.64917275723775,150.48611133684486,0.3689485990623309,4.076549021381108,100,360
134.70523140228298,119.11633015818488,0.38715868364848627,-8.641295477360964,100,360
115.32124875902937,122.07932285755273,0.448680623099826,5.049613429478023,100,360
101.62043918303021,121.1831865874767,0.36529515326434037,4.487813119960634,100,360
111.43074723376796,129.28031936295815,0.3370764305417426,-4.671470949747718,100,360
119.07965796223856,111.56369176518477,0.3417259840734752,-17.77542566556484,100,360
118.62054920319233,90.12867793301592,0.382360544594282,11.45491285782649,100,360
150.34333246710142,111.6697953648821,0.4256387695226375,6.117522139926192,100,360
104.09005239333159,124.93374421394032,0.401985905493598,12.445393095883158,100,360
120.53879827680952,112.51891884069431,0.3359148663991294,0.2650642912723201,100,360
106.96563661560842,156.9378538001708,0.3708155008626996,11.487351500430199,100,360
132.1433057558277,142.3772973204335,0.41642756956138005,-8.268417567996762,100,360
140.27326556138843,121.93552566308993,0.43814751969084487,-3.798980373958407,100,360
123.9913504939423,114.49489284020056,0.3835181885035292,12.756562808541476,100,360
132.77715742287825,120.64093734935133,0.3335837127162284,-6.556624135446997,100,360
115.4305089998827,107.53079509970468,0.3422546078553922,10.927710659886841,100,360
178.2159378168502,149.5071083444161,0.3954281287100636,0.24210951307813372,100,360
136.67124033844217,126.57557109614326,0.41068006654265093,-3.5014611115184997,100,360
114.81402053480238,125.65718070388174,0.43468307473641804,16.150160016458475,100,360
134.32681629281535,114.07282185721431,0.27290600624238504,-11.76525981877043,100,360
120.27190080857453,170.29704220948673,0.40836207121787155,-26.421715959208836,100,360
148.87184255968612,159.4660100146514,0.4253437974140012,9.285082448412258,100,360
128.34894948357012,113.03421843849289,0.3457789022282308,-3.252027821279698,100,360
147.0224419073602,110.09423744517723,0.4170238214710461,0.6040279350424818,100,360
126.06206097565672,143.09685514290248,0.3151590734682117,-30.677483323781274,100,360
116.75082971981665,116.22903785643598,0.4386130448895145,21.334134437072915,100,360
114.83809668689733,136.6726318516097,0.3060746305642388,-6.0176043771772845,100,360
127.46007921734098,168.97902118054472,0.4162583661390556,2.00693305411922,100,360
142.75006010369253,128.25982182644236,0.429452619258858,-6.175616402999598,100,360
124.79564664826087,128.77855490538278,0.34010336930863305,-1.178679504077655,100,360
110.17757651202426,136.75865553617328,0.36957030033484817,-15.93175158274575,100,360
157.60572280290572,130.3751737973453,0.4047212553494582,8.35636298938714,100,360
117.12095027597994,132.82843269438607,0.3756755469781182,-10.014084580770318,100,360
140.6532565186014,121.67502229768884,0.33942690646810264,2.4745882325354485,100,360
120.44312429659146,106.59602008659088,0.29454221643199135,15.878042105255611,100,360
119.56528213101946,94.88473281430073,0.37195589919021416,10.601122866154475,100,360
106.42582141179433,121.14170914445971,0.37995180103463755,8.374583845666892,100,360
125.8236348203943,133.27073779210718,0.3569149102486185,3.776493284390736,100,360
121.78648117965436,91.74594842961051,0.4409911365040427,7.856424267123923,100,360
141.32014120984024,146.9861615889075,0.3882554807970044,-18.041971667173275,100,360
87.64459809514554,99.98467782357511,0.25397707596567765,-5.746934701134752,100,360
147.61187906996742,104.41408084193091,0.39488417533984743,2.325550426373347,100,360
122.27978383822966,119.74584700753616,0.35377992808179787,-8.203754479117935,100,360
139.32963847455656,132.66286069689227,0.4474780226030527,-1.3463463562927938,100,360
123.64240070894526,122.35192950239741,0.33292361603992515,-11.768101895934704,100,360
114.43079874861405,106.19284120494918,0.3028468655626587,2.4881451008040547,100,360
112.93064235370977,141.02719559352707,0.40030570347120403,5.624683263218522,100,360
156.2677791577815,159.70301063621608,0.42471541511374944,5.2441309213277565,100,360
140.8096588305555,156.40932118120057,0.4041698107226109,16.66630196693529,100,360
126.18242523368738,147.17293186018216,0.33666448948205324,-15.136146085960384,100,360
140.67836844994932,109.29795804706526,0.3989830964739207,-15.98450956624358,100,360
119.84087745396143,151.59468992351975,0.3720467857964466,6.684651647267144,100,360
115.21926972963847,122.92269687095344,0.38003669855582894,10.286151158529687,100,360
131.6105250090086,103.70183325793552,0.38044169173036063,9.838599092495233,100,360
139.21390516664152,126.14822274262154,0.3416581593834426,0.7123595781140074,100,360
135.0233581453392,136.3502976511757,0.49406620009645685,4.717510442376942,100,360
137.53172824216082,119.54727030194982,0.4307505664027092,-5.276474952573198,100,360
143.68894667328595,143.44966821959096,0.45942047414184234,-0.6561805246006849,100,360
145.92400995828618,118.05143335129831,0.346160459973511,-10.270906617508862,100,360
114.66652064568488,120.47859439222759,0.3971514743405055,19.92027297588517,100,360
160.00050601925852,154.99820635132082,0.4089601264497816,-4.717167202194493,100,360
117.27284624034964,128.66164044157742,0.48441611860765244,15.487821325930168,100,360
128.57728028472468,124.32880734651613,0.3756040659261001,-13.677593124540119,100,360
137.6963616499572,116.25227813672423,0.3536768091005739,-1.228389321915365,100,360
111.09412427253163,127.07892112774195,0.3440509734147892,5.963927306457539,100,360
138.52927162757177,119.29768520845084,0.3526944854911024,5.684640874382367,100,360
127.05456252828716,138.13160958567408,0.4262030103682865,-6.273615102251442,100,360
121.67926349245582,159.80158676239418,0.4144067854516548,-13.282701416701236,100,360
138.56886741870414,119.93329681281134,0.3029170329183363,-2.322662479672229,100,360
161.90023417282347,139.76538849725802,0.3694180246494481,-4.635147213998377,100,360
104.6954028378675,116.26967269036608,0.36068522106872536,-2.9919976993441253,100,360
135.36002824835657,156.87991009790525,0.40902045665306247,-6.7709342686973155,100,360
119.97416697199789,103.45248705496289,0.37860263331605193,2.3858654140634274,100,360
110.78395315298168,127.018210186581,0.4301809639180812,14.842147452120251,100,360
128.8662266037187,132.32406978640404,0.45701452447507224,-6.460327150897152,100,360
129.36824625396784,117.96724417744916,0.376066517940304,0.9676930829860837,100,360
129.79362127014053,138.58840234368174,0.3726745608647074,7.648894415068002,100,360
108.14340663091524,126.12136335764055,0.3658882585497181,-11.257876075896279,100,360
131.96738214158475,178.65280381012474,0.40397166209810065,6.85329945168635,100,360
121.89370349539803,109.23009943904624,0.30940021850496635,8.163479392948604,100,360
124.19915286261306,99.47697634155428,0.3499807390550201,1.5656701660039765,100,360
116.51892716390324,141.76448846651772,0.38078761803785843,-6.236056034937401,100,360
139.54305657182627,146.43226599771714,0.31023235054554876,-19.956307634009374,100,360
106.4333860119672,117.72016081983125,0.4031631160889088,6.674622667609445,100,360
134.54813983011874,136.75914497894598,0.3651493521275911,22.225674516771427,100,360
142.13848513450975,142.18385189809416,0.4644307192407093,-2.1811697605540252,100,360
116.12471932433247,126.67208637320725,0.3757034080698835,-0.20001086958719666,100,360
157.7780765361676,126.45650334034029,0.38141676893310034,-10.991433438994166,100,360
105.2965975588021,172.9818663002971,0.3510211222798739,-13.656437289459191,100,360
129.24560360720727,102.31734689752169,0.3896624273216516,-1.0607681469165533,100,360
145.3242975072266,136.72281253660194,0.35177525561131223,-13.08055114981652,100,360
128.90589969762792,137.2384746311968,0.4315206172465374,3.726689461258558,100,360
124.93935012631133,140.78217672379517,0.4097396210277883,13.281770691418552,100,360
106.87839832046525,109.27500563703663,0.37955113829347037,9.753507624360557,100,360
131.02087072675994,110.60112050210944,0.3294913839371441,-12.254475111076612,100,360
136.2304653462612,123.79830237031535,0.3232860682185125,-16.867350372093625,100,360
141.19553630736075,161.12205036378862,0.43978901498830697,5.8978910783325675,100,360
139.0845687152908,99.44084505095827,0.3868450382952197,3.135270761201578,100,360
149.43833616404086,95.90005337664162,0.3858150057812304,-4.176678856061002,100,360
128.78545877147366,140.75530115350685,0.35280469797804476,-0.20378317471943713,100,360
134.987894211884,106.33822333532173,0.343075218260995,5.932137788936113,100,360
127.71523310247034,104.11123255977287,0.31911281954112086,-1.3611043422417402,100,360
140.19718420273938,139.42896493362207,0.3605377598722172,-2.546233944919672,100,360
150.29970162973427,118.88309840012364,0.4006171956655602,4.848212387899926,100,360
134.02957427869484,156.45309769579146,0.3969376596079127,-26.268485414262607,100,360
134.049912991652,107.0081915809887,0.3429522825914779,1.1404314170885206,100,360
121.8618161387498,165.8720279065165,0.4234692853577326,10.083661564377067,100,360
113.82802718187874,123.9099929797911,0.3119244921829589,4.1418625301139045,100,360
115.60162410806642,107.96632833193523,0.3196822034835377,2.118678220198015,100,360
137.8812388621177,136.0425010691179,0.435177413013123,-20.339885138344222,100,360
118.98032325805598,80.7941367709593,0.3473679678960394,10.624729588150828,100,360
118.39686350179988,122.13897194453875,0.35434929330887993,9.856973682254406,100,360
113.46162306180925,113.72898952512413,0.28936127137723416,6.167011823467808,100,360
98.8005848858141,124.2880102837342,0.32987812087633794,-10.649220836780195,100,360
140.5836635111125,155.7420116149471,0.39550696884544106,-20.100743531601857,100,360
125.82878583428732,101.54788175487981,0.3735058758806382,8.110738345410414,100,360
134.60101692808004,136.71201506290967,0.392612268651124,-5.277314854221848,100,360
138.50856900633036,107.17489912771092,0.34212702797948596,-0.31922403814258116,100,360
114.6162297523356,131.58832395106464,0.3966276925729683,3.650942863397377,100,360
139.44352007185014,117.52114625527406,0.36697325019705423,8.929378583700403,100,360
126.72531226828139,117.74504432638619,0.35441554763327615,-11.83737437825387,100,360
107.26430122195971,101.14373836925479,0.357164300441128,-1.2283883345047897,100,360
144.63560418084262,122.36711811177567,0.3847902248989547,-2.9748869848832022,100,360
137.00901875353028,170.81621780208118,0.362898580437975,-8.247834341623705,100,360
127.59946836254542,153.4204704620128,0.42545536722294647,11.40694198840591,100,360
133.94690474999726,163.88980126629005,0.37818330534020667,3.530445115904039,100,360
119.0829900344129,94.53050094484006,0.2851544242017327,1.250849583597344,100,360
99.28286103097751,134.35036677315586,0.4315285848910931,12.048412262260383,100,360
137.03474495409046,95.13590742871473,0.37636778744528526,4.148333323303686,100,360
134.15814989318568,97.97454144674182,0.3934778801750303,9.448203123526723,100,360
134.0944964069193,158.73750092272593,0.40144791341488856,-10.072228464014005,100,360
110.78539692536381,134.4948920315626,0.37528361897015194,2.6753623469632255,100,360
147.93509123175903,109.8753389313635,0.3970577454237487,-4.5579861478737325,100,360
110.60987401400978,99.86671795347223,0.35098863821438414,4.654850579000802,100,360
131.55622701868478,126.72365955570343,0.38450367695534027,-3.607155800416397,100,360
126.91327611391807,98.82007619037749,0.40214723077140035,13.61141074406179,100,360
168.95802338604395,136.7435123738991,0.4438512142958795,-5.6461964683203165,100,360
132.83657489553548,155.6059102611621,0.3996018206174166,-7.599863194199041,100,360
134.22032603469512,145.0551836560841,0.39848091772018684,-4.048018731921966,100,360
131.30581298844882,162.20639925368852,0.41544231900043127,12.366292807596707,100,360
148.69547643933413,144.51949683630318,0.42694713146237706,6.944549376584662,100,360
138.67863209634294,139.3221641121464,0.46267041099865935,14.27362861602969,100,360
112.59443134571767,142.39789874500795,0.4602507980495931,19.55396960548986,100,360
133.26801552004676,129.830623634438,0.36257767709141325,-17.51266073563142,100,360
127.83870046942585,150.74351484806843,0.37452200906153094,-5.4977814985211175,100,360
167.37015964102895,143.02742502489477,0.3224555801482976,5.602544571820497,100,360
94.61598736988513,132.24756921140627,0.3427275071230932,-5.999776729910472,100,360
136.078078394633,140.71587853432558,0.38789014348982226,-7.37264555290426,100,360
106.11844890868953,127.6427277115639,0.33014673718396054,-4.125323718017328,100,360
127.97010067267608,124.70781780815423,0.413727740898536,1.6530313345124739,100,360
122.98833652563997,102.3766557912185,0.37207716362055687,2.5434657685029665,100,360
130.92274063125842,112.60647157803771,0.4156508162284329,4.168095711290127,100,360
109.24797337398867,173.25552997684213,0.39573711774854947,-5.434351508992816,100,360
154.3711496323164,133.78072982535454,0.3802485894410205,-7.95530804415965,100,360
122.94702448812203,130.09089581954328,0.3615939881095151,-3.266598300872726,100,360
112.99232912998869,143.2682965493575,0.44964652537824396,-3.3066462413275337,100,360
113.68743903018742,135.0832986418074,0.40750587580575587,-13.276503835165364,100,360
132.14847347367328,122.95215494475276,0.3535336137319212,-4.242440584289076,100,360
110.21395407827664,118.70432623940196,0.494901309991114,12.462315173919382,100,360
164.3637484920904,99.47442542760314,0.4116350545267168,2.283198359475004,100,360
116.18320031680592,142.15031878506068,0.43690598103583583,13.301594825541967,100,360
138.3022737809448,125.63342402928158,0.3918270119871738,4.2195528911316975,100,360
108.0418870324383,96.17800455492802,0.3308092640753246,-5.873086255712926,100,360
108.34193521289963,137.4134149063517,0.36678636995825875,4.128875434734818,100,360
150.27358753381154,115.09656108014386,0.27252866352893884,-1.2253517203080992,100,360
124.77130059711327,117.77304551616335,0.3411114960422932,-8.4398990305377,100,360
110.7155878431631,125.8165346370011,0.35781570079453057,-2.928918482768826,100,360
125.04627832756339,129.7544083382452,0.42163452388836353,4.7884425874461725,100,360
133.0954123058349,90.22519325399024,0.42937934212982554,1.4052602405366763,100,360
133.84880174000227,98.27135422070293,0.29180485396463857,-1.02734465827429,100,360
151.98225111046497,119.51123094489341,0.36603104410191895,-6.500143013176896,100,360
115.42597791920176,119.45925086688385,0.42143963718991767,-2.0262274856389153,100,360
139.62478791290553,148.58822716235946,0.33358893201785095,-11.834469760428753,100,360
120.04677123228657,119.39490927463343,0.3973751818804823,-2.944554713480334,100,360
93.47974231942135,118.23820840670359,0.298609584769455,-8.792119585993612,100,360
91.79329012434354,122.85323298419493,0.371729515653865,6.4670168084237645,100,360
96.1112881186258,110.44960819071137,0.4422298122911103,2.4038785642108986,100,360
102.26421036134914,120.25261293203044,0.3791979062611715,14.637257201607978,100,360
128.70809133571885,165.9951374077806,0.45306034460933464,-20.384276833170393,100,360
141.88995796545768,161.5701766017895,0.36574501129376424,8.196939292986405,100,360
148.14161806461354,92.46534470937114,0.4365369511927481,1.0216449689696714,100,360
133.21559167761214,145.0189008527823,0.3832255689802623,-21.808662886618755,100,360
144.65509699173066,119.92012199331556,0.43528924773299255,2.2621663222073045,100,360
127.86554843164677,125.12992218965118,0.3430319030564035,-18.313966597397364,100,360
145.9930657213711,162.5140316271642,0.4406199518883248,3.4172359478757515,100,360
137.58474229685,148.66425466991518,0.39772048950303507,7.647850614658853,100,360
119.9548839447371,163.55701881299922,0.33392996147636356,-7.308884469202307,100,360
104.48575241696628,72.49888004125474,0.33482313124492324,5.97646910556111,100,360
150.304883738234,116.47748754590312,0.40157328387754243,1.8065814120332475,100,360
115.85326786854375,141.31889679266632,0.36241653950024366,-4.595490174452734,100,360
107.02162856903006,105.49343421172235,0.36403965403366545,-9.649081017880656,100,360
106.76648550307299,131.3769803016475,0.3882605738362697,-1.8477098768986824,100,360
141.16140959745172,120.65929924494236,0.34994629622334067,-10.18472770184188,100,360
134.77581378499173,162.39253183008967,0.399092898566643,5.492001640267989,100,360
134.98967458781345,159.59836355294368,0.37368788396807656,-16.18792198702496,100,360
140.13107426754314,155.70658132927903,0.3797477215240809,9.033961780373652,100,360
127.28452529536386,122.60508896315626,0.3588196208506642,1.587082289086239,100,360
112.97161377377418,117.85676417327693,0.3510837310430098,4.48762407387,100,360
91.60012721409532,113.95182808536931,0.3370034306849568,-0.9758122164334206,100,360
117.60785694585289,128.03817077148034,0.3597199564057129,10.047055424556975,100,360
137.68759246513264,95.95340546914426,0.3580538966367808,24.495354339681683,100,360
125.9059299138545,131.94131398940806,0.3860270905504198,-2.1880868697233704,100,360
123.2592583256951,102.50813936314402,0.39251710956416114,-0.6493028733159463,100,360
105.71998925487532,131.48968014385449,0.37876051892444357,-3.285317462659859,100,360
131.60004826398253,121.73116217999366,0.4258658717858638,-2.317656443739799,100,360
127.75049501778145,137.95353681136916,0.4308949265254432,-6.309840681160689,100,360
176.15704752937717,157.50960128947364,0.335346854526504,1.1008323615159057,100,360
140.74779938437223,131.1129897866285,0.3901850523134014,-1.7017619090851748,100,360
133.51329592384315,115.81764802548841,0.40654071645598094,-5.849739332574501,100,360
108.47812627955288,121.43675324186613,0.3641407252937872,6.845122888265237,100,360
122.24128751964174,123.86476636476402,0.33977190982708527,0.24076348368044323,100,360
148.2481631556209,140.21215253470933,0.3908732620360061,-2.5425229801606894,100,360
137.98283750115783,135.8443805436113,0.31839853390286615,-0.3321000312109237,100,360
140.7056756197125,106.28128389279455,0.3716270943375442,10.23368838310077,100,360
168.37523930861602,111.90816888134403,0.38448384626973586,-7.190190536186775,100,360
142.76391046589623,130.76584339207918,0.41036922527602565,-1.3141556367175429,100,360
102.84537146676342,106.0743747563031,0.32494340269434246,-0.6861699124563878,100,360
136.3992858538969,135.03334220841558,0.3849282346220339,5.111610271763117,100,360
101.89584149143153,91.49548792349174,0.3015264528886081,5.339971103295013,100,360
120.36921643614468,116.04035684018675,0.40853089928151703,-0.5643939368492785,100,360
143.62012170139292,144.37641983402605,0.4412937350143191,6.739973837993879,100,360
107.05627038159432,100.50276017040693,0.3062014627624799,6.397317947737377,100,360
143.3885317819644,148.94631186592528,0.38345323713054713,-10.179070299911894,100,360
144.8215563324496,133.12169865776053,0.38181464999433895,6.964824438133154,100,360
128.30704139681836,110.58459957089616,0.4310918973557108,-5.855356033157862,100,360
117.1396478613586,117.54698176360047,0.36670594498801107,-5.932171203345801,100,360
124.89911555598239,96.99458638203548,0.3456939328138912,-5.544645574432863,100,360
123.8426579273694,127.42830776353743,0.40353785954625915,3.6878941428846894,100,360
142.88075336106292,141.60833220248065,0.31511230122219824,-8.000201914421028,100,360
140.59460322923204,98.5173657003495,0.3503644229188986,9.61415663245916,100,360
98.66190550075022,109.40125001779056,0.4419996348708003,7.273939028457628,100,360
161.26349319621676,169.08637109909986,0.4285377975968744,-1.1641641771512774,100,360
124.09077381798906,116.46653437140685,0.39761298964023095,-4.218255137299071,100,360
116.58602612371267,141.0722049412276,0.3688715585880276,0.7561545180189787,100,360
118.7281887843682,131.07427792450073,0.39352627981644905,-10.18526473797443,100,360
112.55338744019083,135.25837091374368,0.35749123957478274,-7.578493751083623,100,360
135.66502529727356,137.25137504667714,0.506761575592904,14.67705713872515,100,360
107.75288981780898,156.6431289817641,0.4244639231921625,18.854488786838008,100,360
136.53711342201365,140.20447302025102,0.3546419234947455,10.481586195130104,100,360
164.10520341213896,165.02428698132124,0.4208490486668268,2.4943218160565115,100,360
109.5942664242204,129.21894919177316,0.31740310687299117,5.0290326622057515,100,360
157.28292984481618,124.51032136741728,0.3587299178188881,8.429210756060195,100,360
111.41241961232872,127.22498148720638,0.3435049712757478,-14.282200564185006,100,360
128.29722709123052,132.13742261234285,0.32977847841520186,-10.888753717979952,100,360
144.0131279158142,99.22651084498527,0.37955179250250565,-0.39389888374586723,100,360
122.22581979195236,135.337575808371,0.40206866928710033,18.6351359339204,100,360
130.76823247686957,121.65964022893958,0.33381003904955636,-6.012724345739262,100,360
150.98444293959565,117.98967097223236,0.3067442854958965,-0.8002320546064543,100,360
123.66846737905084,112.88799377005088,0.36193071568684937,-5.000669366952501,100,360
127.34116154802234,134.83729971667213,0.36387293763743295,-0.8979307498129684,100,360
113.193777173585,142.22024122341855,0.38840859305575187,-1.721567060778865,100,360
139.14343881073236,142.6095551945147,0.37723765825029704,-7.336123230615057,100,360
131.3255816128015,154.890665995071,0.3996917759473005,4.464827036973648,100,360
145.9112292193163,140.44222212610623,0.3650973305563153,1.374434172433667,100,360
108.75386858767015,128.65567331830485,0.3852142205681732,-10.918490928075192,100,360
123.80638134862062,121.73197981600795,0.3887057099013889,8.392098661886651,100,360
122.58214604291167,148.83458337679835,0.3332496404078433,-4.696563260352723,100,360
104.6227585464422,105.76261818985394,0.3785544064030068,1.0151077260760566,100,360
94.59830679357616,155.47178359540004,0.3924775098269165,9.325483441788785,100,360
121.9882410058854,110.45425102674272,0.3647010470619879,8.225948074827516,100,360
124.60761051870816,124.69724390306607,0.35810435358799075,2.5591659606995387,100,360
123.49345595642423,135.9046596954944,0.3941462755406475,4.569741058224574,100,360
127.41769052671138,120.26319324619631,0.34710842778094175,11.638965086646259,100,360
120.11723106264206,118.14722836571343,0.3172355813833846,-1.1382020244471844,100,360
154.32308589350973,173.7729065777836,0.36209107009250846,-13.428332728412487,100,360
106.86110523254477,138.2791634882204,0.31136274566715266,-15.356173588168861,100,360
111.67736972516869,94.67469167638566,0.3080841413086385,1.0030674777852744,100,360
146.79152305989044,181.95576492141987,0.4667070039416292,-7.434841804186335,100,360
123.04429892249138,114.03701974934823,0.34355828884340683,-8.389236365973364,100,360
124.6729223493251,123.05664500917803,0.36545841535727414,0.5727393175666311,100,360
123.75995013647103,128.8931132733437,0.3171822852945128,-11.880281911783484,100,360
134.0909930738264,127.62066937399025,0.38770147351080286,-5.296178253902247,100,360
119.80713645721038,119.97553504038943,0.4083844842499261,2.4459851527654966,100,360
127.8661087989705,107.8192050562396,0.37015452289704565,4.03640422050867,100,360
127.32532487788116,163.73802615655288,0.34561472364433454,-13.592055331479195,100,360
108.62479695381397,128.3412060166229,0.4559411701427033,7.206637867466678,100,360
99.09092923659247,131.47668226704002,0.3932484336339711,-3.4054887177184803,100,360
116.6233886229017,100.05745810020173,0.32064539169693573,-0.049278294065798325,100,360
123.71497570351697,131.62084950015515,0.4295257547541535,14.410907254231475,100,360
130.67558763629094,146.40285142141275,0.4041995081169751,-1.0769344959537714,100,360
113.26783185390454,90.48500310418714,0.35669645223257557,3.194366946539937,100,360
122.9005317832279,104.91822398476104,0.4616682636625137,-0.2981170315920497,100,360
110.50363410067921,80.62990526321036,0.34535836761172956,9.253964544925038,100,360
132.22972668598123,106.90502647868772,0.46135590693771233,21.5293760622251,100,360
133.41782330757624,119.58121895960774,0.325529873766763,3.7516757123935505,100,360
138.46205364138157,120.66642331466488,0.34064489800252323,10.252320165268161,100,360
103.14264917754525,127.35847548610748,0.35017905220460105,-20.058716912792963,100,360
121.1729894544749,100.09616133689215,0.3998822062006052,-1.3260364814810779,100,360
133.58418752992927,124.2049043028675,0.30874283688034154,-23.401600463370958,100,360
112.89569652395019,120.95545128032029,0.3513250092344373,8.390939013600649,100,360
145.46097244161993,155.1934272806508,0.37415828033733517,4.346268324894478,100,360
119.39598446415121,108.96017531817982,0.37543897411413335,0.44675190984646057,100,360
143.19417119436932,135.73998329771422,0.4082669058083259,12.695807685192165,100,360
104.0133374919078,154.6604598771262,0.4275225793320309,4.48714768424978,100,360
119.21688385744788,129.72260987504563,0.37489676493590557,12.65132663376391,100,360
154.9270825078849,125.80507069455773,0.36892306642051403,13.539748861120762,100,360
139.8836368082576,127.51573483356874,0.3812622520177688,6.5894797012535395,100,360
128.7746562878655,140.72379463063396,0.3575967606685869,-3.448052290214772,100,360
115.30544170570674,121.72363359800785,0.3591115112735155,-2.3714803032584766,100,360
141.93002754527168,107.54151791435882,0.37286027744748074,1.1358981117977933,100,360
144.15549302712353,123.50779147437827,0.3229763916517928,-8.654835804000031,100,360
129.5955414288909,92.7760817315282,0.37244344724443934,-2.818829696622939,100,360
121.30424209864238,115.9543779118405,0.3209868737799588,-16.98033066886037,100,360
118.32934417444403,96.3709221204085,0.3754478774318755,13.074770613529966,100,360
107.75933968069876,109.60419693474107,0.34993206750385497,-3.2776279102674293,100,360
144.86561656227295,143.3624380700312,0.4247262613010629,17.406794320691795,100,360
154.78944554812696,125.9652273613911,0.41171708532588924,0.4859855569464442,100,360
136.32645911291053,104.59758355610198,0.36059795116893145,0.7989693985774592,100,360
119.4959808046592,125.86295611016122,0.4304026199072588,-12.380176449232275,100,360
160.8932671046474,149.12295385615877,0.3800664488353344,-3.7874537808222537,100,360
144.87275458639553,146.10832804870665,0.4429886916235613,2.3637407616472728,100,360
109.29824748231682,111.88948437771022,0.3760795371636219,-0.24523737703538048,100,360
134.3526110187704,114.6429743113386,0.29583662386272375,-11.287424902975637,100,360
140.84494759889463,116.06050686302419,0.3171925252049586,-6.362165262721703,100,360
118.54721533133794,145.48083213492615,0.39614344626676684,-11.880516402891114,100,360
135.567638897227,122.81501024011857,0.3709417007413841,-8.055787252005635,100,360
115.23221318568334,113.56786740675548,0.398317362584848,6.827648014446206,100,360
137.46803417022898,115.5949049467836,0.4114740119147931,8.76985013694997,100,360
151.74549320774796,150.39652713016926,0.43669373146513596,-4.57320142536184,100,360
91.60328710906572,94.67028421850603,0.34069387678441043,12.114273118898797,100,360
92.06399007260588,103.9751036665903,0.3166961178629605,-4.350635048562482,100,360
112.04385102428881,122.19523448899612,0.32699013527785303,9.532536963819876,100,360
115.01000421707849,121.54785121435518,0.37202397143015836,-11.260124230810318,100,360
112.65572166417546,118.96337682917762,0.3317417605850199,-11.454053472778899,100,360
165.5830214965198,155.18577386470486,0.3602564876995178,-1.9912286509740866,100,360
134.40328950169555,114.73025395917058,0.41189530734706054,-3.9433821794102912,100,360
134.6636309057275,119.56067412581231,0.40850056729998413,7.50475439189931,100,360
126.44249635537143,128.67932663345036,0.41713130810966625,21.3379337446121,100,360
124.21242925264502,110.37184010187038,0.32544180938920547,8.124828346935619,100,360
172.92608558524861,166.82494777732907,0.4786530750870275,19.110972606298784,100,360
120.2003478997873,121.57753680197015,0.4459607004876956,-0.4077613045453177,100,360
138.03013674226094,117.74854324148906,0.41179335657470123,-10.045872850634634,100,360
109.55720415002425,92.81543486974293,0.30099675719427116,-1.6100119074210486,100,360
106.94428291359439,128.07333974387848,0.3295599986492691,-15.063898002955911,100,360
123.28394612625301,128.35502529488085,0.4235525010729678,1.8942768928744536,100,360
119.02023299831771,103.25954255500159,0.31319437941136047,-2.4469399029006293,100,360
132.57663046264742,136.82195157841983,0.36352041879762825,-13.166106921572968,100,360
123.66666254029732,112.7784163580443,0.4738151473330567,15.841222831133665,100,360
151.17275387238203,129.79036201636842,0.39017703475300913,-9.386056145045462,100,360
114.97711023067758,165.28523683365734,0.38695431037999634,16.639020501689544,100,360
149.85219178974353,153.37088245213715,0.4094788701009262,6.5098404735977216,100,360
97.87768242286015,154.36408987810898,0.434199885862415,43.12348693396426,100,360
109.23317890069177,91.60448055207762,0.3210196433093081,0.9091842010259898,100,360
110.42506425916454,145.05152324146172,0.5451142858760077,9.706706952775548,100,360
116.61293319703528,118.86451076874577,0.385530749957491,-0.7759605553855239,100,360
123.38508062106646,137.1309064143647,0.41235268365706157,3.8680855547562727,100,360
125.12845354440793,93.9999734605381,0.3060638807350404,-2.6604819026216546,100,360
141.62763796419438,142.76921760222845,0.4447119660637058,-3.2962021219062607,100,360
98.51149278388529,97.0835919776182,0.3606692038551599,-2.3518411140912505,100,360
89.46673586492369,90.20689038033422,0.2592602192439732,-4.459606355696112,100,360
112.04985224556106,125.13038076263699,0.3521882476250357,-6.24713184257664,100,360
135.46712191428088,147.24182871279513,0.43130699069851064,2.4799134648599224,100,360
123.14867643933508,79.4695113989143,0.3581616317788383,-1.166629566307654,100,360
127.29284841283895,130.47022934209346,0.4251801794294366,-3.5847528169470744,100,360
119.1880938986407,157.49752395519786,0.3749746747984834,10.987628334015838,100,360
122.8493991389325,122.48961302643191,0.3381850550356313,-4.893616327878145,100,360
147.43768044545803,171.08806137212477,0.36576461067441757,-6.429076882342629,100,360
133.64653124204258,165.91812705242626,0.35935958896635734,-12.484803695611147,100,360
134.64519232172375,118.75736488522715,0.3863166674511329,2.0528405680444464,100,360
120.99715019675938,102.07674274882622,0.36093495188400265,-1.8573534626325168,100,360
124.95896690091517,118.36199030940314,0.40276368152354225,0.17230541543599462,100,360
137.1145282988462,169.1185117856493,0.5163336812350201,13.44011218544338,100,360
110.41201460514178,116.17269587002387,0.32745365338964944,-13.518698670509204,100,360
111.27742072610158,143.60750907499775,0.4199459377623533,11.57023392250507,100,360
101.72336704509532,127.85531155949089,0.3774066127814723,-0.20908253416509007,100,360
143.28539718828048,139.38629644935784,0.4031023134441814,-13.289230454243656,100,360
109.05481498380422,113.41486178002604,0.3683253962944101,-3.8842845067890854,100,360
129.91564625305574,117.24038083686806,0.3174384287621632,13.311986269334835,100,360
109.2652189452104,107.79371143408831,0.33076595373846707,-0.02048603119017911,100,360
105.91362494224731,119.54076864030263,0.36468942464900206,-3.1228759505633716,100,360
144.90306655270987,142.9717306892224,0.3750092151910595,15.847903497914203,100,360
143.89776286895318,145.93555086418525,0.40877013303100634,-5.9482489720990035,100,360
101.06334414826301,115.77938185309945,0.3830331105422531,-3.1760507763971146,100,360
184.4979508361023,141.83729196399352,0.3196158824310219,3.45722364520556,100,360
132.0691675945135,150.58004393845601,0.40184704839138213,5.19296212609795,100,360
96.54994829164869,112.98351502525053,0.3851616106259579,6.108534986847425,100,360
123.73450093760906,137.39014259680076,0.37123830677354347,5.742225828786413,100,360
116.78443667334666,125.31748895642545,0.36414195981052755,6.986423056418782,100,360
130.91940664189494,110.52917084882051,0.38180626338732865,-12.081465813999529,100,360
118.9020008354206,128.60822974903473,0.38888207153462934,2.129503650679166,100,360
114.7868997741512,109.87050785835538,0.4128747010174739,-0.747879053239757,100,360
117.28725338205955,142.32046702343055,0.3407885300929973,-8.647051121619986,100,360
134.21928494899842,106.65500833444794,0.4185750778652655,-8.826358237165925,100,360
134.18263316890608,127.78700449906246,0.42070568160432065,-13.12270593946267,100,360
134.35395971385844,132.3903470443425,0.36956982985171016,8.740787021893766,100,360
137.42047749236116,140.6469130092636,0.424412959252267,17.164983303537866,100,360
121.56222726121489,146.4640094857383,0.430284670324665,16.752380793175252,100,360
129.56845834480387,151.2385622095643,0.4262209137589536,0.6238547951510918,100,360
119.9562038881052,101.54245003545608,0.39760082506341976,-0.18981250699050714,100,360
110.53698100165155,122.10610243288582,0.3778506481961951,-16.930305475192334,100,360
113.36379402358216,121.14115450804528,0.37833904173465216,-13.777647389099686,100,360
118.38207219447426,122.6757860415939,0.368464324442862,-1.87829448298434,100,360
104.56430383486097,104.38345960202003,0.3962188508301702,16.08620898897422,100,360
135.4090730155861,141.72475907427196,0.4104676730357829,-3.3825521360627624,100,360
140.40752381740646,122.619134397012,0.3152692812958008,-2.018651510779764,100,360
118.41223443466251,141.32961220746145,0.490970980499494,-10.101759749575494,100,360
144.29885774594428,122.02833109666304,0.3103723143709896,-0.29260032366396926,100,360
128.50100461667913,150.5570410420802,0.42383998800528194,-14.282772173112383,100,360
116.45785867375042,149.40356095220332,0.44361013918949554,-7.331120152810725,100,360
119.91588128432319,120.24896796157408,0.3212681485031172,-11.156342141925387,100,360
120.22681488929274,122.10131458276285,0.39262124183212455,6.3383503193416315,100,360
155.60894528587642,154.6933271959095,0.4364517674330311,16.71826393222857,100,360
119.35075483110964,107.68608312407933,0.4200330658308784,-4.1054736836651875,100,360
128.09446643587077,129.70998152887967,0.3941531616865389,-4.150248645177645,100,360
111.09581989979746,125.98901158059977,0.3557866513182221,10.302316769142271,100,360
124.03541094152773,134.09309315761348,0.38205524884179426,-6.200428845274492,100,360
116.38878595103654,94.47764519552771,0.3575538040913099,-5.7676749149026,100,360
115.3352947349298,143.82970981746337,0.49523281364709365,12.439592782748205,100,360
107.1144505420298,93.12278385054812,0.2743511248682117,-3.8484760670283733,100,360
144.16420284203508,108.35925058950225,0.3605980701836691,2.7844107817192234,100,360
129.4367529336523,147.6035390335874,0.3955469412434755,-24.113733515268432,100,360
148.42732941404435,130.39153756480394,0.3527286096746646,-12.884284508385491,100,360
109.92742046371629,126.91184633936041,0.42550903391954537,0.48447969915260436,100,360
152.3921957715849,136.51555418361275,0.46280184210105396,22.85773223915296,100,360
133.40566602156792,149.17913125926853,0.3702485662886703,-5.453607273564396,100,360
106.87724284459522,129.19955428026836,0.2948927462975638,1.2736943567174641,100,360
117.52360884705669,130.82539125875257,0.31946862421515015,-15.578893367074269,100,360
124.57689933558976,167.71475564569798,0.3960521955062222,-18.880619155748576,100,360
137.628276648457,153.52601769556193,0.37547574397470895,0.5411895709422626,100,360
123.8731575197394,155.66660100848145,0.4410741136275833,-8.689555330259333,100,360
114.3519772416697,146.69402808188147,0.4043505691832902,-12.466345777419514,100,360
109.04100959471309,83.77058225439053,0.3047492225533362,3.9461438417002372,100,360
125.59269023973664,125.16191328500493,0.4333614269042364,5.432493832927461,100,360
131.72402863839895,149.99563026532326,0.4293500847025233,-2.9359174587711707,100,360
148.64295555994067,170.1375696011714,0.4378954377721544,-2.0244709817875104,100,360
126.77243105483913,157.93509096909372,0.37333405185707935,17.402220710580316,100,360
125.63717531253185,121.87493566080146,0.3146529867186575,3.2504315020751555,100,360
139.42111481235935,93.81656444641796,0.35257609953424807,9.372496631063981,100,360
111.96004409134622,125.58873049995397,0.35210406921636883,-3.5011090290149305,100,360
93.67833722366998,121.64381289664252,0.4036023713871429,4.85801851377817,100,360
134.32881230112693,138.653645174357,0.47275499845942376,-8.212671401495546,100,360
133.34148964432902,142.8239865247707,0.43206277118993786,12.928696553219554,100,360
132.49468990349112,99.3867233421364,0.3246666689839832,-8.162971126786157,100,360
126.56765948965992,126.10976531835803,0.33086853280880774,-6.397477670357219,100,360
153.58299237090634,134.15865462427007,0.399761544721576,1.4452991853388526,100,360
143.13227850191285,147.78267947944138,0.3626782184736193,6.479509717420453,100,360
132.7442149328776,113.96542825413745,0.30855368250365467,-12.004062708050983,100,360
130.55603998248623,132.93526170672098,0.4353816358180031,-7.355273680860794,100,360
119.8752466101234,92.6584428885094,0.29635279445745477,7.680320752208732,100,360
126.71250033129677,110.00010516129048,0.3610796721347956,7.049528664342142,100,360
145.5068165836306,115.76687161187131,0.39461845597786543,-1.810365410478716,100,360
119.27305698151216,132.2046812798019,0.38510835075182354,12.505627171809476,100,360
127.99227926147461,142.61598671483125,0.506810471998324,15.340576513453192,100,360
139.63171741260908,137.64228136363295,0.44262439624179095,7.58801657816522,100,360
121.51479136040759,102.44515529994143,0.34094746352749233,-3.5706746556867817,100,360
118.84313486565482,110.4947782556652,0.46425651710190763,24.647944705102518,100,360
144.95025893746987,133.17664101434664,0.3434974695012228,-0.5820047886086268,100,360
154.28728833403102,107.34791744478302,0.34220477437253094,-9.221810403999314,100,360
111.59639297561361,120.83716320308731,0.3433154250059425,3.430896922829316,100,360
144.88378451569866,140.0427417476932,0.42610732067489726,5.709130620350071,100,360
108.52121075911059,112.46721453545334,0.4049094633114962,-6.778384167802725,100,360
120.69570239941196,99.80757720331486,0.34735467482993015,2.054584398025195,100,360
127.14992970201072,156.585568278983,0.40786487465441096,-12.416859727077249,100,360
118.21891806535207,134.6685298811118,0.44649689157891637,4.542286686998587,100,360
107.40181208877463,117.94878266736477,0.2921203872131032,-11.737592434413264,100,360
120.80643864779275,143.85362182398472,0.44897611486097766,0.4126236997637621,100,360
125.34847330368977,117.92529521876632,0.4193339374118285,1.4837848772719435,100,360
125.88430180036265,114.48895542710986,0.31694882399284807,-10.759478941701666,100,360
143.88435364222588,146.84877422022115,0.40162668509969,-17.392379140276343,100,360
109.29087278826692,133.0891941733186,0.34613773599463854,-10.278867271988085,100,360
127.42640028045757,139.0733665261957,0.3824570851958331,3.6435955965196127,100,360
126.30131533194904,167.43382724197144,0.45321603302097735,1.339773275994107,100,360
162.29920061162133,146.9962278272251,0.39542001143744027,3.182414952113495,100,360
100.41096505638217,104.05356921708191,0.38224869776700426,-4.213871480266714,100,360
103.33349660385305,114.83016001779797,0.3782019825731084,-0.9548640323046994,100,360
133.39933692404605,153.81175765514834,0.3927162531563505,-11.650958454643035,100,360
112.47325556350162,107.13336439952421,0.30981678029240817,17.461177967855903,100,360
113.22753980062045,100.03934063385844,0.3769759081213826,-4.331687348912342,100,360
110.59021981484001,83.09101653786637,0.3492373321447113,-0.8136335169167155,100,360
149.76704747246345,124.23519767632827,0.34886887055190724,-4.34959713867181,100,360
132.80536032986444,110.68254725401223,0.3529657809820669,-5.093090938413861,100,360
117.22312160146743,158.99294415999728,0.40271494485857967,-16.5557491569728,100,360
137.9641830345913,128.30952394535345,0.4698557470439085,-12.173102869770078,100,360
129.63365676800777,104.69404257036126,0.3552356974307146,-6.383818749651681,100,360
95.63235404466178,123.14785799681138,0.432138901932498,12.113389004159233,100,360
124.038411995851,152.9309153106376,0.4119362228442699,-6.412203019212542,100,360
141.79828687878762,131.1609880124176,0.4276505502835792,14.977262629553609,100,360
134.15852267563847,129.33726169394325,0.4089957530743854,-13.825110334952548,100,360
100.19358261356476,107.11819219218214,0.42230307482372387,16.964959438302362,100,360
107.2307429548896,102.2523132675959,0.34347088218191546,7.885809434454362,100,360
124.5633625871353,84.17796377183144,0.2927632545405827,-0.3108473510464758,100,360
112.78829427150326,146.60179796550653,0.38490654569770005,11.687651876928484,100,360
126.99216858481576,110.10427331597246,0.41014734328155394,17.192500099310685,100,360
119.3098706222052,116.52250735709539,0.2940398784462027,-13.170818253105935,100,360
116.83536175925735,130.81769744712417,0.43830064989907613,13.205015005252443,100,360
124.09590284581257,125.11799320423138,0.3415799693018716,-11.102352937368753,100,360
139.8094005393253,155.4016500149511,0.34311672464053444,-17.52731238939101,100,360
129.28440991571344,153.90021992334644,0.4642019992331761,-7.663631693402236,100,360
128.1471419107812,127.86176013859851,0.40225157395004424,1.3295489919744339,100,360
127.88594308476455,114.85275338638705,0.3608684177362777,5.683273823928343,100,360
140.47739378680814,121.87763475532151,0.3988802760029688,-20.384104701430246,100,360
114.31796713786899,126.03613440434565,0.42330895657000683,19.182781765078285,100,360
130.38092104809394,147.4145966869399,0.3492319612996537,-3.318413383342606,100,360
133.95240234850166,128.48929212692988,0.48506657746615056,0.1588577446695872,100,360
129.4719428359652,96.24652133996806,0.3492207446640826,-10.159470340185326,100,360
111.25208228532968,126.90857567263072,0.40673122383545063,7.366990169269074,100,360
122.2805959049285,82.13410159299953,0.29323040696589253,-5.352973088056729,100,360
157.94119079205137,139.80699045547598,0.40764876315802967,15.726687016485197,100,360
133.82004488892701,121.41212875087344,0.42987616829001424,-3.6122308809810826,100,360
104.23564118771888,126.0188191858304,0.29844007500172365,-13.554327187499121,100,360
120.63708209999774,136.11148066058493,0.4138102484108466,14.074709647038485,100,360
148.00371429917067,84.56895749674251,0.37662589273176383,9.292186609547008,100,360
116.42756179102814,118.17391169014306,0.39138742810832117,-3.0609157821370228,100,360
139.48638683600433,123.03980444765072,0.35080926458371653,-6.9842855857240895,100,360
103.61559980583068,114.88668749438175,0.3517988961422399,-3.1907385734582685,100,360
147.33502189506004,138.99960502951424,0.3260182634465225,-23.095241388591738,100,360
145.4747616879949,178.15225330056734,0.4570077685582146,-1.0817493826694893,100,360
109.90116330060177,134.57210709147623,0.3540437351057992,-2.8945662869005924,100,360
114.31642787693531,105.60805903969947,0.2932654737114383,5.45665657100579,100,360
122.81627759751635,96.52808084761901,0.365502842233083,-1.1027073617285246,100,360
131.53106667293537,125.16293274799816,0.35706696605600957,-12.263652382144631,100,360
164.3219101931372,138.97039880804437,0.40535111336572544,-15.606137263266412,100,360
105.68778651997289,123.43701815537727,0.41156621581677005,16.339977670962455,100,360
82.4053878052808,111.30835382749729,0.28996068032516376,-1.148867663387758,100,360
143.4256342723326,144.87177490011965,0.4332829786936871,11.019392941488611,100,360
138.49093962623468,139.91187824261385,0.3924613475722379,-1.5819258280515556,100,360
118.45558286454406,161.23171808776672,0.4045965428220421,1.5120724491893067,100,360
115.7050353472153,126.67075910409565,0.3394799547602496,-5.540995996998291,100,360
147.32772924808933,96.14279277610292,0.4012323751034467,15.924843843377793,100,360
127.64069119345986,140.88550011376987,0.4628478408328893,15.596244657617707,100,360
114.1684994286821,145.66936446212225,0.37216828828810067,-19.272848009004523,100,360
103.99002534579324,146.50013480714037,0.3748329800305022,12.079021882613826,100,360
103.41002231191308,141.73360118736883,0.37821561947008075,-1.3587189067316106,100,360
103.65752695328149,142.72033688703274,0.3564727575055172,4.273678554663289,100,360
152.19884655701657,131.06962334797288,0.40158885496938024,-12.719653891386749,100,360
144.86423587615874,130.07606104126896,0.3792305911522526,2.3704216786181225,100,360
111.85112972647478,104.66100954611034,0.38134475829449466,3.69820522899883,100,360
136.8992631277301,95.19265390937375,0.29989867915396007,-2.731718827710706,100,360
130.03009834180608,151.08455650918464,0.38804908751608186,10.031310609074197,100,360
162.75059130009055,112.42902670010035,0.41119641778353416,-12.09379713224708,100,360
135.94327019929008,135.88521263816435,0.2804951605378703,-15.048784621102023,100,360
124.51145482557806,86.76829225237054,0.3016857229526394,1.7991399339519902,100,360
98.77049787194063,128.56673045545142,0.3932706512058941,-2.580420943593298,100,360
147.03169961767532,134.36503603585325,0.39125848089837334,1.0919683910820737,100,360
129.3259836143624,118.0641439759316,0.3297730974059123,-7.562959893198414,100,360
104.58474735159265,109.2404293124051,0.31122868704885037,-11.519682415595634,100,360
114.38925280852217,114.02422894577201,0.33777492629540384,8.800572069271873,100,360
128.2899765288436,109.32587374149102,0.32342444080415117,11.373383521987238,100,360
133.68702024818637,80.77551378183841,0.3130745685621372,-5.372631297478001,100,360
114.04923044767754,98.01934596524406,0.34008291743003205,-5.322433396050803,100,360
112.35576218304587,145.5946838099625,0.3835035710813379,0.9738788158768551,100,360
151.9745349108859,142.6916187419311,0.4110168959249324,-0.144270317924263,100,360
128.20883329521882,112.99423081564466,0.35430071040605504,-13.26840198600278,100,360
119.6828166899777,139.43604567209925,0.39447865667725424,3.03124111331395,100,360
138.2552703388069,125.71163461606828,0.3689441665289849,6.517930700360475,100,360
118.93345522784176,129.388634345796,0.3448321879881434,-7.229140903640852,100,360
87.82839116224348,88.23397557070176,0.327976456493175,0.17725480106087418,100,360
145.3922790579553,121.29025548307042,0.39103223877965815,-11.146803247918358,100,360
117.802433205937,120.2663583622799,0.3987817835109098,-6.288942704083765,100,360
143.84549483190335,135.79610814687373,0.3688846434843408,-4.442637589359945,100,360
130.83073475141578,132.8808060362345,0.3593179990481777,1.1395400733059242,100,360
111.33888212907814,105.28849116092745,0.40035755946988477,7.093812905285333,100,360
103.81162486558992,118.1748198934517,0.3667762657745263,1.4881840071395003,100,360
121.44042051426936,104.73665503373097,0.3176620690259518,-0.6312280996050462,100,360
122.87563136259189,105.39399050910124,0.3260083435835226,6.503836885510016,100,360
139.7554470531853,132.6157268767891,0.38618576361317397,-9.067868697768988,100,360
110.8057400480306,117.74934159558708,0.3183241700781628,1.8647957029437314,100,360
149.6172132455182,146.83237631355334,0.38548270406237034,6.43407224727294,100,360
102.9982087229206,106.73304982979019,0.3370912480767517,1.1258755561912814,100,360
143.25749988309633,111.48540457405014,0.38864178635231644,6.230912684717353,100,360
129.95290531650352,139.57728081028353,0.35267413945048376,0.965291112095047,100,360
137.59847151638175,127.39553995102747,0.3261372437566563,0.45085191171893535,100,360
151.52525563436,129.870207871728,0.44131454920351193,-7.357721027837221,100,360
133.1379343731185,109.2454650863568,0.3252760780907592,0.8175466297700628,100,360
113.52433668571479,149.16205391381735,0.3937181380051341,-9.732026790213272,100,360
133.47961591194115,178.27951217634157,0.38033912273995263,-10.489276030240381,100,360
124.0622290988326,154.2788349316142,0.464846181141206,13.291467382146834,100,360
138.43724298621646,123.38199898513858,0.33064697449473585,-7.0335736428180065,100,360
109.97761978057943,115.92578645275407,0.33513265538027753,1.4532196916352658,100,360
116.68380948973505,102.81419841153522,0.26557842866350545,-8.62184764598813,100,360
113.91534984336302,96.15277197834871,0.3431019810959281,-4.5225287205421125,100,360
153.25877278215282,101.8330186272142,0.327357831826332,-2.763724079330566,100,360
134.41011042815182,99.18707701725087,0.3870940030235384,-5.543027745914901,100,360
116.75937448426596,110.80126012857554,0.417742616127189,-0.28196194087222887,100,360
116.56050514740726,105.54280193662122,0.3774763465389737,1.2295882528545794,100,360
114.97719919537275,155.9400175466418,0.44434945412592486,2.696322297580572,100,360
138.25780778590166,107.04805945976157,0.40129069179100607,16.046231404605628,100,360
122.56101992012867,161.97650403036923,0.38536191909799017,-12.02638342905535,100,360
95.06851141020526,87.16769388501778,0.29631828001039523,-13.017963931230042,100,360
149.4219882208169,144.87485986098423,0.37287056491596127,13.699711383142015,100,360
126.96725738030962,102.0267540717835,0.3564341600827223,3.206863988716266,100,360
132.73232049687374,138.480489580437,0.34182648209850464,-9.97431933534003,100,360
145.5267262911026,90.67887915691485,0.324197188276882,-0.09264096887270372,100,360
121.95777649352966,99.15710467107604,0.3828831403449088,-9.887376096085935,100,360
134.50449180695088,103.14875761483589,0.3272075669510911,-9.478074692006976,100,360
133.8189142270003,103.22928729118695,0.38455752228717444,5.755543291677515,100,360
127.01269230248722,127.32141814987085,0.41645999098845077,-2.793627982407711,100,360
114.35561206163459,104.56123451692662,0.3385419027646514,2.0851039245794603,100,360
110.45194794325948,93.24655195703895,0.3563112494164213,13.559847556018347,100,360
98.77852439619373,116.6447966697076,0.3198098216282345,-1.5250770683712127,100,360
117.6408964673454,109.9383681143519,0.38477933277177606,12.10519710877533,100,360
118.48934125788173,121.9250649846928,0.39259412327696597,18.548535091573367,100,360
149.98791709057224,119.36457911874577,0.42780188975117334,12.041175109472576,100,360
105.72431597262431,130.74506882193597,0.3878533926020626,0.6496077959768558,100,360
135.8602475169852,132.105685490002,0.4110599672518105,11.233657700198334,100,360
113.59698868745558,156.14493113985526,0.3925422875040775,-3.9582088176597643,100,360
132.38984431821632,114.9100145725907,0.37034622938940376,3.588614310305662,100,360
152.03251363285847,144.2899554529547,0.42326363344302725,10.607231350986035,100,360
129.81639598829292,124.32272160949844,0.33616803142025703,-1.9124322036928088,100,360
128.7467934331949,130.30922099812724,0.3488977330327597,8.489465797118367,100,360
139.14297348913843,157.78606103208926,0.48434477088041106,13.902669600260653,100,360
132.24545501231796,138.85186968478757,0.28569352770832673,-18.744357172050346,100,360
121.04581304133531,132.03172933900746,0.4145498209726554,2.2145250910669048,100,360
174.78443328334248,100.45325485383451,0.41855648220068953,2.391888480171578,100,360
122.32055840088246,102.63357415553435,0.3000131326831782,-9.441788843915706,100,360
123.88477908182469,122.6891356156627,0.3665036028697618,-6.065523301244478,100,360
121.57063705525518,121.58301667927351,0.3953360182735198,6.757909145131141,100,360
138.03602265726576,131.6225552598016,0.37447979678768384,18.724459238902103,100,360
128.4359580993652,112.79038202807885,0.3257909099532572,1.2056938887486743,100,360
102.60096642623313,99.09300023158777,0.3113960466143373,7.00757892621805,100,360
124.36042735685582,137.79959567587105,0.4152625001695154,6.582107847256268,100,360
133.24004544359204,145.48471418474776,0.3524946281837247,12.934261608332745,100,360
118.42747870323582,140.90395257480102,0.434171580309966,7.068961307452453,100,360
162.34299840565166,104.71575511776607,0.34542596951868015,2.7684398439659086,100,360
133.5589840709218,112.1589123940709,0.38046276585842126,-5.681140219707435,100,360
107.11507245794353,134.17011183138396,0.3150837260828612,3.8513739504668547,100,360
107.27341914905577,135.97101204879186,0.3713252163724882,4.688884355073805,100,360
177.36349452557792,142.55230996638508,0.45444873477857717,-7.674505333489215,100,360
127.7471459650981,145.92057598033261,0.3782368957257537,-1.097029202324557,100,360
131.58099420574746,140.6060127133723,0.4258478648037243,0.7208489694461616,100,360
132.6389198413334,117.26839098314937,0.2837812628212919,-1.5211965175685256,100,360
109.88950486922612,137.16820936414683,0.3583623762832907,4.517599602898233,100,360
160.8099232777602,129.99518365396636,0.4046893035677022,5.221364112172014,100,360
113.67963076437418,143.42414617805423,0.31911405493008355,-18.3368392609533,100,360
150.80515436433106,159.91409020504688,0.3788469611946071,1.9412644687641372,100,360
141.1354940909143,136.72400147649768,0.4426410436423235,6.8012432643251275,100,360
131.59185803463077,108.13403298451138,0.3903818905602011,8.281880047069496,100,360
151.7063851952822,120.8713239825592,0.37581391756638577,1.2255427129021481,100,360
138.0063739820821,134.5572344846616,0.350088451397146,-2.5319044390267034,100,360
155.30945871160375,126.6805386219434,0.36141128190533234,-5.237778903789918,100,360
113.3384390827654,112.045957641588,0.30594991785834363,3.7242198911697795,100,360
121.65627529844788,117.05569846685796,0.34323235147830267,1.6600676689689395,100,360
99.29239440760828,104.56629168710205,0.38439300951384553,-3.3159686201217484,100,360
115.26771423588258,143.55434187167222,0.40524871787617156,16.672252988430024,100,360
124.77219976790805,102.12076789064238,0.3588540563455491,5.616528056777892,100,360
129.03093119617392,117.83225245389436,0.3777080029728439,-2.083110255911292,100,360
105.12510501023768,153.67112558556065,0.3550998091918127,7.13979132704453,100,360
135.8354826889908,93.30486527458062,0.4351121023469947,9.407779128450247,100,360
120.37080356758109,125.3486357364591,0.3281794525391209,-3.274352775325448,100,360
128.4040789773889,121.27817105243597,0.39466419405432673,2.3118309751498307,100,360
126.22742374867862,153.5684523255248,0.5687254430386985,25.39040729001635,100,360
128.5496725178897,131.89812205682176,0.4610058027274495,-7.220908525750662,100,360
112.8017418171673,116.20533984018937,0.34875653481031677,-2.8317620440985527,100,360
129.82924957268074,162.90490722173016,0.3921495748206972,-29.170065359696867,100,360
100.1510370208348,123.0878717828947,0.40351529702421046,8.874652913427186,100,360
140.38148089836633,117.79920719620276,0.4133377539529006,6.916549630366038,100,360
153.97723783940782,135.8893644272939,0.4679278385457066,12.711904356496838,100,360
119.03126422523104,124.0057462183614,0.41329136776691566,-8.125696825236936,100,360
105.46311530982952,134.41738607121238,0.343043649956288,2.8426746721034997,100,360
110.21188597739777,149.79096524082667,0.4719665671897525,7.368977031268831,100,360
122.89307820245443,154.88198839545663,0.295149737008801,-13.455272971522145,100,360
106.16524511827613,120.07951255054103,0.40655819539803045,-6.549944094779564,100,360
117.0594484770913,158.1118601148871,0.45808926855819554,5.9793219594745315,100,360
118.26947965084852,129.83406361771313,0.39762876523177126,-3.8466277950919405,100,360
105.16179859854026,149.4772859900978,0.46150959124889684,19.974070750238248,100,360
109.56761763349836,129.00463337171476,0.4224512917406785,18.018539811156952,100,360
91.39007143320295,124.1716274889545,0.4156194258877326,13.276571631333754,100,360
106.95088334733624,132.27569963429366,0.41517921789095175,6.874781296720204,100,360
124.3715231234893,143.15763959703384,0.37758803974893346,2.430930857023165,100,360
139.8021178189049,153.78083113140673,0.33800811861093083,-6.428712268780261,100,360
132.94922692575497,115.0470949225198,0.37973023515388354,-0.5247210622796771,100,360
97.92559002419961,112.42289137243314,0.3304651259177345,-4.357530326226896,100,360
137.99061336952926,172.11193542850486,0.3979895355721922,-13.907997657010599,100,360
103.1892403368812,119.1292217740262,0.35258254165997355,-3.4948999600403035,100,360
124.03078537118729,103.03895857698676,0.3382395842944349,-8.073212653220336,100,360
118.9194441333351,134.45163680204072,0.3562122627223367,2.7808877743060463,100,360
124.48519670436458,110.63311745071329,0.31339192693103224,-2.668796504719333,100,360
115.494282710323,126.70879892289403,0.34004762048159504,-7.380037742237302,100,360
124.8698483877135,101.37600439176758,0.3631203961348373,-15.079832124722685,100,360
127.6681136910794,130.8982659259108,0.34753651045966366,4.2039389118119805,100,360
116.37204911910615,116.54872336549917,0.40236357489330193,3.738194314430137,100,360
125.3564082365859,125.31327461881476,0.41972327995577224,7.299676597790172,100,360
144.7165805560599,140.06474586798277,0.39782913028645306,-1.652515710248366,100,360
104.78065257135749,86.95202535254711,0.3062642581034063,7.445663184687692,100,360
143.5404630584776,146.70360231426469,0.37459452222905804,-3.8517280206907984,100,360
130.0101134098,142.39619810032048,0.403025960159329,-18.480109689299614,100,360
118.06529734093942,93.61834891906472,0.3257444577014814,-4.453145282243762,100,360
97.57957617813307,93.79473452152499,0.427941246589905,3.459025802046958,100,360
136.67777854033076,131.95351038926663,0.3619381339029528,-17.37571999250353,100,360
94.34934308000952,113.98719797313242,0.36414027339854105,1.402966783338824,100,360
140.61077793154612,119.05824449241256,0.4121106365703473,3.6300033584044056,100,360
118.42509476472195,129.50522324634542,0.366612317093667,-7.370869092074048,100,360
139.06838806805357,157.87400383346466,0.46588669728241466,2.9631960657048877,100,360
137.58476112859898,134.26972762204443,0.37492952717556277,16.391915623127893,100,360
154.96149781654972,123.58967900287635,0.32893912459908603,-0.6154623586570223,100,360
116.86110729834753,110.08096534504725,0.37966630486784153,6.362867332847866,100,360
132.33376056156553,124.03233734283585,0.44227459610152736,9.54459294364967,100,360
118.03782344504383,125.46183497317223,0.3133108889002902,-2.0744159852232222,100,360
120.52323496308357,117.53154877738748,0.3324822036899303,3.3392622603107114,100,360
118.63767421304775,122.01581475483661,0.4167959203024347,16.720931051602147,100,360
118.924260976458,147.00147567114212,0.47256304289971013,29.570721324144305,100,360
142.8390777347042,147.27876072149627,0.44776167515248705,21.18215402094575,100,360
147.50996957312609,150.43561938035663,0.38207997574019015,0.5622677086277841,100,360
107.67113125272418,107.32771617843513,0.2882438821990905,-1.8972815358080592,100,360
125.55967476705575,143.19295839361575,0.3580277546341956,7.390564288478967,100,360
126.51858117055068,92.40885209388759,0.3655562145316294,-2.971613686847475,100,360
143.27132422147585,138.98159083988597,0.341563424570424,-3.9486707312975,100,360
120.8897898466224,132.1219608529485,0.46139366048066305,30.271151987753537,100,360
147.12981611039697,125.60538793127283,0.3645399815964898,0.5098889615936734,100,360
139.92223142966756,102.66373666607801,0.37081848531450107,6.557704226964977,100,360
139.15038071511745,148.58195697041396,0.36855013177702284,-15.680248006851173,100,360
117.61878480398656,139.2818743215132,0.250858646791795,-5.088670354026071,100,360
131.21606111715687,112.68230651454202,0.3813141659354985,-4.275760824167881,100,360
122.43851099299803,147.92534442292555,0.43213381872508144,-2.2253022462558025,100,360
117.098703911148,135.9748116069142,0.34965468760408097,-7.848390686692095,100,360
110.12601337399171,121.53993028870065,0.4032904606760313,-11.642450733023026,100,360
119.87422530590696,144.1667882979879,0.345850739543304,-11.35884086424494,100,360
120.73253764603074,117.37867221971057,0.3908542813937663,-15.934788724575624,100,360
114.92159004885549,143.28935187918384,0.3917794270259635,-0.9120338538228085,100,360
149.18058853529425,175.14444603272938,0.45274097128136176,2.304897374858045,100,360
116.24660785284577,118.47097520837026,0.34479418998002875,1.8437760904481082,100,360
103.96762301277288,122.43638513048866,0.35436634965662017,1.7038474503857886,100,360
141.52491420247986,127.79782561546352,0.3824697057339151,-14.555539150037836,100,360
109.76183502885252,126.8502618479916,0.33980649960431814,-14.807568370507914,100,360
150.17954546420248,136.88436238915574,0.41580718120666377,1.4963380398443278,100,360
109.5771340622593,99.17748994592768,0.35410508116066863,1.5061587515623929,100,360
101.13743629047723,106.91526973868643,0.34183863878749954,2.172166366255908,100,360
124.80723044249471,108.67309360722108,0.2791259672521862,-14.027126848951312,100,360
142.6464159307137,136.45448026097617,0.40007586578587506,-7.453491072801541,100,360
119.7104135426555,82.90407845642294,0.3024154060428057,-0.41072667722549616,100,360
119.90164475987616,170.04629354844423,0.31313051256470664,-24.51142799079658,100,360
137.2348784606293,104.21350406783557,0.378243102505066,4.254468522460029,100,360
127.11127386312899,107.28657018648804,0.3698352838312676,-8.116253779345408,100,360
111.53205524008331,113.34171242771282,0.34993388616231386,2.173905879115917,100,360
131.976118960896,113.67271411198746,0.4298904887690397,2.168901255530096,100,360
111.75016473015046,160.08176146925413,0.4284772932164514,-10.603429577964832,100,360
131.30961279969546,117.29729895209653,0.3176526879802355,8.162110480931549,100,360
115.0369581466853,166.2362952747998,0.4210394490380814,0.9576921558155328,100,360
131.89355205374483,149.54554946439617,0.4368221195412579,4.834087417533941,100,360
143.69901853590068,111.42581331359281,0.3325984943098531,-10.986073607459177,100,360
133.07007704940236,86.05049338571484,0.2884831294755123,3.704791374174043,100,360
128.87764066785545,121.65341050926646,0.35228337020203293,2.1715420427496945,100,360
113.28659379828446,103.17761347700954,0.3833536720306063,-13.344030206855106,100,360
117.99829891839272,137.28890407930837,0.3559326192926125,-11.83169565763514,100,360
125.4151131738423,112.55625078225884,0.3231081442879745,-10.408502645068461,100,360
125.740594807015,102.77164789422747,0.3160573150956555,-23.195832755182106,100,360
137.56862989982028,130.94365293671197,0.37558447260027383,-2.5614785462912892,100,360
102.31176153510624,109.96990576471202,0.41090645375491835,10.172628311191588,100,360
105.32932189408481,130.0985519099526,0.41264538969738634,-3.0459944953095905,100,360
140.16208078437998,117.74991893356847,0.3819691358294026,8.942982491456688,100,360
102.98270821229514,148.03621636729642,0.3588456284564154,1.8635568009541814,100,360
96.74357768266968,122.84178785831612,0.4033658044674925,8.50542730692709,100,360
133.0992938248152,102.58847188617194,0.3718367276534488,-5.283911703906367,100,360
119.54921925883795,130.64989398392137,0.4881036459361554,-0.4473204886802059,100,360
114.12229208659701,113.16715861776723,0.34188477077031726,-6.704619067889571,100,360
134.19313157302895,142.83650863138834,0.3967993915957491,10.052389104340474,100,360
103.23273797821616,114.36231930730291,0.3363551694161268,5.861051476083256,100,360
142.45696820617056,118.58065230608958,0.49276212098554645,27.380629821122405,100,360
122.1102948353144,113.43736528713428,0.38893828290260024,0.969409456129013,100,360
128.75829581444896,136.96112188067679,0.39022865259678063,11.678313729612066,100,360
133.32760034353035,163.09476362793993,0.4437017876489006,-0.230338496107283,100,360
152.7742942802158,102.96516201998328,0.3499564344252223,-0.49456783644233393,100,360
103.64733882023357,139.40137393162914,0.3613924360977453,-8.002655682471312,100,360
138.4332540692942,131.2041126357219,0.3260872252405684,-7.140323798496953,100,360
113.72939789132495,105.87038647400422,0.3978277608437159,-1.8893035969568552,100,360
107.06507572964897,111.09029765738927,0.29830821647149924,-0.023537848117825083,100,360
132.59153285704855,141.20032970555232,0.37848286631613975,-13.225725233962716,100,360
124.5595701047045,131.75261528478725,0.34197019954280683,-19.200467858744382,100,360
113.90589419216893,92.29065868983517,0.34172101618519773,11.06501850724566,100,360
107.24841878608036,118.45267911598188,0.4494971370907454,11.267048320940418,100,360
122.73449553925512,98.54402348052686,0.26125009107820085,-7.083865052828927,100,360
130.95927518375515,152.30898059406653,0.38178203952234746,-1.6288209507664912,100,360
135.9453640402824,129.10708427613278,0.44518956782193403,1.6618510232550752,100,360
136.42020928907735,105.41305412641233,0.3535522057937582,-3.6437053238730037,100,360
119.02245509540755,165.7986707750613,0.37348921995166895,-0.9624344529307862,100,360
122.36574684596755,118.14579643970558,0.3350424407977699,-1.8166850628131765,100,360
124.83455693065693,110.93751405004838,0.44111430279308483,13.474039058632693,100,360
121.98715911868032,130.2384355070471,0.40543880973620566,-10.991412516061576,100,360
127.99201041250451,121.96493643563448,0.393260073105208,5.902084522325196,100,360
157.76904261870874,144.06137324661907,0.3298083195089927,-9.132563318863722,100,360
151.51758538454325,108.215400998303,0.3540658169771349,-11.77771801151125,100,360
136.1226403998821,128.1090045038028,0.3308156611083699,-19.27957875137534,100,360
141.21918541428536,157.49293649696094,0.35560875158851446,-16.814086338549885,100,360
147.23047425498126,177.70038354518604,0.4108935670418227,1.3885574714503124,100,360
91.82382441831246,115.38603524098039,0.30777454372587243,6.1172671863913095,100,360
131.4641436831885,130.99660230256114,0.41148884983117534,3.8698343879485133,100,360
117.87310330892328,96.44979228572798,0.3056714977589718,-3.6209367031521653,100,360
134.114923267521,107.96536209274417,0.3128464364091357,-10.35748279980092,100,360
104.03223643537241,137.80667396430084,0.3849579673403687,0.42083050715040937,100,360
129.1358521250788,123.42138444822804,0.3041523757898264,-12.313131423709008,100,360
140.28811013414742,151.26254826265958,0.36585919078998935,-9.768459191315928,100,360
150.91799615399134,135.7353890787683,0.3528097071610731,-7.797428657070921,100,360
130.63098076344093,122.70829070134965,0.39646320628994003,10.708746136881516,100,360
142.2238654374782,131.99654227497265,0.38069469455631677,1.0864505463764411,100,360
132.0340790065717,115.83850573385986,0.34861164473241435,-5.919391451055299,100,360
124.98746085708356,122.75435187274365,0.39134316323207274,-9.215358051316132,100,360
127.67553881288862,163.56102030037775,0.3547579119789027,-4.329729049665053,100,360
139.49183130509854,125.76744474688019,0.3940101719629121,-1.4800969790169958,100,360
142.6827248553809,109.14593127078615,0.39604351420767847,7.164326097991713,100,360
134.30545443553044,136.50713067682463,0.4482594434692512,4.359609923823344,100,360
137.06144536609222,116.09302790676679,0.4486482083364492,15.13238389722729,100,360
127.09305492595811,96.50440556239076,0.47520197241609474,5.595362766751034,100,360
120.74523007021835,109.30966548174611,0.3406206073768127,-7.314989296297398,100,360
104.82860113662716,101.75605208143277,0.4083168814392605,-10.275477008119067,100,360
146.0542225398298,102.69120358933635,0.3764203742896976,-5.62229140494821,100,360
104.04961775037577,134.94081777725654,0.3949027025203486,7.480933533166739,100,360
155.7553167149534,134.84457672149733,0.3946417500428277,-10.24383625208266,100,360
127.67709055079376,155.95005398874875,0.3584717909074282,-0.6408458037379422,100,360
134.04466441987984,89.49831307045133,0.3318976684742765,-0.9219385934483157,100,360
123.67653835653604,108.42310997098396,0.36834183804603043,-3.62203798604705,100,360
108.7170436452928,120.57143821710805,0.3818787796128063,-5.018762234462693,100,360
129.3576070594514,146.50943969870758,0.4834130169491962,17.466946238694216,100,360
153.32461888988263,120.99581799203057,0.43595336596275885,9.984113893449534,100,360
112.3519064828547,151.56358547859134,0.42314406760640766,-10.198876295799012,100,360
107.93717154703138,112.20575412116764,0.371353891443616,-7.74908218273285,100,360
113.4651520694761,101.98605052491821,0.3275722224946289,5.766790275126056,100,360
150.46394521485365,99.66568129947598,0.44415564719689776,2.549400241686338,100,360
116.84148229205643,154.386285373202,0.45225805399118263,9.407350261951906,100,360
108.15650736559773,154.86971313475613,0.41738992915180906,-2.5354790619899332,100,360
134.722678520909,127.03855099719888,0.3738041594864353,-0.8493578926145665,100,360
117.47895628294424,98.01794877800529,0.38309623381610436,4.507169940116304,100,360
127.8034110621878,144.07400655888554,0.34410217944413324,4.34780661950213,100,360
102.23193872057129,122.34960637504685,0.34303262051310945,-6.758701176785113,100,360
103.87811870236976,110.04171415588199,0.30759604732529167,-13.404111947294444,100,360
117.3262783251004,120.71255729328338,0.347093168727707,-7.360094591849803,100,360
126.68223903301356,143.15146514576648,0.4396327767563883,5.485178766904783,100,360
142.18332273786118,159.0419064369581,0.38038431006913803,-14.149871664093258,100,360
142.89972555639434,151.54987469182734,0.4390668917890051,14.321412235546248,100,360
127.20888138317949,120.12086224666835,0.36459848431587505,2.104329062238627,100,360
122.29263039107742,149.8411758773967,0.42185578940627977,-8.545604678675414,100,360
94.32623842598281,93.92034806579387,0.269517985847608,8.470421972187975,100,360
157.9598819346739,131.82735506405763,0.405280289358035,-1.2272658171496618,100,360
126.80164646281429,137.63678090525548,0.3423776901468168,-7.122028714267324,100,360
124.57836607756758,176.56523248928912,0.3296758355978952,-1.5827085089256803,100,360
181.98818403295823,143.9106486250193,0.41448527549708397,9.76058903526525,100,360
147.1019160271429,143.03564602970786,0.38449722581684115,-9.281838690310142,100,360
88.31269767114655,77.58234193182614,0.35480060682513326,14.591487501859348,100,360
136.33011269168003,171.43751581094094,0.46467389572176293,-0.3570673037768723,100,360
138.12106495574184,119.99845695548969,0.35453046155653994,-8.097272758651737,100,360
131.86423407465733,108.3081682904855,0.45506961023807324,9.057999331609661,100,360
118.65628988514933,144.99408056802727,0.38601964191713356,-11.608523891273013,100,360
135.9097141207221,125.51296851044795,0.3855071484525777,-2.2690425303655375,100,360
125.04874512588177,110.36814976618268,0.4209653482224628,1.4143127157130948,100,360
125.22425811660553,138.7367988791172,0.3311486614849796,-0.8925165669511395,100,360
102.55502865008138,112.50069149348745,0.3773612524842968,-2.2997300695089042,100,360
118.62657355805791,125.14216490759054,0.4062236799295403,-3.2190433135684255,100,360
125.5343563015203,155.26040629228544,0.4489390873404786,-25.45770724147824,100,360
103.94125101621229,104.75790005563756,0.3246657997630019,-12.340177588415072,100,360
108.75407587429748,143.01948731805103,0.4701408194635709,2.4615254244207794,100,360
100.63237209307339,105.41284288422202,0.260072252524997,-10.199643167406705,100,360
115.01692243106982,125.36448600646297,0.30713065634922976,-4.740175669535293,100,360
110.41896506664153,89.7116397170371,0.3244866342849492,-4.895996212781701,100,360
109.95439752103144,118.83318998564178,0.35876980389022267,4.372750468819663,100,360
119.52303498003954,145.58493295677724,0.3562843776942725,-11.754559109735657,100,360
125.23081115567774,147.80065546060794,0.36051468699323436,9.82165898682049,100,360
162.6581311799523,132.96778468367637,0.363721778206604,13.262972616684166,100,360
123.76628327769522,133.43338840600444,0.4236348805069342,-1.294061829253267,100,360
103.10531259314527,129.584439094468,0.3716104411294355,4.298356057602871,100,360
125.87272819846125,159.00217157386012,0.36276573501789156,-24.606226607659995,100,360
148.26854406223183,130.17570410958214,0.38578513958482247,-5.028213394988149,100,360
117.76865185432334,114.44587051123271,0.3743289299259268,-4.223661736674285,100,360
117.3780475278023,111.3237229682421,0.37946844509282784,10.82772464084241,100,360
98.20764320173863,134.37821133621227,0.3864823477098388,5.160429986737781,100,360
121.78189134767193,141.98331059562932,0.3395235231873524,-5.308408796636528,100,360
134.7161565767808,143.81447376990147,0.46291434524789016,-5.927594878232988,100,360
111.8072316222578,115.41356962792295,0.4303922509172406,16.951610933569004,100,360
131.2678181360914,144.86879156847314,0.40407809018831153,-1.0207188899339295,100,360
121.17758116196555,156.62898157172845,0.4551667097238331,-2.2127332163858457,100,360
105.66415021334794,104.91586450612954,0.34331522662923375,-9.163797218118708,100,360
117.89370655273088,86.32920756864698,0.32963153385340577,0.10490122025296289,100,360
118.04567635905248,127.03463972168372,0.3457146345643884,-1.7319107807756993,100,360
158.2590196641473,146.39295235508348,0.4839371750560058,11.417007821348902,100,360
145.62781010409543,118.88926306402966,0.3447192407860477,6.655560812230796,100,360
121.31408140723923,106.08512510278707,0.2632917605646512,-5.643685062871826,100,360
144.14877408155448,120.42785604394193,0.3636469803668101,7.592604788385818,100,360
127.93582462482014,115.81805514073636,0.3528422207726414,-2.904293670629798,100,360
133.2554856936078,109.36561509683266,0.3526153821118873,-6.252606300658744,100,360
111.91317280066976,117.85185823253589,0.3779524420250733,-0.21442382349580483,100,360
135.96991730972263,115.03451486563607,0.32417187339635467,-5.676936700368941,100,360
116.3151953027312,106.37761644901924,0.3653203701895982,-6.628046655501741,100,360
125.51443131992248,114.5698569731793,0.35873247891571564,-18.248829767791193,100,360
122.2669192203265,114.6055031065337,0.3392962490355925,3.262374546545089,100,360
131.88085630209005,148.84727193897538,0.34996533108588307,12.046791498133762,100,360
136.3808678656322,122.93867824622059,0.3861233127829132,-2.1233097747265304,100,360
124.03477884517912,114.19981490939224,0.4364489054074847,12.735184728851475,100,360
159.41487626520407,131.260193283808,0.3456481755753142,11.908455632611972,100,360
106.09714485004272,92.73374616622168,0.33644024920424187,-4.53860061923295,100,360
99.921293512423,104.00991620503619,0.35201898984104185,-14.742606979571002,100,360
102.17833769998188,93.75809562097423,0.36115459966790625,-1.1914493759375353,100,360
112.21793949065534,136.0657936146998,0.37790749297418946,-11.219910806179577,100,360
123.42923394199816,134.39286104404806,0.358338567395562,-4.882675780880883,100,360
144.1735255622767,128.7234268761049,0.45246174320667204,24.5147453265975,100,360
108.40086466182228,105.80375173223031,0.3220302418132947,6.296940986491354,100,360
114.62677937090861,118.19969365673519,0.33804976422775007,-11.85806782486456,100,360
134.5409920882442,73.895501481994,0.3915616826086665,9.269393245621488,100,360
128.5788983432661,116.06170153704649,0.36705074403592425,-5.562079692852342,100,360
113.60876591106407,113.70341052665697,0.5134511633955906,19.270239055182213,100,360
133.87232349719727,123.87612029451522,0.38633473935033,-1.8583752346421025,100,360
138.3372335560743,112.34204721134459,0.33988959270386626,-14.69875365316383,100,360
120.31251098516816,114.2848339870712,0.39979467318270706,12.595926126427493,100,360
117.57313514633408,131.16559529647597,0.39288554010998594,8.46639782257317,100,360
132.7322481145461,161.2697844590043,0.3832265392712682,2.6814755625693483,100,360
121.64238797161832,129.2607224782418,0.3761601957302787,-4.642524104824807,100,360
118.23546620639804,134.12509383217127,0.4120925889024055,5.701980451606477,100,360
117.42467057685049,124.02401411232987,0.4224642344617844,-14.937755932490967,100,360
130.11605812775352,85.7742845874722,0.35661478019571025,1.3918845264839406,100,360
116.5057630067918,145.27371341876622,0.40507595223575327,-4.495070325420731,100,360
117.0510820841181,147.19424142936091,0.45335917334415554,20.772592432936367,100,360
136.81147439307153,140.98040564960672,0.4105265628721719,-0.1248144617476615,100,360
149.54231346451257,139.31570507796593,0.39308272992557336,1.6916831127280043,100,360
112.93809056342596,125.97987370348228,0.32212055417501256,-1.4704181191374401,100,360
162.6241371870105,127.96273937899264,0.4092082135448184,-9.755654814535907,100,360
130.63491554468234,132.33942516394492,0.500345377824611,11.076091758329746,100,360
149.31756302571168,146.1867927346102,0.3278272165662919,-7.813312969763794,100,360
112.04451746443648,129.9309312017745,0.3537064505046926,-7.874570995005965,100,360
119.4274576700653,160.2113630859763,0.48186123617871723,15.360587083445594,100,360
136.41022632173568,129.2325859336747,0.3905750802202084,2.5365150202763274,100,360
108.91369381418937,127.27532807600348,0.3921955583745206,1.9431050360616569,100,360
128.66981152043414,124.1979988756579,0.3010509956460868,-19.63257483891664,100,360
149.5999518768387,165.9978500631472,0.4322888136934194,-4.9354581926343295,100,360
125.47318021556758,105.48614014351921,0.3830399919453586,5.03395342592405,100,360
139.53833245916167,111.73607800351866,0.43550788680432595,17.358862980333868,100,360
126.29255191494858,132.70332539265465,0.40016384179303505,2.8617038496408624,100,360
117.34448501055483,126.62160798260011,0.30908663972838935,-5.676128840922065,100,360
125.41575302139033,144.48359618784892,0.36468516249272337,-9.974810563019721,100,360
122.25880796245022,114.17693381292186,0.27416921775753467,11.931324650955919,100,360
103.25893474691266,120.57200130579818,0.34068374591918865,-3.5898692111087467,100,360
125.44062951633671,90.84857014772732,0.2670247961337385,5.0608881373443655,100,360
126.74544409927567,133.03750243642966,0.3612683286542842,-6.422501670244425,100,360
108.7629681961382,96.73281251050842,0.3176249075633253,6.285641394258148,100,360
132.19262721316178,134.16746339236744,0.3387179070364616,-8.41038722466091,100,360
115.038164149492,125.87258521896021,0.35642827207872557,-4.3699059375171725,100,360
138.38326786076635,155.89766016471864,0.40277398680850685,-11.454680081827524,100,360
95.3936803247654,127.4891446844353,0.4017015233009075,-0.3673060704378298,100,360
134.31669843676522,150.2476519792091,0.4268707450651264,-3.397494460224083,100,360
133.35521946100204,121.80339357773245,0.39807372402083324,0.31992970772710416,100,360
129.55913875967843,119.41704603033199,0.320720602089902,10.385058426179265,100,360
133.2034120166244,139.98011994031987,0.33249803168416975,-4.531716825828887,100,360
130.221985943232,119.46712051355627,0.4038920690223631,-4.043804924157605,100,360
124.9275311306937,117.07228428462363,0.34260178484215076,-6.8096649784743555,100,360
129.2064681352658,134.82784559375392,0.3597381191673875,0.7076690675380812,100,360
112.4603924690941,116.18731775140046,0.31886026579261895,6.940843865616694,100,360
140.9302122919245,109.87493100708173,0.3145738294293125,-8.342189700304846,100,360
113.99727702572767,178.47400150405687,0.4199548182354359,-3.8792754641674034,100,360
122.2379980045883,119.64225255926823,0.42016499878794,-7.127468060912615,100,360
137.797068658154,115.60483116753377,0.382283249137827,-8.89489929676952,100,360
134.25431155173317,122.53555849989945,0.38544961074779255,-3.7162382839573627,100,360
120.60170097607345,142.51464946997146,0.41882324446632285,-6.254704942813569,100,360
124.10310274780899,116.78840082827105,0.30985932965099783,-6.034123102681694,100,360
136.81252908108956,119.67011376198559,0.39455898599446165,3.6055199873413115,100,360
83.76499343891876,101.22089908292834,0.33031330393251285,11.277431552135852,100,360
125.33671459801116,132.94308523893648,0.44104981366583745,8.869874856666174,100,360
119.57433105294135,135.21701195237551,0.40422575697310903,2.895583847553534,100,360
131.14008890416576,121.6409431222483,0.2922697606353908,-10.544295356376958,100,360
129.62472076223443,140.9844758471288,0.3249741084298928,-0.507321416811393,100,360
148.06188294514726,109.68534861043716,0.3283014269402418,10.280262340509909,100,360
130.78633330016845,123.79417829667061,0.39711436335247524,-2.9091855763070793,100,360
140.0525078984446,110.49877499672125,0.39470379255818605,0.6939758448982087,100,360
112.24649956966489,149.38121663499922,0.4351622644935007,7.234926949680669,100,360
128.62933554987305,118.1688566700891,0.35882978549009426,-1.1861681741564856,100,360
133.0800393959622,128.88657228998198,0.34619907252306276,8.74821868957155,100,360
127.44401418267036,104.46165193344216,0.4015937197826885,-5.365054928935621,100,360
173.70444345385488,107.56151822095909,0.39601110693999525,13.821045036539466,100,360
125.19790126812947,111.61090424655039,0.3459595807599383,-12.967770052005912,100,360
146.48570791235042,112.7928578250532,0.3760306069916874,1.5873282969168967,100,360
122.47340836557194,140.03354827809747,0.3639378373368629,-3.486880375991799,100,360
126.49637364560027,128.75617748830751,0.40327921539416883,3.9513751200001095,100,360
155.1770376088296,111.93039334033651,0.43320812702259553,-9.231123888565511,100,360
