,rmse_train,rmse_test,mase_test,bias_test,theta,n
dyear5_5_1,385.6003436201788,375.7760858099763,0.7477272727272727,-inf,5.0,60.0
dyear5_5_2,392.72549255173135,385.6985005588346,0.5176846704220512,-6.292666882628139,5.0,60.0
dyear5_5_3,442.30313417383786,438.47063755740817,0.8529264061358656,-inf,5.0,60.0
dyear5_5_4,407.94880704160255,399.278933412053,0.6780769747748555,-inf,5.0,60.0
dyear5_5_5,393.39703756722247,423.4207914907659,0.7517432247861404,-inf,5.0,60.0
dyear5_5_6,372.7529342607513,416.00210336006717,0.7574252940848526,-inf,5.0,60.0
dyear5_5_7,360.43266823823467,433.2444460117175,0.9461160692027721,-inf,5.0,60.0
dyear5_5_8,378.1532702930564,418.0149518856951,0.8419077696278187,-inf,5.0,60.0
dyear5_5_9,357.19943658970124,490.2535908418554,0.9294906921168394,-inf,5.0,60.0
dyear5_5_10,394.3685881676345,451.61423434903674,0.9995756112073642,-inf,5.0,60.0
dyear5_5_11,402.9920904931014,471.6352757516483,0.869732378981258,-inf,5.0,60.0
dyear5_5_12,378.91140675185096,448.06509943682664,0.822169824444259,-inf,5.0,60.0
dyear5_5_13,350.22522515280554,429.95755604477984,0.8306274310840521,-inf,5.0,60.0
dyear5_5_14,441.52229558653096,357.208039289898,0.4923397279951809,-inf,5.0,60.0
dyear5_5_15,347.4653759729162,452.0545689773894,0.8329691672736101,-inf,5.0,60.0
dyear5_5_16,368.17978511410246,504.7528272993294,1.1205347885916792,-inf,5.0,60.0
dyear5_5_17,377.8989613640133,362.1219868129155,0.6602637614678899,-inf,5.0,60.0
dyear5_5_18,407.22876965329124,376.0970619401327,0.6858390027717255,-inf,5.0,60.0
dyear5_5_19,403.1318539469024,410.3117717053704,0.7681326820968641,-inf,5.0,60.0
dyear5_5_20,373.2860554141645,472.8108325042198,0.7600424391619869,-inf,5.0,60.0
dyear5_5_21,386.40687213523177,389.7793179052304,0.7346216592294036,-inf,5.0,60.0
dyear5_5_22,336.53296643865366,341.3387857637433,0.7980255781692415,-inf,5.0,60.0
dyear5_5_23,398.8048812807252,377.0014367788714,0.6450144793072425,-inf,5.0,60.0
dyear5_5_24,365.8405845902466,370.80565439773613,0.6436122139375746,-inf,5.0,60.0
dyear5_5_25,393.16199481469044,474.24738621665944,0.8592060218010972,-1.892082078687632,5.0,60.0
dyear5_5_26,394.20785549419656,330.76262888462276,0.6948179127965652,-inf,5.0,60.0
dyear5_5_27,356.67153423469796,536.464584105978,1.1469699400941378,-inf,5.0,60.0
dyear5_5_28,382.1608790810488,347.2715076132794,0.5684694390576743,-inf,5.0,60.0
dyear5_5_29,364.40596637998857,395.40633109077385,0.7529286719275708,-inf,5.0,60.0
dyear5_5_30,412.46189217914423,293.66747067616006,0.4880835886090311,-inf,5.0,60.0
dyear5_5_31,399.8286612204449,371.2385800712708,0.6429133290033918,-inf,5.0,60.0
dyear5_5_32,381.5854262154151,432.5694549241004,0.768531976744186,-inf,5.0,60.0
dyear5_5_33,423.254159262887,400.46462598669893,0.7438205442295914,-inf,5.0,60.0
dyear5_5_34,356.87824721231374,377.551872815732,0.7956770909326718,-1.1183995235455864,5.0,60.0
dyear5_5_35,360.7685950393502,361.0527431461134,0.6815277586021752,-inf,5.0,60.0
dyear5_5_36,383.9552111466475,419.3579417792554,0.7217893373624003,-inf,5.0,60.0
dyear5_5_37,412.1080208311085,409.86420515417865,0.8367008494940266,-inf,5.0,60.0
dyear5_5_38,407.4589447621277,394.29568008454436,0.7537899796635237,-0.8106156300088344,5.0,60.0
dyear5_5_39,393.94191090396396,399.12999135619964,0.6083885779312717,-inf,5.0,60.0
dyear5_5_40,351.59624097345903,389.2928417870879,0.7011634839637365,-inf,5.0,60.0
dyear5_5_41,415.87863814659516,428.00963774195554,0.7886220711230288,-inf,5.0,60.0
dyear5_5_42,379.87319704518944,384.1050203611854,0.6583565650564416,-inf,5.0,60.0
dyear5_5_43,395.2848656348988,320.1961638329437,0.6565437357344405,-inf,5.0,60.0
dyear5_5_44,357.27303401367044,356.620947225482,0.6198036364773385,-inf,5.0,60.0
dyear5_5_45,347.3374919776633,391.0886515015916,0.770220202202022,-2.8990116831853787,5.0,60.0
dyear5_5_46,382.5106479999391,330.82019285406386,0.5348646709181256,-inf,5.0,60.0
dyear5_5_47,384.1816247991741,401.6583332468862,0.8860947005661639,-inf,5.0,60.0
dyear5_5_48,397.0066645116511,381.20128104017,0.7763898415378392,-inf,5.0,60.0
dyear5_5_49,368.04367381240684,380.51215486499245,0.9444118509826929,-inf,5.0,60.0
dyear5_5_50,418.16924902882727,404.87055544539993,0.6615646971666597,-inf,5.0,60.0
dyear5_5_51,407.7614192147168,390.74949349508654,0.7408411047637647,-inf,5.0,60.0
dyear5_5_52,347.86108338434946,452.1849732133964,0.9213530638039428,-inf,5.0,60.0
dyear5_5_53,376.00964083384883,329.8000656963751,0.4923138133062926,-inf,5.0,60.0
dyear5_5_54,438.3194230999428,422.3201786954222,0.6283452582125864,-inf,5.0,60.0
dyear5_5_55,366.981720707358,388.29756630707845,0.7806604199389771,-inf,5.0,60.0
dyear5_5_56,391.56903925106235,304.42363574466424,0.5649746804919219,-0.05591276214206958,5.0,60.0
dyear5_5_57,411.3367436379428,448.22241502777763,0.8055568581477139,-inf,5.0,60.0
dyear5_5_58,390.59340538894577,412.81392095390066,0.6826043301797406,-inf,5.0,60.0
dyear5_5_59,390.701159242372,487.63152072030783,0.734850249799384,-inf,5.0,60.0
dyear5_5_60,409.2422367416801,288.5194967415547,0.44143411902826696,-inf,5.0,60.0
dyear5_5_61,396.03277431714326,436.5631874845458,0.847305364935676,-1.6285594710834734,5.0,60.0
dyear5_5_62,406.37664692581274,358.04096599877136,0.6503200301204819,-inf,5.0,60.0
dyear5_5_63,468.39960236960064,494.6237627395864,0.8615439580069805,-inf,5.0,60.0
dyear5_5_64,357.9315868058215,486.56294556819677,1.1013915472557032,-inf,5.0,60.0
dyear5_5_65,363.5486269629782,417.48103749352094,0.8099406175771972,-inf,5.0,60.0
dyear5_5_66,371.11046760589585,324.1834614329773,0.5959317393980627,-0.026059176381693767,5.0,60.0
dyear5_5_67,361.6560290294264,458.74702542178227,0.9244306418219461,-49.29754139376601,5.0,60.0
dyear5_5_68,382.128795913978,375.58454441044296,0.7417012615047951,-0.6287916818736713,5.0,60.0
dyear5_5_69,382.34266916820394,430.2292024801044,0.8691678577100207,-inf,5.0,60.0
dyear5_5_70,385.2111434006031,463.1057294686243,0.7793147064642867,-inf,5.0,60.0
dyear5_5_71,395.07733947502817,315.4615665972639,0.5742521859180856,-inf,5.0,60.0
dyear5_5_72,396.9140072694168,459.2171781049427,0.797352721849366,-inf,5.0,60.0
dyear5_5_73,369.7574092113188,347.1852291404882,0.7580840327480561,-inf,5.0,60.0
dyear5_5_74,344.1671408390599,326.9277443105739,0.5962754828978738,-0.20938399407356809,5.0,60.0
dyear5_5_75,460.86067580126644,402.7853026117016,0.7296044084046414,-inf,5.0,60.0
dyear5_5_76,429.88040972655017,380.32803823366305,0.5626523942655075,-inf,5.0,60.0
dyear5_5_77,425.15127209814,394.22392114127217,0.6779467830051488,-inf,5.0,60.0
dyear5_5_78,378.1615065021822,290.6633218461983,0.5008880994671403,-inf,5.0,60.0
dyear5_5_79,371.2298816097648,424.6546636189615,0.7655682032121186,-inf,5.0,60.0
dyear5_5_80,365.1179603908852,459.7449474074366,0.8734728867623605,-inf,5.0,60.0
dyear5_5_81,392.2280374136114,377.6579139909556,0.6822448266829652,-inf,5.0,60.0
dyear5_5_82,411.8061335952473,425.44976201662166,0.6856209908029987,-inf,5.0,60.0
dyear5_5_83,391.26770460474586,409.60051676399695,0.6281245133156829,-inf,5.0,60.0
dyear5_5_84,388.05769008400455,477.37546369009516,0.7822673865648275,-1.120229507289891,5.0,60.0
dyear5_5_85,351.9615864456423,397.5090145728354,0.7430778807362582,-0.4674233769010787,5.0,60.0
dyear5_5_86,404.3607094332155,455.45270519195145,1.0105211356038624,-inf,5.0,60.0
dyear5_5_87,363.4408766681774,406.9481949011856,0.7873610289545131,-inf,5.0,60.0
dyear5_5_88,405.5587966004436,400.8700953343032,0.6465972095290319,-inf,5.0,60.0
dyear5_5_89,405.03528652863486,331.7715077177866,0.6712660372791092,-inf,5.0,60.0
dyear5_5_90,353.52946600436763,343.97952942968374,0.6736324701524622,-inf,5.0,60.0
dyear5_5_91,396.3161091014764,362.565396399969,0.677837333204565,-inf,5.0,60.0
dyear5_5_92,391.76300233687203,454.11709209556665,0.8170182960478838,-inf,5.0,60.0
dyear5_5_93,357.45882630031673,395.30905630911116,0.7799286625407474,-inf,5.0,60.0
dyear5_5_94,349.4960657861545,347.12413725736025,0.7217961360067199,-inf,5.0,60.0
dyear5_5_95,401.1152161993692,457.95933225560543,0.951442637405702,-inf,5.0,60.0
dyear5_5_96,358.0405005023873,330.76212499821276,0.5408914554496974,-3.4981291667482712,5.0,60.0
dyear5_5_97,385.2381027797398,439.17545848252195,0.9003380259285771,-inf,5.0,60.0
dyear5_5_98,384.8927069110733,323.4166559306019,0.5610766468043424,-11.470463333540655,5.0,60.0
dyear5_5_99,313.3907970356926,388.8071501400148,0.7777473029804352,-0.5049422722545808,5.0,60.0
dyear5_5_100,430.5089768711759,455.7161945772829,0.9109401670324312,-inf,5.0,60.0
dyear5_5_101,397.4013504422618,405.87723924030695,1.0044643740967314,-inf,5.0,60.0
dyear5_5_102,389.73150479956496,364.67257003143703,0.6365874186292473,-inf,5.0,60.0
dyear5_5_103,373.2738047778512,390.5600679366321,0.7673426542189663,-inf,5.0,60.0
dyear5_5_104,431.6005097309316,351.69079696043605,0.5962424896420341,-inf,5.0,60.0
dyear5_5_105,391.2841838101816,410.06798216881066,0.7153208454625997,-inf,5.0,60.0
dyear5_5_106,410.8542168458296,424.7094104600619,0.7915268395438367,-inf,5.0,60.0
dyear5_5_107,392.62320253223277,396.92253652318607,0.6571407353397875,-inf,5.0,60.0
dyear5_5_108,375.0456361120159,503.6638263762844,0.8653846153846154,-inf,5.0,60.0
dyear5_5_109,367.5970676796357,402.07658888989465,0.7996659843544216,-inf,5.0,60.0
dyear5_5_110,404.2124802213146,466.48847788557435,0.8434535766097534,-inf,5.0,60.0
dyear5_5_111,371.3983149306595,479.2056795712394,0.7888240604298592,-inf,5.0,60.0
dyear5_5_112,382.5229840589103,399.0327889618429,0.7060253332729441,-17.613414377680318,5.0,60.0
dyear5_5_113,453.1488212129285,402.2405996415578,0.6354391002632208,-0.7889489221940068,5.0,60.0
dyear5_5_114,393.6540623864224,406.3376059387071,0.7192069211110645,-inf,5.0,60.0
dyear5_5_115,388.5030298037155,393.5878766764376,0.6919750030008402,-inf,5.0,60.0
dyear5_5_116,385.0395271916898,343.2621690001196,0.5456698046970153,-inf,5.0,60.0
dyear5_5_117,389.3535240198381,451.2549168707195,0.881093451205367,-inf,5.0,60.0
dyear5_5_118,394.1993467777439,389.6977461229836,0.8771897096969051,-inf,5.0,60.0
dyear5_5_119,385.6990947184951,365.00342464146826,0.5523835382646135,-inf,5.0,60.0
dyear5_5_120,407.8869328625275,371.83486478094903,0.7241698766395241,-inf,5.0,60.0
dyear5_5_121,359.7345664977628,449.9951851594266,0.9760461835849746,-inf,5.0,60.0
dyear5_5_122,360.6073291453369,385.5540385817099,0.6414430413049197,-inf,5.0,60.0
dyear5_5_123,371.2730632566817,359.66141485198733,0.5876589624186498,-inf,5.0,60.0
dyear5_5_124,430.9153290767611,376.2809234246846,0.637798676419366,-1.1466209786101293,5.0,60.0
dyear5_5_125,422.21963084000095,488.47057229683753,0.8434594594594594,-6.545119973350142,5.0,60.0
dyear5_5_126,437.73596017843147,281.7892238299163,0.5208006520869859,0.1566047249441175,5.0,60.0
dyear5_5_127,391.97709329330286,357.46363451405796,0.7032717805571959,-0.16318342307394082,5.0,60.0
dyear5_5_128,354.4483683603768,319.5116064662858,0.5703636756890371,-inf,5.0,60.0
dyear5_5_129,366.7749650671376,382.4132799297988,0.8218203443200875,-inf,5.0,60.0
dyear5_5_130,365.05738704117925,445.03773248268885,0.7481494148046816,-inf,5.0,60.0
dyear5_5_131,381.6370439741579,422.59870641859123,0.6953179744590787,-inf,5.0,60.0
dyear5_5_132,337.06842777097944,492.9765038349529,1.0509579189842126,-inf,5.0,60.0
dyear5_5_133,410.036253478478,435.03428983625344,0.8140583593212397,-inf,5.0,60.0
dyear5_5_134,392.9684836811556,470.2442627684751,0.942003649691003,-inf,5.0,60.0
dyear5_5_135,413.1382183967007,327.2266034417128,0.53568000767828,-inf,5.0,60.0
dyear5_5_136,376.91522035244657,367.29495413541053,0.6997720049744369,-inf,5.0,60.0
dyear5_5_137,393.69192693441573,364.53417763862234,0.7586997041673079,-inf,5.0,60.0
dyear5_5_138,416.7689707739769,463.0704590016513,0.7801009151822192,-inf,5.0,60.0
dyear5_5_139,381.03677097274135,406.7184734760233,0.7504443639124733,0.05202026158678538,5.0,60.0
dyear5_5_140,383.7675620302824,339.2914184984151,0.5142709982161252,-inf,5.0,60.0
dyear5_5_141,405.8975907376966,273.41772071319735,0.45747889407503756,-inf,5.0,60.0
dyear5_5_142,416.0720089920333,420.32408131504116,0.8227502662406816,-inf,5.0,60.0
dyear5_5_143,401.37246313949674,237.2667275451828,0.4446210778692797,-inf,5.0,60.0
dyear5_5_144,384.69768975131626,502.35412476326565,0.9377934272300469,-inf,5.0,60.0
dyear5_5_145,396.0097852326379,378.0908180142261,0.7461205255140898,-inf,5.0,60.0
dyear5_5_146,336.97901146312756,346.3344963086024,0.8059444953057965,-0.8374292153803758,5.0,60.0
dyear5_5_147,329.4319289828072,292.4470037459779,0.6731406516648808,-0.06216256404093375,5.0,60.0
dyear5_5_148,396.1476471384544,350.9921651547225,0.5808353276815533,-inf,5.0,60.0
dyear5_5_149,380.0182561404123,378.5234470941001,0.7410488156130507,-inf,5.0,60.0
dyear5_5_150,399.94788723032406,434.8383799374966,0.9087356163755559,-inf,5.0,60.0
dyear5_5_151,375.1976423611072,568.0682910824484,1.0216153626906086,-inf,5.0,60.0
dyear5_5_152,393.3615279442903,333.34804134217836,0.5522501663905292,-inf,5.0,60.0
dyear5_5_153,369.28811019762514,416.1020507840194,0.8755755179661695,-inf,5.0,60.0
dyear5_5_154,369.5944004355766,480.437560979572,0.8817598428793276,-inf,5.0,60.0
dyear5_5_155,377.6741596049872,462.8560791433985,0.7286924514340896,-inf,5.0,60.0
dyear5_5_156,372.00296817812267,374.9789994119671,0.667751395661084,-1.551129317295624,5.0,60.0
dyear5_5_157,376.4817115965484,369.31603449259194,0.7169407097868217,-0.9218967747882189,5.0,60.0
dyear5_5_158,388.6343879535109,416.7634220993968,0.7368513488197826,-inf,5.0,60.0
dyear5_5_159,385.6717084084165,400.75054585115663,0.9112975856455021,-inf,5.0,60.0
dyear5_5_160,415.8922636933753,508.14253249785475,1.1362646433777683,-inf,5.0,60.0
dyear5_5_161,398.9259277526761,390.98465443032416,0.8450045483411427,-7.567360179546779,5.0,60.0
dyear5_5_162,384.5393889664187,361.8121059334527,0.7281413794702909,-inf,5.0,60.0
dyear5_5_163,367.1119833692893,516.989200403,1.173484429703335,-inf,5.0,60.0
dyear5_5_164,427.2146220968254,388.0099869848713,0.6164890050951997,-inf,5.0,60.0
dyear5_5_165,402.8285408624038,403.1941219809634,0.6718553286152568,-inf,5.0,60.0
dyear5_5_166,389.2795696325885,473.12436701851095,0.9549502687536452,-inf,5.0,60.0
dyear5_5_167,343.07014588856316,444.0459811025581,0.7791630644158286,-inf,5.0,60.0
dyear5_5_168,383.98923053474647,375.2677932712407,0.7805220104434423,-0.8149440806449636,5.0,60.0
dyear5_5_169,431.13314842014483,484.7561242521852,0.8609838502601527,-inf,5.0,60.0
dyear5_5_170,409.58520684549467,412.17825836240644,0.724143103852008,-inf,5.0,60.0
dyear5_5_171,349.5664278788797,470.78082303056203,1.0226874084670141,-inf,5.0,60.0
dyear5_5_172,360.18111763389265,359.4074985305677,0.728686490246293,-inf,5.0,60.0
dyear5_5_173,386.00812275564016,348.7491935474547,0.6909687623566626,-inf,5.0,60.0
dyear5_5_174,418.6164214807314,472.5089946233828,0.7470549086928397,-inf,5.0,60.0
dyear5_5_175,357.8470925781942,466.7466300538941,0.9130079632837907,-0.7336762624174601,5.0,60.0
dyear5_5_176,357.2659198692201,483.115496887994,1.0012348914407332,-inf,5.0,60.0
dyear5_5_177,411.8103578509571,501.7853956955437,0.9333191036817351,-inf,5.0,60.0
dyear5_5_178,382.5240460851231,340.67592127024966,0.6744212743048957,-inf,5.0,60.0
dyear5_5_179,404.9354372407203,439.4847361778715,0.7943344382414514,-inf,5.0,60.0
dyear5_5_180,352.14970774752413,493.87953996900904,0.9578284213500889,-inf,5.0,60.0
dyear5_5_181,371.5320197057942,369.41146887086944,0.5678432664717108,-inf,5.0,60.0
dyear5_5_182,436.6159639774982,411.1338995185551,0.6700562570827263,-inf,5.0,60.0
dyear5_5_183,320.0680591686712,483.05839881598854,1.1647520452661548,-inf,5.0,60.0
dyear5_5_184,355.2990817607048,366.2518486870294,0.8724417941312795,-inf,5.0,60.0
dyear5_5_185,330.19167413286885,436.19529265379896,0.9956597222222222,-inf,5.0,60.0
dyear5_5_186,328.58839500708683,515.9778742026316,0.9402699679545318,-inf,5.0,60.0
dyear5_5_187,375.5619123393638,550.897222719447,1.0833172683020869,-inf,5.0,60.0
dyear5_5_188,413.23074163635664,481.5674926736646,0.7945728099668987,-inf,5.0,60.0
dyear5_5_189,387.2246602426039,467.45240399424625,0.9448591631897317,-inf,5.0,60.0
dyear5_5_190,402.6341391387472,319.88995503662403,0.6238481790258885,-inf,5.0,60.0
dyear5_5_191,435.4269934979533,425.73563784740094,0.9004840977450299,-inf,5.0,60.0
dyear5_5_192,416.68185805639934,326.46745626478605,0.5702060267922006,-inf,5.0,60.0
dyear5_5_193,398.0230573304349,325.4231860209103,0.4960826641918519,-inf,5.0,60.0
dyear5_5_194,397.0606586740452,351.1599825340771,0.577390956382553,-inf,5.0,60.0
dyear5_5_195,382.85517279166197,384.23332754981055,0.652538284891226,-inf,5.0,60.0
dyear5_5_196,415.7652081804505,471.0090232681323,0.9398894712087615,-inf,5.0,60.0
dyear5_5_197,358.01882515681586,414.1158251826011,0.8490852838310465,-inf,5.0,60.0
dyear5_5_198,423.0599839266295,344.07303003868236,0.5452288966434031,-inf,5.0,60.0
dyear5_5_199,420.03003364838884,396.362733700668,0.767176110006627,-8.480589547721767,5.0,60.0
dyear5_5_200,440.37176529231147,414.5397045720309,0.6730809508849094,-inf,5.0,60.0
dyear5_5_201,370.93112006588683,404.4492139523412,0.9268810679611651,-inf,5.0,60.0
dyear5_5_202,381.19789261397204,409.29848521586297,0.7701668446549349,-inf,5.0,60.0
dyear5_5_203,341.00650653616566,392.93892655220606,0.9100749063670412,-3.8272847810731885,5.0,60.0
dyear5_5_204,383.1961258067901,306.5520619187982,0.5131777108433735,-inf,5.0,60.0
dyear5_5_205,411.7952312739913,488.81429670854214,0.7081084202591971,-inf,5.0,60.0
dyear5_5_206,378.4550281517387,338.30139422315915,0.6213564647680172,0.08075744019409094,5.0,60.0
dyear5_5_207,402.39970282460865,283.674990085485,0.5071780638369144,-0.5707817628891386,5.0,60.0
dyear5_5_208,377.7772988150559,302.3310823142955,0.5777299817360377,-inf,5.0,60.0
dyear5_5_209,335.952873679231,313.53136472555127,0.7058454001482366,-inf,5.0,60.0
dyear5_5_210,393.2968556531652,384.20697547025355,0.7214096054409093,-inf,5.0,60.0
dyear5_5_211,381.45846759509743,338.98402125567316,0.7007104335200166,-inf,5.0,60.0
dyear5_5_212,401.72425244189577,362.13947589292167,0.5298548712609104,-inf,5.0,60.0
dyear5_5_213,386.4015614185153,395.38156675967247,0.84934849385652,-inf,5.0,60.0
dyear5_5_214,423.144109612789,385.9247551876747,0.7892102291061633,-inf,5.0,60.0
dyear5_5_215,369.7656915759853,379.7238031341552,0.8312374389893771,-1.2473975950888276,5.0,60.0
dyear5_5_216,403.99896864554825,369.65411761086426,0.6692301064150619,-inf,5.0,60.0
dyear5_5_217,350.1941723291999,369.481393306889,0.795441362131914,-inf,5.0,60.0
dyear5_5_218,410.98867076842885,403.55142175440295,0.770843893522572,-inf,5.0,60.0
dyear5_5_219,364.349363020348,323.59735783841006,0.6631208464498077,-0.9737447848108935,5.0,60.0
dyear5_5_220,413.34859682839135,374.22419750732314,0.62475849194538,0.07007505563743215,5.0,60.0
dyear5_5_221,380.9330923316237,341.9162909251327,0.772549068158933,-inf,5.0,60.0
dyear5_5_222,382.5516305023415,382.42123372009564,0.6117285756069025,-0.2959299101880007,5.0,60.0
dyear5_5_223,361.50417816857015,420.1160553942208,0.9305385244226446,-inf,5.0,60.0
dyear5_5_224,338.66364212888277,385.80986249705956,0.9021178583845174,-inf,5.0,60.0
dyear5_5_225,413.0748519739895,582.954186307409,0.9034087936806864,-inf,5.0,60.0
dyear5_5_226,371.8971071860244,429.139837349086,1.0207912687585265,-inf,5.0,60.0
dyear5_5_227,389.15860091570204,473.95868315005407,0.836283622025067,-inf,5.0,60.0
dyear5_5_228,337.19971208963585,341.9207997962881,0.739908503767492,-inf,5.0,60.0
dyear5_5_229,386.86975629187316,397.14239679658147,0.7253086419753086,-inf,5.0,60.0
dyear5_5_230,365.85456468383717,345.85907534717086,0.62712376405405,-inf,5.0,60.0
dyear5_5_231,339.05644195816916,699.4230956057047,1.5462178459659566,-inf,5.0,60.0
dyear5_5_232,341.68168666172323,360.43573167302196,0.6095550800044757,-inf,5.0,60.0
dyear5_5_233,350.31105225689544,369.09856407198333,0.7298760237312181,-inf,5.0,60.0
dyear5_5_234,382.02617711355856,395.4671288489095,0.9506703920917707,-0.6509184587032447,5.0,60.0
dyear5_5_235,381.959940089708,389.10677626242045,0.6620314345809203,-inf,5.0,60.0
dyear5_5_236,389.97526630971527,402.97156640802007,0.8158834199027126,-inf,5.0,60.0
dyear5_5_237,343.044822144279,366.97195624007384,0.6886693394425353,-0.3649998412643251,5.0,60.0
dyear5_5_238,399.68620504090455,498.2800417435962,0.818210338954836,-inf,5.0,60.0
dyear5_5_239,390.5051482801902,344.0626154253515,0.8017856178075531,-1.918293373365432,5.0,60.0
dyear5_5_240,351.1633345040453,339.65018769316174,0.6537013456580519,-inf,5.0,60.0
dyear5_5_241,402.07063019656965,396.4437749122398,0.5918102506777679,-inf,5.0,60.0
dyear5_5_242,422.7392074317214,370.5237284349456,0.7243250356059198,-inf,5.0,60.0
dyear5_5_243,387.70311880784936,451.6633148707121,0.8752673837069173,-inf,5.0,60.0
dyear5_5_244,441.38366719518143,320.17052747975833,0.5081934984716462,-inf,5.0,60.0
dyear5_5_245,398.05972123120756,455.27052397448267,1.0174768098668188,-inf,5.0,60.0
dyear5_5_246,345.2929311951424,326.4502259150696,0.6609638809967016,-1.096519239233304,5.0,60.0
dyear5_5_247,443.15728020647475,320.20657394875576,0.4284405843330329,-inf,5.0,60.0
dyear5_5_248,389.9237906309385,466.53867292362094,0.8943694811739399,-inf,5.0,60.0
dyear5_5_249,406.74062681271465,332.809880662619,0.6930973524091433,-1.7245400102339312,5.0,60.0
dyear5_5_250,375.41382721826676,283.06477468358133,0.5401501737818873,-0.019117224864495175,5.0,60.0
dyear5_5_251,358.0533596174365,488.35199054234096,0.8067396357702552,0.009692239093819704,5.0,60.0
dyear5_5_252,346.0380518574992,431.95968176053964,0.8100773366028483,-inf,5.0,60.0
dyear5_5_253,419.3508624449619,486.0235762457071,1.0989267975920953,-inf,5.0,60.0
dyear5_5_254,371.46755690548986,302.74012507980063,0.5155132918964662,-inf,5.0,60.0
dyear5_5_255,401.2231559037107,477.6973414202763,0.8609752897139462,-inf,5.0,60.0
dyear5_5_256,435.8711344346323,372.74421524686335,0.6792983667831316,-inf,5.0,60.0
dyear5_5_257,344.3534702888879,398.52519786499494,0.9185667752442997,-inf,5.0,60.0
dyear5_5_258,376.713308321682,354.3094222098344,0.669449173918527,-inf,5.0,60.0
dyear5_5_259,366.36144493291505,401.7666196520894,0.7173218971348835,-inf,5.0,60.0
dyear5_5_260,397.8290043054511,497.5278886655501,1.1844000000000001,-6.801647386755772,5.0,60.0
dyear5_5_261,390.00389955315404,422.293440631038,0.9766702829762227,-inf,5.0,60.0
dyear5_5_262,381.33179450447085,434.259235173339,0.7335123070331827,-inf,5.0,60.0
dyear5_5_263,311.48304528497215,373.87230440352226,0.8165038002171553,-inf,5.0,60.0
dyear5_5_264,385.1763665301044,361.31080803098047,0.6932216506578048,-inf,5.0,60.0
dyear5_5_265,414.0556524591028,468.40322728748714,0.968642016592621,-inf,5.0,60.0
dyear5_5_266,336.4730363144522,394.0357428795853,0.8068975995138254,-inf,5.0,60.0
dyear5_5_267,331.203424398561,347.22447110382836,0.8150003817376698,-inf,5.0,60.0
dyear5_5_268,394.0980472335956,372.2309990673354,0.600526294725046,-inf,5.0,60.0
dyear5_5_269,383.546715972557,513.9982165987219,1.2190506986497345,-inf,5.0,60.0
dyear5_5_270,381.2904076947124,349.74097558050016,0.6544210803428928,-inf,5.0,60.0
dyear5_5_271,371.0473633289062,381.2950519829318,0.8025829803998817,-inf,5.0,60.0
dyear5_5_272,374.9264927955879,373.13067416121123,0.6520672790863048,-1.7059414746755157,5.0,60.0
dyear5_5_273,399.23416269987047,442.371732822069,0.8067411924119242,-inf,5.0,60.0
dyear5_5_274,379.365424096609,409.65127445995654,1.0918141592920354,-inf,5.0,60.0
dyear5_5_275,392.60396712208603,396.41592214911515,0.7331339500133417,-inf,5.0,60.0
dyear5_5_276,425.44697084360587,477.8725422815865,0.8735213491850659,-inf,5.0,60.0
dyear5_5_277,410.0232462922072,353.6996136083084,0.6039660600476081,-inf,5.0,60.0
dyear5_5_278,406.3084573326034,384.21304853774376,0.7489164934667376,-inf,5.0,60.0
dyear5_5_279,350.86841669396995,376.188339354992,0.776993683379392,-4.8577434738644225,5.0,60.0
dyear5_5_280,461.1617801813155,365.6114741087867,0.5970469752833538,-inf,5.0,60.0
dyear5_5_281,356.5764878208695,391.2325608466998,0.7453278464896326,-inf,5.0,60.0
dyear5_5_282,441.6057347906614,387.0823555782413,0.6958404114760287,-inf,5.0,60.0
dyear5_5_283,385.3779259808913,522.6774021006329,0.9935478685314276,-inf,5.0,60.0
dyear5_5_284,441.4965081024613,462.23496910842505,0.7658765166915986,-inf,5.0,60.0
dyear5_5_285,388.0648302796841,387.6415870362725,0.8764655949917767,-0.7478490796282374,5.0,60.0
dyear5_5_286,386.8959000816628,289.69164641045484,0.434444773212018,-inf,5.0,60.0
dyear5_5_287,411.50141757552507,375.7023422870824,0.6343084743914739,-inf,5.0,60.0
dyear5_5_288,339.50101251689955,350.5285295093682,0.6923895666075834,-inf,5.0,60.0
dyear5_5_289,363.78774145555445,438.1729110750686,0.7781103486315927,-inf,5.0,60.0
dyear5_5_290,440.2574767489285,394.13703200790457,0.6047073691890765,-0.4118137531960655,5.0,60.0
dyear5_5_291,406.0716275075946,332.1066595738985,0.5206727929561407,0.1043104153262011,5.0,60.0
dyear5_5_292,353.61019027548775,440.0766031802494,1.0979747316995034,-inf,5.0,60.0
dyear5_5_293,396.3379239992055,477.2587523206533,0.7300540280501795,-inf,5.0,60.0
dyear5_5_294,361.77637544943883,528.678698896283,1.1698975160673961,-inf,5.0,60.0
dyear5_5_295,369.5040877085575,473.73788462960545,0.8057043690754316,-4.167136157596275,5.0,60.0
dyear5_5_296,346.7140392311797,430.1837785567156,0.9264539573250844,-inf,5.0,60.0
dyear5_5_297,383.1085029074662,433.1470112252113,0.8627467984852426,-inf,5.0,60.0
dyear5_5_298,421.59975589018865,396.9144534195415,0.8213760117733627,-inf,5.0,60.0
dyear5_5_299,417.37358365537864,430.0878786170721,0.7201060686518796,-inf,5.0,60.0
dyear5_5_300,364.73474950983217,373.1957707870406,0.6453628697711605,-inf,5.0,60.0
dyear5_5_301,390.2551515782122,327.0318536982802,0.6606008513425017,-inf,5.0,60.0
dyear5_5_302,400.7856087319836,470.4552759473175,0.9703485878821294,-inf,5.0,60.0
dyear5_5_303,356.7171790555276,346.93311074807104,0.5665265292415788,-inf,5.0,60.0
dyear5_5_304,372.59788982225865,414.4342529280127,0.8148614514323743,-inf,5.0,60.0
dyear5_5_305,344.4162029192781,470.0604571045445,0.8141385767790262,-inf,5.0,60.0
dyear5_5_306,401.71738096162414,337.4625905193048,0.548762445519613,-1.438675007213706,5.0,60.0
dyear5_5_307,355.5110171757457,290.6150087888327,0.655925484459374,-inf,5.0,60.0
dyear5_5_308,394.7426376767526,391.04336929126754,0.7390934910140609,-inf,5.0,60.0
dyear5_5_309,414.09590274073787,411.47407775784205,0.7259519038076152,-inf,5.0,60.0
dyear5_5_310,419.98504437658255,443.5497905158638,0.8359062623190854,-inf,5.0,60.0
dyear5_5_311,379.5824460289666,389.2134161784937,0.7434983322859767,-inf,5.0,60.0
dyear5_5_312,396.69026540446725,316.45523643426515,0.6869622795790671,-inf,5.0,60.0
dyear5_5_313,378.6329577132274,389.17123480545166,0.775290321482087,-inf,5.0,60.0
dyear5_5_314,426.7574203611852,390.0192302951228,0.7274972144427381,-inf,5.0,60.0
dyear5_5_315,366.6551513343294,379.8886898377822,0.620123285091341,-inf,5.0,60.0
dyear5_5_316,426.6292301284571,343.5962989711424,0.5031863010078441,-0.3268913260367168,5.0,60.0
dyear5_5_317,429.4306550538748,430.08235645435786,0.8375988208495243,-inf,5.0,60.0
dyear5_5_318,377.11033973272777,591.126185062603,1.2913746053828454,-3.3301078069899765,5.0,60.0
dyear5_5_319,408.22693341653326,355.7262524282776,0.6318032786885246,-inf,5.0,60.0
dyear5_5_320,445.0504418976947,373.7850318030405,0.6540398733467832,-0.9110236480138649,5.0,60.0
dyear5_5_321,396.95436870417905,312.85992605850515,0.5511870926994517,-inf,5.0,60.0
dyear5_5_322,383.66709202119483,402.63714019780474,0.8085219002249571,-inf,5.0,60.0
dyear5_5_323,362.0105028402721,405.5581544817792,0.8445194065154285,-inf,5.0,60.0
dyear5_5_324,390.42719658514227,373.5827663762521,0.6713597210828548,-inf,5.0,60.0
dyear5_5_325,413.54020360782334,300.00236110181976,0.42604092404287525,-0.3642815118080498,5.0,60.0
dyear5_5_326,369.80788931552013,337.0578585347032,0.8693699446573011,-inf,5.0,60.0
dyear5_5_327,372.9530522286507,391.62152222096614,0.6901639996815541,-inf,5.0,60.0
dyear5_5_328,388.3920109459857,390.90642529041827,0.7889911282609412,-inf,5.0,60.0
dyear5_5_329,377.68728797776606,407.15066826258146,0.9352783735723845,-inf,5.0,60.0
dyear5_5_330,366.0178160508948,336.65127852621225,0.5591713535808025,-inf,5.0,60.0
dyear5_5_331,382.46718268804887,378.70668069100657,0.7168265122720174,-inf,5.0,60.0
dyear5_5_332,364.7488005463486,433.87046838121324,0.8978059131866913,-inf,5.0,60.0
dyear5_5_333,401.8422938998167,450.0822147119346,0.7488188111196572,-inf,5.0,60.0
dyear5_5_334,322.54166397536926,440.7506853842279,0.9296296296296296,-inf,5.0,60.0
dyear5_5_335,388.5930283299826,478.55102479603295,1.0419503227962776,-inf,5.0,60.0
dyear5_5_336,406.81368585631435,384.28266506136686,0.7673717159745331,-0.9608913660735131,5.0,60.0
dyear5_5_337,397.8365975288515,475.92138706583324,0.8630466321243523,-inf,5.0,60.0
dyear5_5_338,370.51723419205933,457.8006298233617,0.8309940158636069,-inf,5.0,60.0
dyear5_5_339,427.8854987026319,474.17691845976645,0.8250332972613003,-3.536312426221837,5.0,60.0
dyear5_5_340,379.9605242653505,509.82006629790476,0.9534747876606359,-inf,5.0,60.0
dyear5_5_341,359.4544477399049,292.36478356099366,0.5495911224121424,-inf,5.0,60.0
dyear5_5_342,367.24412861201745,308.7494939267107,0.6546247234940069,-0.25000584266431647,5.0,60.0
dyear5_5_343,386.5794441853662,508.72479462541105,0.9276224447595416,-inf,5.0,60.0
dyear5_5_344,396.38488766181115,400.9261153878605,0.7707586096287873,-inf,5.0,60.0
dyear5_5_345,414.45584304402485,458.22074374694125,0.7524380912632165,-inf,5.0,60.0
dyear5_5_346,374.7289020078382,451.53672792660694,0.8398606570138565,-1.243460144801142,5.0,60.0
dyear5_5_347,360.6808376760078,468.5232118049222,0.8168543543543543,-inf,5.0,60.0
dyear5_5_348,360.5132914794312,379.9876094471152,0.7795154590828393,-inf,5.0,60.0
dyear5_5_349,413.40393382259924,338.8854280333301,0.5159389352480755,-inf,5.0,60.0
dyear5_5_350,394.58781236458213,341.40982215903904,0.7311830806742288,-inf,5.0,60.0
dyear5_5_351,416.0999729632291,395.01677179583146,0.6671425255338904,-1.2204243002551327,5.0,60.0
dyear5_5_352,389.3343143537869,502.98947967792196,1.0070582770403262,-inf,5.0,60.0
dyear5_5_353,423.31110505946646,260.05400080239747,0.4241705996185385,-inf,5.0,60.0
dyear5_5_354,348.037414176503,429.59506126894274,0.9838300814257182,-inf,5.0,60.0
dyear5_5_355,344.04272384884604,474.53837217517685,0.9148200982723094,-inf,5.0,60.0
dyear5_5_356,388.5581252099442,651.1047662754947,1.2428899120014365,-inf,5.0,60.0
dyear5_5_357,366.80910112300467,455.51417833769636,0.8626549724059221,-4.133400301567528,5.0,60.0
dyear5_5_358,357.74720474100144,434.0722866067356,0.898989252814739,-inf,5.0,60.0
dyear5_5_359,418.7788547272494,373.05919994910545,0.6298511489859243,-1.6842325440529653,5.0,60.0
dyear5_5_360,350.9704403507509,367.6682154696904,0.6878665311054135,-inf,5.0,60.0
dyear5_5_361,348.19795016628115,493.78926004251383,1.1289501371510164,-inf,5.0,60.0
dyear5_5_362,348.69856251496077,447.16840600978657,0.8313372543439422,-inf,5.0,60.0
dyear5_5_363,311.07381224826156,390.22877905146873,0.9804212774218598,-inf,5.0,60.0
dyear5_5_364,399.5156963958571,344.4662537898306,0.6906761256696106,-inf,5.0,60.0
dyear5_5_365,376.6505896273981,467.24172901543517,0.810267154144244,-inf,5.0,60.0
dyear5_5_366,397.9782500338429,357.781940106913,0.6502508145424046,-inf,5.0,60.0
dyear5_5_367,383.75051574341023,495.4845271718045,1.0152702627321917,-inf,5.0,60.0
dyear5_5_368,369.3129318974177,373.0290426584325,0.8199581297976274,-inf,5.0,60.0
dyear5_5_369,422.1868168634986,314.4365330767615,0.5471826353869765,-0.8601882840931672,5.0,60.0
dyear5_5_370,359.2796322736187,422.1134326220856,0.9513256120320562,-inf,5.0,60.0
dyear5_5_371,358.702610110381,376.18379816254713,0.9070659877648464,-inf,5.0,60.0
dyear5_5_372,409.3610875498549,295.04703014943226,0.4366836333695123,-inf,5.0,60.0
dyear5_5_373,413.8473450440392,439.2146400110087,0.8089430894308943,-inf,5.0,60.0
dyear5_5_374,341.95315224944676,394.31100246717267,0.8511340954454728,-inf,5.0,60.0
dyear5_5_375,397.90440644288753,360.7097170856366,0.6455556523506693,-inf,5.0,60.0
dyear5_5_376,337.58906232281873,387.52064461135484,0.83135811408802,-inf,5.0,60.0
dyear5_5_377,397.7052405153009,442.8654799522462,1.010071850141134,-3.640823345367029,5.0,60.0
dyear5_5_378,383.17475886771734,388.78239414870626,0.627304205040337,-inf,5.0,60.0
dyear5_5_379,354.06125882394986,371.9007484083175,0.8213807091890326,-inf,5.0,60.0
dyear5_5_380,391.7132773683663,343.6776590547214,0.690206908644573,-1.2054721499294696,5.0,60.0
dyear5_5_381,413.18120520339903,410.556025409444,0.7964820549646185,-inf,5.0,60.0
dyear5_5_382,396.7927933233331,427.29585769113186,0.9328003224939533,-inf,5.0,60.0
dyear5_5_383,374.69732229271847,444.08379464540997,0.8576301496887005,-inf,5.0,60.0
dyear5_5_384,365.9558545781171,401.1181247463146,0.8553142004563804,-4.012209182944866,5.0,60.0
dyear5_5_385,322.5886828971738,414.9260978375145,1.0674758156582347,-inf,5.0,60.0
dyear5_5_386,358.7231116520559,452.08424731090406,1.013716092188456,-inf,5.0,60.0
dyear5_5_387,411.31428069056875,390.8033392897251,0.8070979941356791,-inf,5.0,60.0
dyear5_5_388,394.15769898185,414.30866110505906,0.8100157562172084,-inf,5.0,60.0
dyear5_5_389,400.4775534700208,458.2737537033223,0.8943658583525789,-inf,5.0,60.0
dyear5_5_390,421.07491415819743,474.4928871964257,0.793918918918919,-inf,5.0,60.0
dyear5_5_391,367.7736792739071,485.6202219842168,0.8728290437329986,-inf,5.0,60.0
dyear5_5_392,386.06125377544254,363.9161991448031,0.703424044325073,-inf,5.0,60.0
dyear5_5_393,363.3800810904931,373.43049330944217,0.6100945475225705,-inf,5.0,60.0
dyear5_5_394,376.7679159641914,356.2345903099997,0.6854116869246809,-inf,5.0,60.0
dyear5_5_395,386.99685076238023,440.44125601491965,0.7689348176274308,-0.42457617301276346,5.0,60.0
dyear5_5_396,379.33510910539246,373.7932806601353,0.6933041614286174,-inf,5.0,60.0
dyear5_5_397,399.11472348185805,374.09702395679835,0.8061027964433586,-inf,5.0,60.0
dyear5_5_398,361.4448148288569,399.65370426574725,0.9253816828870439,-inf,5.0,60.0
dyear5_5_399,405.279456054708,423.4591676498062,0.6364029761156943,-inf,5.0,60.0
dyear5_5_400,428.2061419456755,527.694513899851,0.9184210175901144,-inf,5.0,60.0
dyear5_5_401,367.14605971829064,472.86317612321363,1.048206034248437,-inf,5.0,60.0
dyear5_5_402,384.89844439799964,485.64398826026184,1.010518811286772,-inf,5.0,60.0
dyear5_5_403,324.64191811902543,356.0853128114104,0.7973381494378324,-inf,5.0,60.0
dyear5_5_404,410.6155947679857,463.7792219005361,0.7446533474105959,0.2593919472394343,5.0,60.0
dyear5_5_405,426.9025064344317,374.0845492666063,0.7014681324798219,-inf,5.0,60.0
dyear5_5_406,360.54059526401926,469.1956770190166,0.79492850566776,-inf,5.0,60.0
dyear5_5_407,347.90851287850563,372.48210247831594,0.6131361096248736,-inf,5.0,60.0
dyear5_5_408,374.68903773662765,446.3779228411728,0.9151180085646105,-inf,5.0,60.0
dyear5_5_409,351.2131356693065,512.5011382101183,1.1262106827771385,-inf,5.0,60.0
dyear5_5_410,393.4077613198126,221.9840459732786,0.38205147514098764,-inf,5.0,60.0
dyear5_5_411,383.2444552762636,443.34739952622556,0.7762502587188242,-inf,5.0,60.0
dyear5_5_412,392.6231494703286,474.65689362598187,0.8730917151077446,-inf,5.0,60.0
dyear5_5_413,347.0862945051754,383.6095019678214,0.8575910287841643,-inf,5.0,60.0
dyear5_5_414,365.30050415149077,415.9978966292979,1.0038515406162465,-inf,5.0,60.0
dyear5_5_415,394.9598608297641,394.8749802152575,0.6981146239972545,-inf,5.0,60.0
dyear5_5_416,371.4569569052831,379.5598327888064,0.7442808968282901,-inf,5.0,60.0
dyear5_5_417,408.4378522696772,329.7040339455979,0.6055,-inf,5.0,60.0
dyear5_5_418,354.4436367981046,363.24612867861373,0.9323602509370053,-inf,5.0,60.0
dyear5_5_419,377.13624858928637,345.1639706960544,0.7378377508489034,-inf,5.0,60.0
dyear5_5_420,390.60441945784487,337.9879189162437,0.6055214723926381,-inf,5.0,60.0
dyear5_5_421,421.97324164769816,424.17586761468016,0.7038784701216644,-inf,5.0,60.0
dyear5_5_422,341.2594321040812,387.36384704822416,0.9333424264468153,-inf,5.0,60.0
dyear5_5_423,362.75114863130807,406.6356887108328,0.8656379826869921,-inf,5.0,60.0
dyear5_5_424,355.9292415635445,340.16282865710065,0.7596579439598498,-inf,5.0,60.0
dyear5_5_425,319.4299936344947,468.39780101960343,1.034544366407914,0.34591149573687474,5.0,60.0
dyear5_5_426,410.80127494933606,456.7699092541014,0.9621429825821799,-inf,5.0,60.0
dyear5_5_427,398.3878449450987,390.4757781647068,0.8428187297171998,-inf,5.0,60.0
dyear5_5_428,383.8563913323141,424.09550811108573,0.7559676928608967,-inf,5.0,60.0
dyear5_5_429,388.6733579326819,431.4653327132243,0.748190562191301,-inf,5.0,60.0
dyear5_5_430,365.3147615413316,510.6277182710185,0.9012228360957641,-inf,5.0,60.0
dyear5_5_431,401.8554103571748,402.4763968234659,0.7946522474735928,-inf,5.0,60.0
dyear5_5_432,354.09453186966897,389.4520723614995,0.9132870522811254,-inf,5.0,60.0
dyear5_5_433,360.62460283051496,314.1745799180237,0.7431784450279711,-inf,5.0,60.0
dyear5_5_434,372.02273676035804,364.1971764488755,0.6905863099473459,-inf,5.0,60.0
dyear5_5_435,420.72430105711743,429.74711556138845,0.70392187430404,-inf,5.0,60.0
dyear5_5_436,392.30748994464363,432.89606142814466,0.8697461413181525,-inf,5.0,60.0
dyear5_5_437,390.6623382154978,455.4773137416762,0.6654966086317882,-inf,5.0,60.0
dyear5_5_438,382.57308669934775,400.97849069494987,0.8147311107922387,-inf,5.0,60.0
dyear5_5_439,379.42741949767765,374.84141091044535,0.7740379068809229,-inf,5.0,60.0
dyear5_5_440,396.42440956631316,402.55982992179764,0.7127043496222851,-inf,5.0,60.0
dyear5_5_441,378.18494703870306,420.68763154308846,0.7672581336271539,-inf,5.0,60.0
dyear5_5_442,333.1938562358756,490.6066822482819,0.9289812446717819,-inf,5.0,60.0
dyear5_5_443,332.6256967924557,344.2292114275022,0.681967277281979,-inf,5.0,60.0
dyear5_5_444,406.7014927027766,446.5081186271981,0.8632925989157456,-inf,5.0,60.0
dyear5_5_445,406.7871576963396,325.16585511602125,0.50512174643157,-inf,5.0,60.0
dyear5_5_446,347.6631211867795,407.177684391798,0.9226793079436498,-inf,5.0,60.0
dyear5_5_447,379.7091814797214,355.4171258301059,0.5586568683872681,-inf,5.0,60.0
dyear5_5_448,448.2251573335288,321.4392114641067,0.4879478614004062,-inf,5.0,60.0
dyear5_5_449,365.92989424205285,292.8305824192548,0.5194664656388308,-2.81317355348942,5.0,60.0
dyear5_5_450,420.7096930584478,329.08028402402556,0.6384959442043818,-inf,5.0,60.0
dyear5_5_451,388.59010645323093,473.2858544262653,1.0905260780430175,-inf,5.0,60.0
dyear5_5_452,357.66185147426614,461.70806071946953,1.0173314460003708,-inf,5.0,60.0
dyear5_5_453,420.82426557887555,380.0718133896979,0.7215820387974341,-inf,5.0,60.0
dyear5_5_454,393.34826066307534,387.39643777401983,0.6699057191141154,-inf,5.0,60.0
dyear5_5_455,417.44243615138123,301.3576225461481,0.4451439997955638,-1.438807773444136,5.0,60.0
dyear5_5_456,328.10268971771626,334.70857971276047,0.5687645195353749,-inf,5.0,60.0
dyear5_5_457,379.2242080880386,421.11775866931407,0.684861531466246,-3.803349355409376,5.0,60.0
dyear5_5_458,392.9623073527536,514.4806442747223,0.8669908878168673,-inf,5.0,60.0
dyear5_5_459,421.39507887491993,402.0394881103099,0.5951657346624524,-inf,5.0,60.0
dyear5_5_460,398.36169703758753,448.69170930606685,0.6939753522892533,-inf,5.0,60.0
dyear5_5_461,356.35147677538816,384.2134823246056,0.6286949286399278,-inf,5.0,60.0
dyear5_5_462,442.59384598071404,388.42481039878663,0.804636912094507,-inf,5.0,60.0
dyear5_5_463,374.0660035341357,380.0698400732862,0.8661431114140725,-inf,5.0,60.0
dyear5_5_464,397.9144066253445,371.76695209050877,0.7531834667433573,-inf,5.0,60.0
dyear5_5_465,424.5908079158882,410.1391024193296,0.6069187675070028,-inf,5.0,60.0
dyear5_5_466,369.83777412085243,592.3915512564304,1.1023622369606159,-inf,5.0,60.0
dyear5_5_467,353.6227980961258,542.2981959524974,1.1604211545847736,-inf,5.0,60.0
dyear5_5_468,353.9575657241039,253.4187904109191,0.483039364291948,-0.2804078236533302,5.0,60.0
dyear5_5_469,372.7813255337057,516.3580798890114,1.090846107213995,-1.2759286689022737,5.0,60.0
dyear5_5_470,361.3151325366819,431.07907240628913,0.9740180613283923,-4.688622238438618,5.0,60.0
dyear5_5_471,377.2783565662538,309.00512401361027,0.5759751571612512,-inf,5.0,60.0
dyear5_5_472,377.1340113275386,416.91386000787577,0.8567769018460674,-29.937175229102166,5.0,60.0
dyear5_5_473,376.3145293501169,340.758467735335,0.7964157900444637,-inf,5.0,60.0
dyear5_5_474,407.60630004126944,498.98864382535464,0.8963059066432298,-inf,5.0,60.0
dyear5_5_475,351.99023423953116,496.59087788641466,1.0384658553401638,-inf,5.0,60.0
dyear5_5_476,379.7064930091838,364.65680212130053,0.6808780625762854,-inf,5.0,60.0
dyear5_5_477,360.4541117349983,448.61973503922746,0.8795426965574504,-inf,5.0,60.0
dyear5_5_478,401.06291069274073,417.28108032835615,0.7948080455135959,-7.952513321450671,5.0,60.0
dyear5_5_479,383.9489440884903,420.80735893438623,0.7124441695870268,-inf,5.0,60.0
dyear5_5_480,346.7401464593719,347.12557766126463,0.7193371332066709,-inf,5.0,60.0
dyear5_5_481,410.78639015105324,460.6319029333509,0.7463749673714435,-inf,5.0,60.0
dyear5_5_482,364.6662286712787,423.04688471452744,0.7895583591493438,-inf,5.0,60.0
dyear5_5_483,399.7478371840595,373.7523690002959,0.762447047096935,-inf,5.0,60.0
dyear5_5_484,404.0248548460024,410.36761974275373,0.7681302257072304,-inf,5.0,60.0
dyear5_5_485,434.8050329362192,344.30969586502596,0.5674616116320154,-2.9252148569921217,5.0,60.0
dyear5_5_486,384.5627116175809,393.99851945576313,0.8043850316850918,-inf,5.0,60.0
dyear5_5_487,381.82754069518523,343.548516709552,0.7970709264950019,-0.3263608541823288,5.0,60.0
dyear5_5_488,401.10628267330844,303.5613611776044,0.5790430818093335,-inf,5.0,60.0
dyear5_5_489,382.209639247015,452.3882919204106,0.9105297621899605,-inf,5.0,60.0
dyear5_5_490,350.8111137065073,368.7748861658921,0.8468288206467238,-inf,5.0,60.0
dyear5_5_491,356.5094961334597,600.3067271542662,1.204580943275972,-0.3579178711044895,5.0,60.0
dyear5_5_492,351.5611611085616,454.8407230375633,1.1522424701133365,-inf,5.0,60.0
dyear5_5_493,395.3776675534419,310.8730984394329,0.5199073705971218,-inf,5.0,60.0
dyear5_5_494,402.6850247608752,447.150981213281,0.8479607039761616,-inf,5.0,60.0
dyear5_5_495,384.01391576347856,407.7242736621568,0.7087782919521818,-inf,5.0,60.0
dyear5_5_496,385.0031926274552,349.91177459468264,0.6690836073350672,-inf,5.0,60.0
dyear5_5_497,398.36742357610854,443.5839830291441,0.7295852259492197,-inf,5.0,60.0
dyear5_5_498,356.6693438373045,365.9911201108573,0.9405266106442577,-inf,5.0,60.0
dyear5_5_499,404.45225305343524,480.2734464170733,1.0067047064253767,-inf,5.0,60.0
dyear5_5_500,394.75617474588034,382.20533312169607,0.7537358986246331,-inf,5.0,60.0
