"","rmse_train","rmse_test","mase_test","bias_test","n","prop"
"1",4.15832498329155,4.45346307196246,0.0218124132460837,-3,60,0.8
"2",4.42295150323853,5.46961302714065,0.0352564102564103,4.75,60,0.8
"3",4.13067791046458,1.89296944860009,0.0117966187231895,-0.416666666666667,60,0.8
"4",3.34165627596057,4.33012701892219,0.046875,-3.75,60,0.8
"5",5.03736041990247,2.59807621135332,0.0196740858505564,1.41666666666667,60,0.8
"6",3.18852107828483,4.91596040125088,0.0356371490280778,-4.5,60,0.8
"7",3.02420788527068,5.13160143944688,0.04518779342723,-4.66666666666667,60,0.8
"8",3.72771154105751,1.6583123951777,0.00873015873015873,1.08333333333333,60,0.8
"9",3.87567198474449,1.35400640077266,0.00784913353720693,0.166666666666667,60,0.8
"10",3.08220700148449,5.94418483337567,0.0851548269581057,-5.66666666666667,60,0.8
"11",4.55292945988258,3.67423461417477,0.0347222222222222,3.33333333333333,60,0.8
"12",3.53847895759369,2.70801280154532,0.0144150583750298,-1.83333333333333,60,0.8
"13",3.49702254305955,2.12132034355964,0.00988319856244384,-0.5,60,0.8
"14",3.22425702035885,5.95818764390649,0.0317919075144509,-4.5,60,0.8
"15",5.40061724867322,4.50924975282289,0.0251454696591854,3.66666666666667,60,0.8
"16",3.61708906903512,4.11298755975102,0.0198433650123196,-3.25,60,0.8
"17",4.55750297129177,4.77842372894382,0.052037845705968,4.33333333333333,60,0.8
"18",4.21554662331391,2.32737334062816,0.0169454225352113,1.58333333333333,60,0.8
"19",3.02420788527068,3.42782730020052,0.0175351802990325,-2.25,60,0.8
"20",2.84312035153866,8.33666600026653,0.0578947368421053,-8,60,0.8
"21",5.1234753829798,5.61990510002912,0.0448717948717949,5.25,60,0.8
"22",5.78251675311019,3.17542648054294,0.0171394799054374,2.25,60,0.8
"23",3.91045606888336,3.54729944229879,0.0253623188405797,-0.25,60,0.8
"24",3.32603367391252,1.91485421551268,0.0122467156535293,-1.5,60,0.8
"25",3.91045606888336,2.85773803324704,0.0175558595531236,2.33333333333333,60,0.8
"26",3.5,1.89296944860009,0.00913978494623656,-1.25,60,0.8
"27",3.59687364248454,2.82842712474619,0.0255898969757394,2.16666666666667,60,0.8
"28",3.00347021515668,7.72442015083764,0.0376397930228676,-6.83333333333333,60,0.8
"29",4.31808213601054,2.91547594742265,0.0141570141570142,1.83333333333333,60,0.8
"30",3.24358340933809,5.01663898109747,0.0390995260663507,-4.5,60,0.8
"31",3.11247489949718,7.57187779440036,0.0870125091979397,-7.16666666666667,60,0.8
"32",7.23273807074472,12.9228479833201,0.0818164024270895,12.6666666666667,60,0.8
"33",4.57119605063416,2,0.0144698763483294,1,60,0.8
"34",3.97911212877111,2.16024689946929,0.0138469284994965,-0.333333333333333,60,0.8
"35",3.50891721190455,2.32737334062816,0.0177746999076639,-1.58333333333333,60,0.8
"36",5.90550590550886,5.7227615711298,0.0433392804044008,4.41666666666667,60,0.8
"37",3.22102468168128,6.90410505906933,0.0434210526315789,-6,60,0.8
"38",2.92617497767991,4.99165971062398,0.0458333333333333,-4.41666666666667,60,0.8
"39",3.39730285177325,3.58236421003411,0.0293855743544078,-3,60,0.8
"40",4.82830197895699,5.55277708298589,0.0320088300220751,4.83333333333333,60,0.8
"41",6.25832778517286,5.5075705472861,0.034965034965035,5,60,0.8
"42",3.278719262151,1.89296944860009,0.0150743931088489,-0.583333333333333,60,0.8
"43",3.44298804335227,5.90197706987526,0.0451492537313433,-5.5,60,0.8
"44",4.66815452472031,3.02765035409749,0.0314061384725196,2.5,60,0.8
"45",5.79151678463135,6.40962817434314,0.0608333333333333,6.08333333333333,60,0.8
"46",2.90473750965556,10.1653004546513,0.0673758865248227,-9.5,60,0.8
"47",4.20565096031518,1.6583123951777,0.00972135579122479,0.583333333333333,60,0.8
"48",3.67423461417477,2.82842712474619,0.0250926717992586,2.66666666666667,60,0.8
"49",4.04660351405966,1.70782512765993,0.0147012578616352,-0.416666666666667,60,0.8
"50",4.23772737836371,2.27303028283098,0.0175514940527995,0.5,60,0.8
"51",3.33853760400169,2.04124145231932,0.0179738562091503,-1.5,60,0.8
"52",3.97911212877111,1.6583123951777,0.0205314009661836,0.583333333333333,60,0.8
"53",5.27178021797824,5.46198986939131,0.0394422310756972,4.5,60,0.8
"54",4.8947250518628,2.32737334062816,0.0159354304635762,1.58333333333333,60,0.8
"55",4.10284454169706,3,0.0238095238095238,1.83333333333333,60,0.8
"56",5.98957427535547,6.36396103067893,0.0629702322538436,5.83333333333333,60,0.8
"57",4.58257569495584,3.1091263510296,0.0361247947454844,2.66666666666667,60,0.8
"58",2.92617497767991,8.06225774829855,0.0643024162120031,-7.5,60,0.8
"59",3.44298804335227,2,0.00851920693928129,-1.33333333333333,60,0.8
"60",3.98956973452861,1.29099444873581,0.00851129681213247,0.166666666666667,60,0.8
"61",4.65698400254929,1.47196014438797,0.0155697098372258,0.333333333333333,60,0.8
"62",3.74722119265285,2.72335577306137,0.0218446601941748,0.583333333333333,60,0.8
"63",3.523729085311,4.89897948556636,0.0263947210557888,-3.33333333333333,60,0.8
"64",4.00260331950761,1.87082869338697,0.0374149659863946,1,60,0.8
"65",4.28660704987056,2.84312035153866,0.01546875,1.58333333333333,60,0.8
"66",7.27008711547989,13.3977610069743,0.145177664974619,13,60,0.8
"67",2.71569512280005,3.91578004149024,0.0545325779036827,-3.5,60,0.8
"68",2.95451631687264,5.18009008930668,0.0285631852279284,-4.5,60,0.8
"69",3.02076149339864,5.62731433871138,0.0799273387829246,-5.33333333333333,60,0.8
"70",7.07990112925315,9.01387818865997,0.0831174438687392,8.75,60,0.8
"71",4.08503365959205,2.59807621135332,0.0153596961572833,1.75,60,0.8
"72",5.7373048260195,4.9749371855331,0.0587606837606838,4.58333333333333,60,0.8
"73",5.1861192941672,3.62859017617954,0.0337941628264209,3.33333333333333,60,0.8
"74",4.01299970927817,2.43241991988774,0.0164713541666667,-1.58333333333333,60,0.8
"75",3.24037034920393,2.87228132326901,0.0246759720837488,-2.25,60,0.8
"76",3.13581462037113,12.0657918651588,0.0831701479547433,-11.5833333333333,60,0.8
"77",3.57071421427143,6.67707520800338,0.0364612511671335,-5.91666666666667,60,0.8
"78",2.76511000383951,6.53197264742181,0.053030303030303,-5.83333333333333,60,0.8
"79",3.91311896062463,1.80277563773199,0.015224358974359,0.75,60,0.8
"80",6.42748006609122,10.8397416943394,0.102484472049689,10.5,60,0.8
"81",4.38748219369606,2.44948974278318,0.0184254606365159,2,60,0.8
"82",4.16333199893227,3.523729085311,0.0147521272660007,1.08333333333333,60,0.8
"83",3.53553390593274,5.18812747209113,0.021423835571026,-3.75,60,0.8
"84",4.36367582052868,2.73861278752583,0.0159420289855072,1.83333333333333,60,0.8
"85",4.10791918128875,10.2550800419434,0.0804093567251462,-10,60,0.8
"86",4.38748219369606,1.47196014438797,0.00984340044742729,-0.666666666666667,60,0.8
"87",3.23071199583002,6.59545297913646,0.0398296059637913,-5.66666666666667,60,0.8
"88",3.77215676591876,3.80788655293195,0.0291736460078169,-3.16666666666667,60,0.8
"89",5.37160745649444,3.2659863237109,0.0260590858416945,2.83333333333333,60,0.8
"90",6.80991923593812,8.51958527942137,0.0584209373631187,8.08333333333333,60,0.8
"91",3.62284418654736,2.61406452355969,0.0186125211505922,0.666666666666667,60,0.8
"92",3.1224989991992,2.38047614284762,0.0169491525423729,-1.5,60,0.8
"93",3.33853760400169,6.57647321898295,0.063953488372093,-6.25,60,0.8
"94",3.65148371670111,2.82842712474619,0.0161669606114051,-0.5,60,0.8
"95",3.37885582211888,2.12132034355964,0.0155727155727156,0,60,0.8
"96",3.58527079404983,2.06155281280883,0.0131944444444444,0.75,60,0.8
"97",3.12916389258643,7.82623792124926,0.0483954451345756,-7.08333333333333,60,0.8
"98",4.98539533704867,3.04138126514911,0.0169278119753777,2.75,60,0.8
"99",3.14907393794853,1.87082869338697,0.0352564102564103,-0.5,60,0.8
"100",3.44601218802256,3.21455025366432,0.0305555555555556,-2.5,60,0.8
"101",3.32603367391252,1.84842275106824,0.00960124954061007,0.916666666666667,60,0.8
"102",2.96858552175948,7.82091213776671,0.04,-7,60,0.8
"103",4.87339717240448,2.21735578260835,0.0175638686131387,1.58333333333333,60,0.8
"104",3.27554066783892,6.51920240520265,0.0330075445816187,-5.83333333333333,60,0.8
"105",5.23012109483773,4.47213595499958,0.0408921933085502,4,60,0.8
"106",4.59845988710713,4.46280927966529,0.0249788762146177,3.58333333333333,60,0.8
"107",2.97559517855952,4.50924975282289,0.0235699645984721,-3.83333333333333,60,0.8
"108",4.80667938047325,3.61708906903512,0.0284059184812954,1.41666666666667,60,0.8
"109",4.06970514902493,2.02072594216369,0.0123697916666667,-0.0833333333333333,60,0.8
"110",3.9024564913227,2.3629078131263,0.0148878576952823,0.583333333333333,60,0.8
"111",4.04660351405966,4.18330013267038,0.0186893203883495,3.5,60,0.8
"112",3.33229150385537,6.05530070819498,0.0564350630313691,-5.83333333333333,60,0.8
"113",3.8405728739343,1.91485421551268,0.0121591746499632,-1,60,0.8
"114",3.71651718682963,9.27811043981119,0.069098662978331,-9.08333333333333,60,0.8
"115",6.82977549655429,6.92820323027551,0.0664498141263941,6.5,60,0.8
"116",3.64291549906573,1.75594229214212,0.0198767006802721,0.583333333333333,60,0.8
"117",4.49305018890286,4.18330013267038,0.0204271123491179,2.33333333333333,60,0.8
"118",3.58236421003411,2,0.0106109324758842,-1.33333333333333,60,0.8
"119",4.14829282155121,1.77951304200522,0.0118184260005372,-0.333333333333333,60,0.8
"120",5.83809329604567,5.35412613473634,0.0380096751900484,5,60,0.8
"121",3.54142156014596,4.80451176846652,0.0228003384094755,-4.08333333333333,60,0.8
"122",4.14829282155121,2.51661147842358,0.0257913247362251,1.66666666666667,60,0.8
"123",5.03322295684717,3.5939764421413,0.0290346907993967,2.41666666666667,60,0.8
"124",2.83945417290014,4.43471156521669,0.0300136425648022,-4,60,0.8
"125",4.19076365356005,3.3291640592397,0.0370049980776624,2.91666666666667,60,0.8
"126",5.51890689659948,6.28490254498827,0.0628571428571429,6,60,0.8
"127",5.01663898109747,3.14907393794853,0.0205917874396135,2.25,60,0.8
"128",5.305264680799,6.11691643450086,0.0348167044595616,5.58333333333333,60,0.8
"129",3.50594732799377,5.1478150704935,0.032404260140494,-4.16666666666667,60,0.8
"130",4.60072458061409,4.62781445897161,0.0369857594936709,3.91666666666667,60,0.8
"131",3.59107690440254,2.23606797749979,0.0154929577464789,0.666666666666667,60,0.8
"132",3.04822352636198,5.61248608016091,0.0620451237263464,-5.16666666666667,60,0.8
"133",3.44903368109581,3.47610893576904,0.0312398571892243,-2.58333333333333,60,0.8
"134",3.19178633370093,3.02765035409749,0.0421455938697318,-2.66666666666667,60,0.8
"135",3.23071199583002,10.758717395675,0.112446843310435,-10.4166666666667,60,0.8
"136",6.40962817434314,6.29814787589706,0.0408184902459712,5.83333333333333,60,0.8
"137",3.02765035409749,4.22295315310664,0.0461847389558233,-3.83333333333333,60,0.8
"138",2.86501890627851,3.51188458428425,0.0314664257753689,-3.16666666666667,60,0.8
"139",3.67706857881837,4.47213595499958,0.026587563172929,-3.66666666666667,60,0.8
"140",5.3424401416082,2.39791576165636,0.0180581613508443,1.25,60,0.8
"141",3.05845821725043,2.06155281280883,0.0162554613209972,-1.41666666666667,60,0.8
"142",4.23772737836371,1.68325082306035,0.0105591552675786,-0.333333333333333,60,0.8
"143",3.85681215513538,6.72061505121865,0.0562865497076023,-5.83333333333333,60,0.8
"144",3.61996777149558,1.3228756555323,0.0178928928928929,-0.0833333333333333,60,0.8
"145",4.07737660757502,2.12132034355964,0.0202453987730061,1.33333333333333,60,0.8
"146",5.55840204855076,6.02771377334171,0.112770943175161,5.83333333333333,60,0.8
"147",5.75905084772366,5.56776436283002,0.0538194444444444,5.16666666666667,60,0.8
"148",3.69120576505835,2.38047614284762,0.0153524075366364,-1.16666666666667,60,0.8
"149",3.69966214673719,2.85773803324704,0.0209011943539631,2,60,0.8
"150",6.16779268998778,7.60482303103322,0.0593137254901961,7.33333333333333,60,0.8
"151",4.53918127713211,1.47196014438797,0.00989462863017219,0.166666666666667,60,0.8
"152",8.01690921324006,11.7756811551038,0.127025163736643,11.1666666666667,60,0.8
"153",3.34165627596057,2,0.0142857142857143,-0.666666666666667,60,0.8
"154",4.24264068711928,2.73861278752583,0.0163465935070873,1.83333333333333,60,0.8
"155",5.10922368532311,1.95789002074512,0.017764857881137,1,60,0.8
"156",3.48209706929603,3.18852107828483,0.0148900169204738,-2.5,60,0.8
"157",2.77263412660235,6.42910050732864,0.0375854214123007,-6,60,0.8
"158",3.20481408717157,2.58198889747161,0.0176848874598071,-1.5,60,0.8
"159",3.47610893576904,2.04124145231932,0.0170701427684668,1.33333333333333,60,0.8
"160",3.30088372005639,2.43241991988774,0.0272493063812921,-0.416666666666667,60,0.8
"161",3.64862987983161,8.06225774829855,0.148307515777395,-7.83333333333333,60,0.8
"162",3.37268439080801,4.02077936060494,0.0406996300033636,-3.66666666666667,60,0.8
"163",4.80667938047325,7.17635004720366,0.0663050030138638,6.66666666666667,60,0.8
"164",3.59687364248454,5.11533641774094,0.0518518518518519,-4.66666666666667,60,0.8
"165",2.83578325452893,2.02072594216369,0.0215286361763494,-1.41666666666667,60,0.8
"166",5.45053514192261,5.61990510002912,0.0429078014184397,4.41666666666667,60,0.8
"167",5.50567888638631,5.11533641774094,0.0381150381150381,5,60,0.8
"168",3.72491610643783,2.56580071972344,0.0195806962025316,-1.25,60,0.8
"169",3.51188458428425,10.1488915650922,0.125098039215686,-9.66666666666667,60,0.8
"170",3.79692858329817,3.1224989991992,0.0431208902377339,-2.25,60,0.8
"171",5.10718448201485,7.02969890298771,0.0463912022207986,6.58333333333333,60,0.8
"172",3.20481408717157,4.94974746830583,0.0354756968440452,-4.66666666666667,60,0.8
"173",4.5,3.20156211871642,0.025975015234613,2.58333333333333,60,0.8
"174",3.685557397916,2.46644143115812,0.0156856034679443,0.583333333333333,60,0.8
"175",4.82614407852342,3.14907393794853,0.0256666666666667,2.58333333333333,60,0.8
"176",4.30358377789179,1.91485421551268,0.0145042194092827,0.5,60,0.8
"177",3.98695790463523,15.8140233126593,0.193036786786787,-15.5833333333333,60,0.8
"178",3.65433532488012,4.94974746830583,0.0309926311226701,-4.33333333333333,60,0.8
"179",4.46747505122674,1.84842275106824,0.0178449453551913,-0.0833333333333333,60,0.8
"180",3.25960120260132,13.2570735835629,0.0987375492239981,-12.9166666666667,60,0.8
"181",3.57654395564582,8.49509662491644,0.149152542372881,-8,60,0.8
"182",5.20616621581243,5.5,0.0880836047774158,4.91666666666667,60,0.8
"183",7.17635004720366,9.59600611365652,0.0725373482726424,9.41666666666667,60,0.8
"184",4.13067791046458,4.60977222864644,0.0332740213523132,4.25,60,0.8
"185",3.67990036096994,1.82574185835055,0.0138190954773869,1,60,0.8
"186",5.91079520876844,6.36396103067893,0.0854922279792746,6,60,0.8
"187",5.32877409291606,8.36161866307395,0.0677718495934959,8.08333333333333,60,0.8
"188",2.76511000383951,4.79583152331272,0.0393169181890389,-4.5,60,0.8
"189",4.03112887414927,2.41522945769824,0.0177211482132396,1.66666666666667,60,0.8
"190",3.23071199583002,1.75594229214212,0.0158851512062521,-0.916666666666667,60,0.8
"191",5.59761854124889,5.15590276608601,0.0473999415717207,4.91666666666667,60,0.8
"192",4.22295315310664,2.34520787991171,0.0148448043184885,1.5,60,0.8
"193",4.9749371855331,3.41565025531987,0.031965811965812,2.83333333333333,60,0.8
"194",4.01040313850532,1.6583123951777,0.0215835641735919,0.583333333333333,60,0.8
"195",3.05505046330389,5.22812904711937,0.0398550724637681,-4.66666666666667,60,0.8
"196",3.12583322225184,1.87082869338697,0.0138888888888889,-1.16666666666667,60,0.8
"197",3.67706857881837,2.97209241668783,0.0273122284295469,-2.33333333333333,60,0.8
"198",5.56963493716898,6.62696511735701,0.0565942028985507,5.58333333333333,60,0.8
"199",3.03452357600552,5.59016994374947,0.0286930258099945,-4.75,60,0.8
"200",3.60555127546399,3,0.0127792672028597,-1.66666666666667,60,0.8
"201",3.55902608401044,5.81664278887172,0.095125786163522,-5.5,60,0.8
"202",2.89035753267077,6.84957419601151,0.0611627252252252,-6.58333333333333,60,0.8
"203",4.15080313513742,2.04124145231932,0.017851346965271,0.5,60,0.8
"204",3.16227766016838,4.04145188432738,0.0413675213675214,-3.66666666666667,60,0.8
"205",4.69041575982343,2.19848432637882,0.0281264528126453,1.33333333333333,60,0.8
"206",4.32290411644765,3.685557397916,0.0341977555353351,3.41666666666667,60,0.8
"207",3.15898190350414,6.60176744011279,0.0244093950566708,-5.25,60,0.8
"208",3.32290033956281,2.87228132326901,0.0225204731574158,-1.91666666666667,60,0.8
"209",3.85411035994906,2.5,0.0186769899483836,1.25,60,0.8
"210",3.3103373443402,11.146748404804,0.0985097074104457,-10.9166666666667,60,0.8
"211",2.84312035153866,3.8405728739343,0.038155668358714,-3.25,60,0.8
"212",4.03629367943744,1.08012344973464,0.00687671917979495,0,60,0.8
"213",4.00260331950761,2.08166599946613,0.00823507392850458,1.16666666666667,60,0.8
"214",3.278719262151,2.02072594216369,0.0107421875,-1.08333333333333,60,0.8
"215",3.09569593683445,8.76070773396762,0.0880752487562189,-8.58333333333333,60,0.8
"216",3.34477204006491,1.6583123951777,0.0114583333333333,-0.75,60,0.8
"217",5.02286438863988,3.70809924354783,0.023005148005148,3.25,60,0.8
"218",3.76939429263288,3.88372673257701,0.0297916666666667,-2.41666666666667,60,0.8
"219",3.13913470030623,8.35164654424503,0.0745319921765856,-8.08333333333333,60,0.8
"220",3.75277674973257,2.25462487641145,0.0141975308641975,0.75,60,0.8
"221",4.28903641081926,3.1224989991992,0.0175407512402551,2.08333333333333,60,0.8
"222",3.01385688667085,7.10633520177595,0.0770150273224044,-6.83333333333333,60,0.8
"223",4.99374608885954,2.34520787991171,0.0202476572958501,1.5,60,0.8
"224",5.1700257897487,6.47430819985168,0.052201974183751,6.25,60,0.8
"225",4.49073119510249,2.02072594216369,0.0129322268326418,0.916666666666667,60,0.8
"226",5.21416340365355,5.11533641774094,0.0572277963582311,4.66666666666667,60,0.8
"227",8.22597511950204,8.9675340348764,0.101744186046512,8.75,60,0.8
"228",8.0350793399941,9.32737905308882,0.220641867250182,9.16666666666667,60,0.8
"229",3.61132478000341,8.45576726264388,0.0567375886524823,-8,60,0.8
"230",3.69966214673719,5.75905084772366,0.0554505356017643,-5.33333333333333,60,0.8
"231",4.20565096031518,2.62995563967658,0.0280612244897959,2.25,60,0.8
"232",3.57071421427143,1.63299316185545,0.00876593806921676,0.666666666666667,60,0.8
"233",3.14907393794853,6.43557819210261,0.0625,-6.25,60,0.8
"234",3.30088372005639,1.68325082306035,0.01270207852194,0.166666666666667,60,0.8
"235",4.52078533000628,2.67706306736817,0.0158045977011494,2.16666666666667,60,0.8
"236",3.02076149339864,7.43303437365925,0.0478106889890534,-6.75,60,0.8
"237",3.39423530906938,2.76887462097269,0.0205684367988033,-1.66666666666667,60,0.8
"238",2.80252862013337,8.79867414254367,0.0696639077000251,-8.41666666666667,60,0.8
"239",5.19414734741581,6.74536878161602,0.0847526358475264,6.33333333333333,60,0.8
"240",6.63481976645435,10.0291242555536,0.106457690990065,9.41666666666667,60,0.8
"241",3.86490620843508,1.93649167310371,0.0133256822239225,0.916666666666667,60,0.8
"242",4.10538264558453,3.08220700148449,0.028765690376569,2.33333333333333,60,0.8
"243",3.02765035409749,7.23993554299116,0.0388743455497382,-6.75,60,0.8
"244",2.71952814534679,6.64580067912563,0.0761384335154827,-6.33333333333333,60,0.8
"245",3.55902608401044,2.29128784747792,0.0087739288969918,0.75,60,0.8
"246",5.92311854797229,6.31136540958716,0.07247150997151,6.16666666666667,60,0.8
"247",2.87228132326901,5.09901951359278,0.0280872794800371,-3.33333333333333,60,0.8
"248",3.47610893576904,1.93649167310371,0.0129781420765027,-1.25,60,0.8
"249",4.12310562561766,2.41522945769824,0.0143603133159269,-0.333333333333333,60,0.8
"250",3.87298334620742,2.08166599946613,0.0191171359054571,1,60,0.8
"251",5.00208289948631,3.53553390593274,0.0205264191710862,3,60,0.8
"252",4.21554662331391,2.46644143115812,0.0141286477599671,0.0833333333333333,60,0.8
"253",3.27235898601198,9.93310961716756,0.0847526358475264,-9.5,60,0.8
"254",3.66003187599962,3.16227766016838,0.0215686274509804,-2.5,60,0.8
"255",4.73022198210613,3.69684550213647,0.0236961451247166,3,60,0.8
"256",4.42530601578392,3.09569593683445,0.022024302678818,2.25,60,0.8
"257",4.57119605063416,3.74165738677394,0.0320793234179061,3.33333333333333,60,0.8
"258",3.04138126514911,8.40634680861233,0.0817084493964717,-8,60,0.8
"259",5.25793051811579,4.50924975282289,0.0355699272433306,4,60,0.8
"260",2.92617497767991,4.39696865275764,0.0484496124031008,-4.16666666666667,60,0.8
"261",3.11247489949718,4.76969600708473,0.032804411433716,-4.41666666666667,60,0.8
"262",5.59761854124889,5.22812904711937,0.0444983818770227,5,60,0.8
"263",3.24037034920393,7.19953702215173,0.0436227224008575,-6.16666666666667,60,0.8
"264",4.5023142197467,3.3291640592397,0.0144529383659818,2.75,60,0.8
"265",4.22788363132194,4.01040313850532,0.0303091397849462,3.41666666666667,60,0.8
"266",4.03371210342698,4.13319892254575,0.0312334918119387,3.58333333333333,60,0.8
"267",3.51484945149386,2.06155281280883,0.0248067010309278,-1.25,60,0.8
"268",2.78013788626871,9.46484724300046,0.094172164624568,-9.08333333333333,60,0.8
"269",3.85681215513538,1.4142135623731,0.00795947901591896,0.833333333333333,60,0.8
"270",3.69402670988358,2.66145323711189,0.0173525377229081,-1.91666666666667,60,0.8
"271",3.17214438511238,5.09901951359278,0.0557365182772349,-4.66666666666667,60,0.8
"272",3.36650164612069,3.57071421427143,0.022109952194698,-2.41666666666667,60,0.8
"273",3.63432708122609,5.32290647422377,0.0340346534653465,-5,60,0.8
"274",3.26279532507532,4.24264068711928,0.038559592096877,-3.66666666666667,60,0.8
"275",3.97387300585545,2.12132034355964,0.0230898404701931,-0.333333333333333,60,0.8
"276",6.06904715201104,7.64307965853207,0.0691977501480166,7.08333333333333,60,0.8
"277",5.15186050535791,6.49358657959272,0.0400041562759767,5.83333333333333,60,0.8
"278",3.92375245566452,2.75378527364305,0.0304505536464299,2.08333333333333,60,0.8
"279",3.79692858329817,2.59807621135332,0.0293803418803419,-1.41666666666667,60,0.8
"280",6.0518592184551,4.93288286231625,0.0671361502347418,4.33333333333333,60,0.8
"281",3.47011046894284,2,0.0157502863688431,-0.166666666666667,60,0.8
"282",3.04480431774085,2.10158670215308,0.0213414634146341,-1.41666666666667,60,0.8
"283",3.20806275915336,3.96862696659689,0.0320762052877138,-3.75,60,0.8
"284",4.66592255972314,4.15331193145904,0.033054822632659,3.25,60,0.8
"285",3.22748612183951,4.78713553878169,0.0612652374947457,-4.41666666666667,60,0.8
"286",3.66003187599962,1.52752523165195,0.0150891632373114,0.666666666666667,60,0.8
"287",5.22015325445528,2.3094010767585,0.0367278797996661,1.66666666666667,60,0.8
"288",3.50891721190455,5.41602560309064,0.0497737556561086,-5,60,0.8
"289",3.40036762718386,2.38047614284762,0.0159420289855072,-1.66666666666667,60,0.8
"290",3.34165627596057,7.41619848709566,0.0529438101634206,-7.16666666666667,60,0.8
"291",5.35023363975817,8.11377429642539,0.0513814351023653,7.83333333333333,60,0.8
"292",5.15792270848126,4.48144321991625,0.0375945317044793,3.91666666666667,60,0.8
"293",7.32717544487642,8.12916559883813,0.0544978846582053,7.41666666666667,60,0.8
"294",3.50594732799377,3.37885582211888,0.0236777367773678,-2.75,60,0.8
"295",3.91311896062463,3.66287682930599,0.0322362488728584,2.91666666666667,60,0.8
"296",3.60266105353621,1.75594229214212,0.0141606591143151,-0.916666666666667,60,0.8
"297",4.37083134731445,4.60072458061409,0.0367231638418079,4.33333333333333,60,0.8
"298",5.19615242270663,4.5,0.0462764052989617,3.58333333333333,60,0.8
"299",7.2829710054803,6.72681202353685,0.0604309360730594,6.41666666666667,60,0.8
"300",2.82105181330179,4.3493294502333,0.0302709568162574,-3.25,60,0.8
"301",3.09905899696451,5.51513070259143,0.0631826741996234,-5.08333333333333,60,0.8
"302",3.14907393794853,5.25198375219624,0.0310830250719277,-4.58333333333333,60,0.8
"303",3.23393465198871,3.25320354932386,0.0188356164383562,-2.75,60,0.8
"304",4.11551940828858,2.3629078131263,0.0177618646447627,0.75,60,0.8
"305",3.67990036096994,1.89296944860009,0.0118480725623583,-0.75,60,0.8
"306",4.98121471129282,4.3493294502333,0.0258131412355381,3.58333333333333,60,0.8
"307",3.7638632635454,1.73205080756888,0.0122528543581175,0,60,0.8
"308",3.53553390593274,2.72335577306137,0.0224184782608696,2.08333333333333,60,0.8
"309",3.00693642544479,7.10046946804693,0.0509976525821596,-6.58333333333333,60,0.8
"310",3.06526235962492,10.6536378763313,0.0988869863013699,-10.5,60,0.8
"311",4.07993055496455,4.10284454169706,0.035288725939505,3.33333333333333,60,0.8
"312",4.09013039726934,1.80277563773199,0.0176681783824641,-0.916666666666667,60,0.8
"313",4.48608961123159,3.67423461417477,0.0329237555135476,2.83333333333333,60,0.8
"314",3.66856011717586,14.6258902862925,0.165348101265823,-14.25,60,0.8
"315",8.03767171926465,12.4666221033072,0.0901535992663916,11.9166666666667,60,0.8
"316",4.08248290463863,2.29128784747792,0.0396090534979424,1.58333333333333,60,0.8
"317",3.88372673257701,2.27303028283098,0.0337800111669458,0.666666666666667,60,0.8
"318",4.56435464587638,2.14087209644419,0.0228421812928855,-0.0833333333333333,60,0.8
"319",4.5230889150373,2.75378527364305,0.0218446601941748,0.416666666666667,60,0.8
"320",3.98695790463523,2.79880927062444,0.0169543773119605,2.33333333333333,60,0.8
"321",3.41565025531987,2.10158670215308,0.0161493288590604,-1.25,60,0.8
"322",3.66003187599962,1.52752523165195,0.0116772823779193,-0.666666666666667,60,0.8
"323",3.11916121203548,5.99305153212173,0.0531519476657746,-5.41666666666667,60,0.8
"324",4.36606229914324,2.12132034355964,0.0157909847832328,0.833333333333333,60,0.8
"325",4.68597197316985,3.87298334620742,0.0246747420367878,2.66666666666667,60,0.8
"326",3.96862696659689,2.44948974278318,0.0179874213836478,0.833333333333333,60,0.8
"327",4.04402851951698,11.2361025271221,0.123925008599931,-10.9166666666667,60,0.8
"328",3.88640793878701,2.06155281280883,0.00855855855855856,0.25,60,0.8
"329",3.96862696659689,1.77951304200522,0.0202453987730061,0.5,60,0.8
"330",3.19504825211347,4.84767985741633,0.0278246205733558,-4.5,60,0.8
"331",3.60555127546399,2.64575131106459,0.0143415906127771,-0.166666666666667,60,0.8
"332",4.24264068711928,2.51661147842358,0.0329905741216795,0.833333333333333,60,0.8
"333",3.01039864469807,6.68331255192114,0.0714529914529914,-6.33333333333333,60,0.8
"334",5.1720402163943,4.22295315310664,0.0882147838214784,3.83333333333333,60,0.8
"335",3.69684550213647,2.14087209644419,0.0271710868434737,0.416666666666667,60,0.8
"336",2.87228132326901,4.2328083664001,0.0276104417670683,-3.75,60,0.8
"337",4.14578098794425,4.15331193145904,0.0277404169468729,-3.41666666666667,60,0.8
"338",3.00347021515668,5.26782687642637,0.0619232188999631,-5.08333333333333,60,0.8
"339",2.65753645318366,4.87339717240448,0.0378219554888722,-4.58333333333333,60,0.8
"340",3.75277674973257,3.1091263510296,0.0208037825059102,-2.5,60,0.8
"341",5.78791845139511,6.80685928555405,0.0721075057358243,6.66666666666667,60,0.8
"342",3.33229150385537,6.45497224367903,0.0420987654320988,-5.16666666666667,60,0.8
"343",3.07544034787432,4.61880215351701,0.0534979423868313,-4.33333333333333,60,0.8
"344",4.96655480858378,3.37885582211888,0.0392857142857143,2.75,60,0.8
"345",2.94037979406289,4.01040313850532,0.0372481004294681,-3.41666666666667,60,0.8
"346",3.40954542424646,2.58198889747161,0.014340152426795,-1.33333333333333,60,0.8
"347",4.96445700286883,4.94974746830583,0.0323665405632619,4.66666666666667,60,0.8
"348",3.57945526581909,1.52752523165195,0.0185990338164251,0,60,0.8
"349",6.06217782649107,7.32575365861197,0.0567010309278351,7,60,0.8
"350",2.87590565445623,7.77281587757401,0.0426242650988776,-7.25,60,0.8
"351",4.52769256906871,3.278719262151,0.0243501856612396,2.41666666666667,60,0.8
"352",3.49404254887277,4.95815826021451,0.0327160493827161,-4.41666666666667,60,0.8
"353",3.30718913883074,1.68325082306035,0.0122120455176242,0.5,60,0.8
"354",4.23772737836371,1.6583123951777,0.0201856649395509,0.583333333333333,60,0.8
"355",2.93683503111768,6.7515430335097,0.0529253271747498,-6.25,60,0.8
"356",4.52078533000628,1.80277563773199,0.0106881572930956,0.75,60,0.8
"357",3.68272996566406,1.89296944860009,0.0140911542610572,-0.416666666666667,60,0.8
"358",2.79508497187474,7.22841614740048,0.0516524013314313,-6.58333333333333,60,0.8
"359",4.95815826021451,4.61880215351701,0.0836501901140684,4,60,0.8
"360",4.71919837825592,4.07226390762354,0.0280054644808743,2.91666666666667,60,0.8
"361",4.30116263352131,2.12132034355964,0.0159672736869887,-0.333333333333333,60,0.8
"362",7.04154339142587,7.25143663926903,0.0617206982543641,6.75,60,0.8
"363",5.77711000414567,5.62731433871138,0.0617082880926529,5.16666666666667,60,0.8
"364",3.01731116503861,1.87082869338697,0.0117823479005998,-1.16666666666667,60,0.8
"365",3.21455025366432,3.25320354932386,0.0208908839779006,-2.75,60,0.8
"366",3.26917420765551,4.39696865275764,0.0621468926553672,-3.83333333333333,60,0.8
"367",3.60843918243516,3.91578004149024,0.0307864539602575,-3,60,0.8
"368",4.24509520898334,3.60555127546399,0.0439260193358554,2.83333333333333,60,0.8
"369",3.42478709800575,2.98607881119482,0.0247747747747748,2.41666666666667,60,0.8
"370",3.36030752560933,5.46198986939131,0.0358796296296296,-5.16666666666667,60,0.8
"371",3.56195171219375,2.21735578260835,0.0186084142394822,-1.58333333333333,60,0.8
"372",2.76134025429682,9.04617783007461,0.0770955985421923,-8.33333333333333,60,0.8
"373",4.7368238303741,4.70814896394185,0.0320181112548512,4.5,60,0.8
"374",3.73050488093323,2.12132034355964,0.0262929161234246,1.16666666666667,60,0.8
"375",3.24679328979636,3.90512483795333,0.0344551282051282,-3.58333333333333,60,0.8
"376",7.62534152240628,8.59263250310016,0.0936739659367397,8.16666666666667,60,0.8
"377",4.15331193145904,2.3629078131263,0.0104042214257268,-0.25,60,0.8
"378",3,9.322910847298,0.0781820552947314,-9.08333333333333,60,0.8
"379",3.73887237902909,4.27200187265877,0.040283203125,-3.75,60,0.8
"380",4.0181878170804,2.14087209644419,0.0218253968253968,1.75,60,0.8
"381",3.42478709800575,2.43241991988774,0.0237724757952974,-1.58333333333333,60,0.8
"382",4.0568871482127,3.40342964277702,0.0202542171537182,1.41666666666667,60,0.8
"383",4.25489913707325,1.22474487139159,0.00536690085870414,0,60,0.8
"384",5.62731433871138,4.91596040125088,0.0355348169418521,4.5,60,0.8
"385",6.4436661407411,8.53912563829967,0.0750351617440225,8.08333333333333,60,0.8
"386",4.16583324998333,3.06865877325366,0.0300705467372134,1.58333333333333,60,0.8
"387",2.98258836136221,4.63680924774785,0.0302070130967469,-4.33333333333333,60,0.8
"388",3.5939764421413,7.91622805802528,0.0628415300546448,-7.66666666666667,60,0.8
"389",4.48608961123159,3.45205252953466,0.033411214953271,3.25,60,0.8
"390",5.31311270976503,4.19324854180304,0.0332929782082324,3.75,60,0.8
"391",2.66145323711189,4.36844747402705,0.0323607108549472,-4.08333333333333,60,0.8
"392",6.50480591562884,9.59600611365652,0.0820333880678708,9.08333333333333,60,0.8
"393",3.74444032311016,2.34520787991171,0.0222741433021807,0.666666666666667,60,0.8
"394",3.36650164612069,6.25166644450368,0.0590490797546012,-5.25,60,0.8
"395",3.23715409992584,4.55521678957215,0.0420035938903863,-4.25,60,0.8
"396",2.89755644178562,2.58198889747161,0.026018922852984,-1.83333333333333,60,0.8
"397",2.62995563967658,8.2915619758885,0.0645344436033308,-7.75,60,0.8
"398",3.67706857881837,2.38047614284762,0.0154277699859748,1,60,0.8
"399",4.64802825579478,7.3143694191639,0.0422284644194757,6.83333333333333,60,0.8
"400",2.80252862013337,6.58280588604383,0.0483487764314564,-6.16666666666667,60,0.8
"401",3.89711431702997,2.14087209644419,0.0152999516207063,0.583333333333333,60,0.8
"402",3.86221007541882,1.63299316185545,0.0139949109414758,-0.166666666666667,60,0.8
"403",4.38273126410157,4.03112887414927,0.0251760563380282,3.25,60,0.8
"404",3.44298804335227,10.5869416421048,0.0663235294117647,-10.25,60,0.8
"405",4.79148550382168,3.21455025366432,0.0210124164278892,2.66666666666667,60,0.8
"406",3.3291640592397,8.15475321515004,0.0706260032102729,-8,60,0.8
"407",4.53918127713211,2.43241991988774,0.0190972222222222,-1.75,60,0.8
"408",3.18525247560273,2.04124145231932,0.0166515289131093,-0.833333333333333,60,0.8
"409",5.99305153212173,9.04617783007461,0.0852713178294574,8.66666666666667,60,0.8
"410",3.22102468168128,2.19848432637882,0.0233140655105973,-0.666666666666667,60,0.8
"411",3.10241841149771,5.36966789786234,0.047008547008547,-5.16666666666667,60,0.8
"412",6.89806736219163,10.1077528000375,0.0895815782083684,9.66666666666667,60,0.8
"413",3.03452357600552,4.20317340430616,0.0573731626363205,-3.5,60,0.8
"414",4.03887360535088,2.10158670215308,0.020199370409234,1.41666666666667,60,0.8
"415",4.11804970020195,2.23606797749979,0.0137844611528822,0.5,60,0.8
"416",3.18852107828483,2.34520787991171,0.0308322552824493,-2.16666666666667,60,0.8
"417",2.92617497767991,5.9791303715507,0.0565742397137746,-5.75,60,0.8
"418",4.21307488658818,1.6583123951777,0.00852448853068816,0.583333333333333,60,0.8
"419",3.20806275915336,6.91616464041548,0.0536585365853659,-6,60,0.8
"420",3.50891721190455,4.38748219369606,0.0347842261904762,-4.25,60,0.8
"421",4.71478171993855,4.86483983977547,0.0355848861283644,4.16666666666667,60,0.8
"422",3.50891721190455,2.88675134594813,0.0161222780569514,-2.16666666666667,60,0.8
"423",3.88640793878701,3.1091263510296,0.0199709513435004,2.33333333333333,60,0.8
"424",4.93710441453287,2.76887462097269,0.0169753086419753,2.16666666666667,60,0.8
"425",3.01385688667085,1.75594229214212,0.00980700650304175,-1.08333333333333,60,0.8
"426",3.32603367391252,2.48327740429189,0.0166666666666667,-2,60,0.8
"427",5.75905084772366,7.85281265959316,0.0699017908723281,7.33333333333333,60,0.8
"428",4.56435464587638,3.1224989991992,0.0387820512820513,2.58333333333333,60,0.8
"429",5.06211418282915,3.20156211871642,0.0297868623340321,2.41666666666667,60,0.8
"430",4.4837670174382,2.73861278752583,0.0266294227188082,2.16666666666667,60,0.8
"431",2.8831406486677,2.12132034355964,0.0124293785310734,0,60,0.8
"432",3.82698750106834,2.76887462097269,0.0273340433084842,0.166666666666667,60,0.8
"433",3.17214438511238,6.83739716558867,0.0573382074194422,-6.41666666666667,60,0.8
"434",3.20156211871642,4.5,0.0371088142405972,-3.91666666666667,60,0.8
"435",3.42478709800575,2.58198889747161,0.0314423922603342,-1.83333333333333,60,0.8
"436",5.28953369085278,3.01385688667085,0.0366666666666667,2.41666666666667,60,0.8
"437",4.81317635939788,4.09267638593623,0.0499227500965624,3.91666666666667,60,0.8
"438",3.10241841149771,8.14452781524708,0.0789473684210526,-7.5,60,0.8
"439",4.43705983732471,3.43996124009172,0.0254826254826255,3,60,0.8
"440",3.82970843102535,2.43241991988774,0.0146610814927647,1.75,60,0.8
"441",2.50416320021945,10.2672618875076,0.09496996996997,-9.58333333333333,60,0.8
"442",4.44409720865779,4.75219247646108,0.051498127340824,4.58333333333333,60,0.8
"443",4.11298755975102,2.46644143115812,0.0266702586206897,1.58333333333333,60,0.8
"444",3.17214438511238,9.05538513813742,0.0680952380952381,-8.66666666666667,60,0.8
"445",3.3103373443402,1.77951304200522,0.00887275660415406,-0.166666666666667,60,0.8
"446",5.73367247058986,6.14410286372225,0.0494178688939509,5.91666666666667,60,0.8
"447",3.99739498507049,2.16024689946929,0.0132588209511286,1.16666666666667,60,0.8
"448",5.7191199789245,4.51848057057532,0.0324542389210019,4.08333333333333,60,0.8
"449",4.51617463494641,2.69258240356725,0.0184514224369297,1.91666666666667,60,0.8
"450",3.93435721137096,2.25462487641145,0.0172336615935542,1.08333333333333,60,0.8
"451",6.67707520800338,9.17877987534291,0.0862650249193785,8.91666666666667,60,0.8
"452",4.02854398842394,1.75594229214212,0.0163518712836656,0.416666666666667,60,0.8
"453",5.11533641774094,5.22015325445528,0.0844103392568659,4.75,60,0.8
"454",3.85140666943045,2.19848432637882,0.0114453272796065,-1,60,0.8
"455",4.92442890089805,2.56580071972344,0.0208522899605702,1.91666666666667,60,0.8
"456",4.4744645862196,1.87082869338697,0.0103838892385148,-0.5,60,0.8
"457",6.11521326965244,6.50640709864771,0.0579964850615114,6,60,0.8
"458",2.82842712474619,4.51848057057532,0.025,-3.58333333333333,60,0.8
"459",4.55978800676815,3.1224989991992,0.0224406528189911,2.25,60,0.8
"460",3.19178633370093,2.59807621135332,0.034005376344086,-1.75,60,0.8
"461",5.32877409291606,6.03462233007722,0.0534057971014493,5.58333333333333,60,0.8
"462",4.18827729104302,2.85773803324704,0.0288998357963875,1,60,0.8
"463",7.30011415435859,10.7004672795163,0.0829683698296837,10.3333333333333,60,0.8
"464",3.59107690440254,18.8348082018374,0.0896396396396396,-16.5833333333333,60,0.8
"465",4.64802825579478,2.62995563967658,0.0422038060159607,1.91666666666667,60,0.8
"466",3.8595120589698,2.3094010767585,0.0105789574918254,1.5,60,0.8
"467",3.86221007541882,15.7029721178296,0.16318093385214,-15.25,60,0.8
"468",3.07205143186113,4.19324854180304,0.0254975124378109,-3.41666666666667,60,0.8
"469",4.86483983977547,2.38047614284762,0.0143944801332382,1,60,0.8
"470",3.96337398353137,2.12132034355964,0.0202680067001675,-0.5,60,0.8
"471",3.60266105353621,2.3629078131263,0.0163945049248315,-0.75,60,0.8
"472",3.69120576505835,1.93649167310371,0.0153379265091864,0.25,60,0.8
"473",4.70150685064551,2.91547594742265,0.020816436874831,1.83333333333333,60,0.8
"474",4.65026880943457,2.78388218141501,0.020320197044335,1.91666666666667,60,0.8
"475",3.09232921921325,12.6622799421484,0.0978313840155945,-12.1666666666667,60,0.8
"476",3.70809924354783,3.1091263510296,0.020410390744379,-2.16666666666667,60,0.8
"477",6.27162924074226,5.67156650905785,0.0951982132886656,5.16666666666667,60,0.8
"478",2.89395922569756,7.30867064976023,0.0725986005089058,-6.91666666666667,60,0.8
"479",4.71919837825592,4.62781445897161,0.072947947947948,4.41666666666667,60,0.8
"480",3.95284707521047,2.43241991988774,0.0175035360678925,-1.25,60,0.8
"481",3.53553390593274,7.02376916856849,0.0680857487922705,-6.83333333333333,60,0.8
"482",3.18852107828483,4.86483983977547,0.0494467496542185,-4.33333333333333,60,0.8
"483",4.01040313850532,4.69929072662389,0.0211123013747545,-2.41666666666667,60,0.8
"484",4.56663625294009,3.48807492274273,0.0353637901861252,3.16666666666667,60,0.8
"485",3.91843931516958,12.5631736966952,0.141793754538853,-11.8333333333333,60,0.8
"486",3.80515001894362,1.68325082306035,0.0172774869109948,0.166666666666667,60,0.8
"487",3.29140294302192,2.04124145231932,0.0146453643185669,-0.666666666666667,60,0.8
"488",3.08895883214177,1.84842275106824,0.0176460655184059,-1.58333333333333,60,0.8
"489",3.53847895759369,1.91485421551268,0.0127413127413127,-1,60,0.8
"490",5.87012208845211,4.65474668125631,0.0621890547263682,4.16666666666667,60,0.8
"491",4.14326763155202,2.81365716935569,0.0179879644165358,2.08333333333333,60,0.8
"492",4.30358377789179,2.58198889747161,0.0159883720930233,2,60,0.8
"493",5.61434175423382,3.48807492274273,0.0562735595045773,3.16666666666667,60,0.8
"494",3.20481408717157,5.39289656245448,0.0296964140179299,-4.41666666666667,60,0.8
"495",5.05181485540923,1.82574185835055,0.0238870792616721,1,60,0.8
"496",3.75832409459323,1.87082869338697,0.0115576569477279,-0.166666666666667,60,0.8
"497",3.49106001094224,5.9791303715507,0.0300622267070299,-5.41666666666667,60,0.8
"498",4,2.25462487641145,0.0104676454594889,-0.583333333333333,60,0.8
"499",4.49768458950455,4.02077936060494,0.0640830800405268,3.83333333333333,60,0.8
"500",3.65718470958195,2.10158670215308,0.0152777777777778,0.75,60,0.8
"501",6.25666311489865,5.42371336509099,0.0341435185185185,4.91666666666667,60,0.8
"502",5.5,4.19324854180304,0.0446428571428571,3.75,60,0.8
"503",2.97209241668783,2,0.0141679546625451,-1.33333333333333,60,0.8
"504",4.0181878170804,10.8627804912002,0.0954705722809873,-10.6666666666667,60,0.8
"505",6.10157083599516,6.42910050732864,0.0640015015015015,5.16666666666667,60,0.8
"506",3.68838266272179,2.53311402559511,0.0234780994803267,1.25,60,0.8
"507",3.50594732799377,2.3629078131263,0.0169344042838019,-0.583333333333333,60,0.8
"508",3.31976404784035,5.01663898109747,0.0563139931740614,-4.5,60,0.8
"509",8.08032590101827,11.7082591931223,0.116525423728814,11.25,60,0.8
"510",3.74165738677394,1.84842275106824,0.0134908339788278,0.583333333333333,60,0.8
"511",3.48807492274273,2.51661147842358,0.0186125211505922,-2,60,0.8
"512",3.46410161513775,3.3291640592397,0.0137933505302379,-2.91666666666667,60,0.8
"513",3.03452357600552,5.1478150704935,0.0467604807974201,-4.83333333333333,60,0.8
"514",4.45813862503175,3.85140666943045,0.0304487179487179,3,60,0.8
"515",4.63006479436303,2.56580071972344,0.0200031625553447,0.916666666666667,60,0.8
"516",5.78431787969276,7.35980072193987,0.113069016152717,7,60,0.8
"517",3.44601218802256,7.33143914930759,0.0469943707277845,-7.08333333333333,60,0.8
"518",4.72140515807177,3.54729944229879,0.0226417313573277,2.91666666666667,60,0.8
"519",3,8.93028554974588,0.111546184738956,-8.41666666666667,60,0.8
"520",3.84599358640478,2.48327740429189,0.012948793407887,-1.83333333333333,60,0.8
"521",4.9434299833213,5.40832691319598,0.0515836408364084,5.08333333333333,60,0.8
"522",2.61406452355969,5.55277708298589,0.0434246237355046,-5.33333333333333,60,0.8
"523",4.95605690039975,2.34520787991171,0.013681592039801,-0.166666666666667,60,0.8
"524",3.31348255867851,6.13731754650732,0.0422427035330261,-5,60,0.8
"525",3.69684550213647,1.75594229214212,0.0101059230436662,0.75,60,0.8
"526",3.01039864469807,5.88075958812578,0.0412364798426745,-5.08333333333333,60,0.8
"527",3.09569593683445,6.34428877022476,0.0739069394304051,-5.58333333333333,60,0.8
"528",3.39423530906938,3.09569593683445,0.0285438908659549,-2.58333333333333,60,0.8
"529",3.79143772202578,3.55902608401044,0.0261437908496732,-2,60,0.8
"530",2.96858552175948,1.47196014438797,0.0143089430894309,0.333333333333333,60,0.8
"531",4.86912038599718,2.67706306736817,0.0224163027656477,1.5,60,0.8
"532",3.58527079404983,2.17944947177034,0.0220756880733945,1.25,60,0.8
"533",7.19809002444398,9.10585891976516,0.0977648715241112,8.41666666666667,60,0.8
"534",3.45808232020774,4.49073119510249,0.0577246011754828,-4.16666666666667,60,0.8
"535",4.57347424467075,4.24264068711928,0.0412371134020619,4,60,0.8
"536",3.84328418586674,3.04138126514911,0.0192632850241546,-2.08333333333333,60,0.8
"537",3.9024564913227,1.60727512683216,0.0109126984126984,-0.75,60,0.8
"538",6.48556088553642,6.23832242407097,0.0393101305158484,5.75,60,0.8
"539",3.94493345951487,2.39791576165636,0.0169501972386588,-1.41666666666667,60,0.8
"540",3.23393465198871,2.21735578260835,0.0131578947368421,-0.25,60,0.8
"541",3.3166247903554,3.523729085311,0.0245417269657501,-3.08333333333333,60,0.8
"542",3.43086480837315,3.96862696659689,0.0230714139553919,-3.25,60,0.8
"543",3.63145976158349,1.60727512683216,0.0128469359714207,-0.0833333333333333,60,0.8
"544",3.94493345951487,3.02765035409749,0.028765690376569,2,60,0.8
"545",4.28417631134232,1.89296944860009,0.0163077403245943,0.25,60,0.8
"546",4.44175265707881,2.14087209644419,0.0151933701657459,1.08333333333333,60,0.8
"547",3.40036762718386,2.76887462097269,0.0168067226890756,-1.66666666666667,60,0.8
"548",3.39116499156263,3.09569593683445,0.0217469446441409,-2.58333333333333,60,0.8
"549",3.81062112172456,2.91547594742265,0.0285269709543568,1.5,60,0.8
"550",2.89755644178562,5.97215762238964,0.0402930402930403,-5.66666666666667,60,0.8
"551",3.09232921921325,12.2065556157337,0.0691056910569106,-11.3333333333333,60,0.8
"552",4.54376862673853,2.04124145231932,0.0284237726098191,0.833333333333333,60,0.8
"553",3.51484945149386,6.37050495120546,0.0472302854378326,-5.91666666666667,60,0.8
"554",2.82474187611305,4.32049379893857,0.0317998994469583,-3.83333333333333,60,0.8
"555",4.4744645862196,2.67706306736817,0.0158571745398093,0.666666666666667,60,0.8
"556",2.84312035153866,5.70818126318124,0.0431455761316872,-5.08333333333333,60,0.8
"557",2.97909382195325,3.22748612183951,0.0261226252158895,-2.75,60,0.8
"558",3.54436171968946,1.60727512683216,0.00988790186125212,1.08333333333333,60,0.8
"559",3.41259920490721,3.73050488093323,0.0356389391199518,-3.58333333333333,60,0.8
"560",2.89755644178562,4.84767985741633,0.0275612472160356,-4.5,60,0.8
"561",3.50891721190455,2.19848432637882,0.0122562674094708,0.333333333333333,60,0.8
"562",4.16333199893227,3.30403793359983,0.0173860911270983,1.91666666666667,60,0.8
"563",3.09569593683445,3.77491721763537,0.0195248498088476,-3.25,60,0.8
"564",3.2177890960513,10.8589440861746,0.141468005018821,-10.25,60,0.8
"565",4.74561200830128,3.24037034920393,0.0155895691609977,2.16666666666667,60,0.8
"566",3.41259920490721,5.97215762238964,0.0545045045045045,-5.5,60,0.8
"567",4.63680924774785,3.93700393700591,0.0230607966457023,-2,60,0.8
"568",5.57897840110535,5.23609269080167,0.0555270362765229,4.91666666666667,60,0.8
"569",7.46798723441151,6.97017455544216,0.0408468364197531,6.41666666666667,60,0.8
"570",4.4464405239847,2.3094010767585,0.0186598812553011,1.16666666666667,60,0.8
"571",3.76939429263288,3.3291640592397,0.02739633817986,3.08333333333333,60,0.8
"572",3.57071421427143,4.69041575982343,0.0528281750266809,-4.5,60,0.8
"573",3.96862696659689,1.35400640077266,0.00466259749067481,-0.833333333333333,60,0.8
"574",3.48807492274273,2.06155281280883,0.019116186693148,-0.0833333333333333,60,0.8
"575",4.06458279941907,2.23606797749979,0.0303258145363408,1.16666666666667,60,0.8
"576",3.11916121203548,5.65685424949238,0.0352988367428801,-5.33333333333333,60,0.8
"577",4.06970514902493,2,0.0168815224063843,1.33333333333333,60,0.8
"578",4.44409720865779,1.4142135623731,0.00953206239168111,0.5,60,0.8
"579",3.43389962967275,4.66368952654441,0.0395516074450085,-4.08333333333333,60,0.8
"580",4.22048575403353,5.31507290636732,0.0545407098121086,4.75,60,0.8
"581",3.79692858329817,2.62995563967658,0.0187602916960715,-1.91666666666667,60,0.8
"582",3.54729944229879,10.2550800419434,0.057443795362011,-9.83333333333333,60,0.8
"583",4.8239852128021,4.81317635939788,0.0435678073510773,4.16666666666667,60,0.8
"584",3.97911212877111,2.08166599946613,0.0101682381216491,0.833333333333333,60,0.8
"585",4.63456218716144,4.92442890089805,0.0356967915748224,4.41666666666667,60,0.8
"586",3.95284707521047,2.88675134594813,0.0235646958011997,-1.83333333333333,60,0.8
"587",3.23071199583002,5.96517672272443,0.0544473995271868,-5.58333333333333,60,0.8
"588",3.18198051533946,3.60555127546399,0.0369251426653239,-3.33333333333333,60,0.8
"589",3.67706857881837,5.90197706987526,0.0575561711295783,-5.66666666666667,60,0.8
"590",2.9474565306379,7.05927286151579,0.0465888278388278,-6.16666666666667,60,0.8
"591",3.44601218802256,3.29140294302192,0.0219560878243513,-0.833333333333333,60,0.8
"592",2.99652576606087,3.61708906903512,0.0236254295532646,-2.75,60,0.8
"593",3.60266105353621,2.58198889747161,0.0236441798941799,-1.33333333333333,60,0.8
"594",3.27235898601198,3.08220700148449,0.0197265187177763,-2.66666666666667,60,0.8
"595",2.85043856274784,5.96517672272443,0.0304344235216386,-5.58333333333333,60,0.8
"596",3.04822352636198,6.50640709864771,0.0832310838445808,-6.16666666666667,60,0.8
"597",3.58817502360183,6.57013444814234,0.0584451901565996,-6.33333333333333,60,0.8
"598",4.55292945988258,3.06865877325366,0.0157142857142857,0.583333333333333,60,0.8
"599",5.64210362660359,4.64578662158878,0.0446127946127946,4.41666666666667,60,0.8
"600",6.14240723712346,6.91616464041548,0.0757575757575758,6.66666666666667,60,0.8
"601",3.13581462037113,4.88193950529227,0.0448369565217391,-4.5,60,0.8
"602",3.31976404784035,4.41588043316392,0.0197604790419162,-2.83333333333333,60,0.8
"603",5.60691537300145,6.67083203206317,0.0763888888888889,6.33333333333333,60,0.8
"604",3.81335372954918,2.14087209644419,0.016812865497076,-0.25,60,0.8
"605",3.36030752560933,12.7311952829785,0.139927310488058,-12.25,60,0.8
"606",3.73329613076702,2.06155281280883,0.0164529914529915,0.75,60,0.8
"607",3.51484945149386,2.19848432637882,0.0164895066775688,-1.16666666666667,60,0.8
"608",5.65501252577452,3.5,0.0281934053754503,2.91666666666667,60,0.8
"609",4.26712237149737,1.75594229214212,0.0180362654320988,0.416666666666667,60,0.8
"610",3.7886893072231,1.75594229214212,0.0148554178582777,0.75,60,0.8
"611",3.98956973452861,3.82970843102535,0.0330487033523087,3.16666666666667,60,0.8
"612",4.81966458030708,2.82842712474619,0.0251387528566765,2.16666666666667,60,0.8
"613",3.00347021515668,4.01040313850532,0.0385304659498208,-3.58333333333333,60,0.8
"614",3.79143772202578,4.18330013267038,0.0419389978213508,-3.33333333333333,60,0.8
"615",3.34477204006491,3.40342964277702,0.0199695479034903,-2.58333333333333,60,0.8
"616",4.58938993767145,2.29128784747792,0.0218253968253968,1.25,60,0.8
"617",3.79143772202578,1.82574185835055,0.0170278637770898,-1.16666666666667,60,0.8
"618",5.12550810489393,6.21154838452807,0.0381496678389996,5.91666666666667,60,0.8
"619",4.95605690039975,4.92442890089805,0.0270857473928158,4.25,60,0.8
"620",3.57654395564582,3.85140666943045,0.0389036251105217,-2.66666666666667,60,0.8
"621",3.08895883214177,4.01040313850532,0.0373263888888889,-3.58333333333333,60,0.8
"622",3.98695790463523,2.54950975679639,0.0173712342079689,1.83333333333333,60,0.8
"623",3.50297492616395,3.88372673257701,0.038705801579128,-3.41666666666667,60,0.8
"624",3.22102468168128,2.14087209644419,0.0103909972071628,-0.583333333333333,60,0.8
"625",3.24679328979636,2.44948974278318,0.0125356125356125,-1.5,60,0.8
"626",3.10577419226404,7.13559154286922,0.0526595744680851,-6.75,60,0.8
"627",3.79692858329817,2.91547594742265,0.0325059101654846,2.33333333333333,60,0.8
"628",3.07544034787432,5.80947501931113,0.0488788624555647,-5.41666666666667,60,0.8
"629",3.38193731461717,4.96655480858378,0.0293137908061292,-4,60,0.8
"630",3.20481408717157,3.24037034920393,0.0284513417394116,-2.66666666666667,60,0.8
"631",3.18525247560273,3.18852107828483,0.0242825607064018,-3,60,0.8
"632",4.52999264164229,1.95789002074512,0.0101977750309023,1.5,60,0.8
"633",4.89897948556636,4.86483983977547,0.0231616456106252,4.16666666666667,60,0.8
"634",5.12754002097172,3.55902608401044,0.0245901639344262,3,60,0.8
"635",3.8595120589698,2.21735578260835,0.0286458333333333,-1.08333333333333,60,0.8
"636",3.60555127546399,2.59807621135332,0.0350407747196738,-1.58333333333333,60,0.8
"637",4.15331193145904,1.38443731048635,0.0104245640636846,0.0833333333333333,60,0.8
"638",5.50946155868853,3.98956973452861,0.031015037593985,3.75,60,0.8
"639",3.38193731461717,1.80277563773199,0.00871705038371705,-0.25,60,0.8
"640",2.86501890627851,4.51848057057532,0.0461045364891519,-4.25,60,0.8
"641",3.41565025531987,2.69258240356725,0.011817065684469,-1.58333333333333,60,0.8
"642",7.17780142754962,9.9079092984679,0.0966697502312674,9.5,60,0.8
"643",2.75378527364305,4.24264068711928,0.041709755256808,-3.66666666666667,60,0.8
"644",3.09905899696451,8.47545475672741,0.0619369369369369,-8.33333333333333,60,0.8
"645",3.02076149339864,5.75181130891247,0.0651981599433829,-5.58333333333333,60,0.8
"646",5.35801580189284,9.60034721594311,0.108306480486932,9.16666666666667,60,0.8
"647",3.23071199583002,8.08290376865476,0.0559982293050022,-7.66666666666667,60,0.8
"648",3.40342964277702,4.62781445897161,0.0326429263565891,-4.08333333333333,60,0.8
"649",2.60208249933267,10.2632028788938,0.0800049309664694,-9.83333333333333,60,0.8
"650",2.99304749934466,2.51661147842358,0.0281053459119497,-1.83333333333333,60,0.8
"651",4.16833300013327,2.66145323711189,0.0177929547088426,2.08333333333333,60,0.8
"652",5.25991127935317,6.27162924074226,0.0327966607036374,5,60,0.8
"653",5.04149448741806,5.41602560309064,0.0402787621072525,5.16666666666667,60,0.8
"654",4.84553058670221,5.26782687642637,0.0356655290102389,4.75,60,0.8
"655",3.95021096483044,2.41522945769824,0.0252471751412429,-1.33333333333333,60,0.8
"656",5.84878904845553,6.01387285088957,0.0498268052224887,5.66666666666667,60,0.8
"657",3.73608529524332,2.69258240356725,0.0281901732060799,2.41666666666667,60,0.8
"658",5.61990510002912,6.20483682299543,0.0696937697993664,6,60,0.8
"659",3.06865877325366,6.6206746886804,0.0780141843971631,-6,60,0.8
"660",2.72335577306137,7.38805341976717,0.0416432978126753,-6.75,60,0.8
"661",3.49106001094224,5.03322295684717,0.0337257787588913,-4.16666666666667,60,0.8
"662",4.7169905660283,5.41602560309064,0.0421455938697318,5,60,0.8
"663",7.1618200666218,11.0151410945722,0.0589527323844667,10.1666666666667,60,0.8
"664",3.86221007541882,2.3629078131263,0.0291932059447983,-0.75,60,0.8
"665",4.92865769420708,2.3094010767585,0.0297297297297297,1.16666666666667,60,0.8
"666",4.67261525629206,3.1091263510296,0.0221886031265759,2.66666666666667,60,0.8
"667",5.34048999000404,5.3619026473818,0.0481596913030573,4.91666666666667,60,0.8
"668",6.41125312763945,7.4442371447091,0.0635964912280702,7.25,60,0.8
"669",3.97649343014672,2.91547594742265,0.0376068376068376,-2.5,60,0.8
"670",4.21554662331391,2.69258240356725,0.0174669715447154,0.25,60,0.8
"671",3.35410196624968,2.91547594742265,0.0304107424960506,-2.16666666666667,60,0.8
"672",3.75832409459323,3.81881307912987,0.0355893669115075,-2.25,60,0.8
"673",4.35411682587104,3.96862696659689,0.0287994891443167,3.41666666666667,60,0.8
"674",3.37268439080801,3.55902608401044,0.0398550724637681,-3.33333333333333,60,0.8
"675",3.06186217847897,4.08248290463863,0.0286653070473601,-3.83333333333333,60,0.8
"676",2.87228132326901,7.93725393319377,0.0632183908045977,-7.33333333333333,60,0.8
"677",5.41602560309064,7.55535130442876,0.0963123197363,7.08333333333333,60,0.8
"678",4.52769256906871,2.61406452355969,0.0196644664466447,2,60,0.8
"679",3.2945662334618,4.49073119510249,0.043734096692112,-4.16666666666667,60,0.8
"680",5.01040583851914,5.95818764390649,0.091937069813176,5.66666666666667,60,0.8
"681",3.97911212877111,2.12132034355964,0.0153826595474193,0.5,60,0.8
"682",6.841966091702,8.17516564562048,0.0664353636597276,7.83333333333333,60,0.8
"683",2.99652576606087,4.02077936060494,0.033499446290144,-3.66666666666667,60,0.8
"684",3.23715409992584,4.63680924774785,0.0567460317460317,-4.33333333333333,60,0.8
"685",4.7236109069228,4.51848057057532,0.0392285298398836,4.08333333333333,60,0.8
"686",3.97649343014672,1.82574185835055,0.0122859270290395,-0.666666666666667,60,0.8
"687",4.53458928680426,2.29128784747792,0.0121681415929204,1.25,60,0.8
"688",3.89978631893253,4.07226390762354,0.0198390677025527,-2.75,60,0.8
"689",5.01663898109747,4.68152396839605,0.0347520267048164,4.41666666666667,60,0.8
"690",7.28154058790675,7.90042192966089,0.140901060070671,7.25,60,0.8
"691",2.86501890627851,5.07444578254611,0.0564254859611231,-4.75,60,0.8
"692",3.14245127249413,7.91622805802528,0.0504049445865303,-7.16666666666667,60,0.8
"693",3.01731116503861,5.01663898109747,0.0406070549630845,-4.5,60,0.8
"694",6.67395435005864,8.87411967464942,0.0716363176530096,8.58333333333333,60,0.8
"695",3.96074487943871,1.84842275106824,0.0149695805315402,0.0833333333333333,60,0.8
"696",3.94229205750496,2.58198889747161,0.0235798499464094,1.16666666666667,60,0.8
"697",2.85043856274784,3.51188458428425,0.022314755498612,-3.16666666666667,60,0.8
"698",4.08758282281024,2.78388218141501,0.0170689655172414,-1.75,60,0.8
"699",3.22425702035885,6.78232998312527,0.0665735567970205,-6.5,60,0.8
"700",3.1655699855371,1.82574185835055,0.0115303983228512,0.666666666666667,60,0.8
"701",3.47910429085802,10.2834819006016,0.0631634819532909,-9.91666666666667,60,0.8
"702",3.69966214673719,1.97905701450632,0.0138888888888889,-0.916666666666667,60,0.8
"703",5.53962995154008,4.9749371855331,0.0406258393768466,4.58333333333333,60,0.8
"704",3.51484945149386,1.84842275106824,0.0165252739483917,0.75,60,0.8
"705",4.34213849003768,2.53311402559511,0.0250181950509461,1.75,60,0.8
"706",4.86912038599718,2.76887462097269,0.0167865707434053,1.66666666666667,60,0.8
"707",3.12583322225184,5.83809329604567,0.052262443438914,-5.25,60,0.8
"708",4.59165910465197,2.23606797749979,0.0136476426799007,-0.5,60,0.8
"709",4.30600356092127,3.08220700148449,0.0223214285714286,2.33333333333333,60,0.8
"710",3.92905841137543,2.70801280154532,0.0207703927492447,0.5,60,0.8
"711",6.20651539378848,6.48716681867619,0.0637164040778499,6.25,60,0.8
"712",6.08104979971934,6.80073525436772,0.0720563847429519,6.58333333333333,60,0.8
"713",5.10310363079829,4.75219247646108,0.0482954545454545,4.08333333333333,60,0.8
"714",3.42782730020052,4.73462423711393,0.0513172338090011,-4.25,60,0.8
"715",3.59976851107586,2.14087209644419,0.0130952380952381,0.416666666666667,60,0.8
"716",3.98434436262731,4.08248290463863,0.0299610894941634,3.5,60,0.8
"717",3.02076149339864,2,0.0228310502283105,-1.16666666666667,60,0.8
"718",2.9474565306379,2,0.0217735550277118,-1.66666666666667,60,0.8
"719",3.25960120260132,8.40634680861233,0.0818770226537217,-7.66666666666667,60,0.8
"720",3.82970843102535,2.06155281280883,0.0191351888667992,0.75,60,0.8
"721",6.59703216100493,7.45542308211501,0.0623832399252736,7.08333333333333,60,0.8
"722",5.98261369859919,4.38748219369606,0.0223819858925665,3.75,60,0.8
"723",3.36340601176843,3.17542648054294,0.0198579082226881,-2.08333333333333,60,0.8
"724",3.03795435559303,5.77350269189626,0.0357973035797304,-4.66666666666667,60,0.8
"725",4.04145188432738,2.17944947177034,0.0086822864739116,1.08333333333333,60,0.8
"726",3.48508727772108,2.61406452355969,0.0273318042813456,-2,60,0.8
"727",3.96337398353137,2.02072594216369,0.0115615615615616,-0.25,60,0.8
"728",4.61654632815485,3.17542648054294,0.0194634703196347,0.916666666666667,60,0.8
"729",3.52668399491647,4.02077936060494,0.0223440991265489,-3.33333333333333,60,0.8
"730",4.19821390593667,2.02072594216369,0.0139190166305134,-0.583333333333333,60,0.8
"731",5.70818126318124,5.64210362660359,0.0692219679633867,5.5,60,0.8
"732",2.9474565306379,4.95815826021451,0.0275871172122492,-4.75,60,0.8
"733",3.47610893576904,3.5939764421413,0.0304255319148936,-3.25,60,0.8
"734",3.70247664858718,1.6583123951777,0.0157407407407407,0.75,60,0.8
"735",3.85411035994906,1.6583123951777,0.0148554178582777,-0.25,60,0.8
"736",3.17870518712677,4,0.029434250764526,-3.5,60,0.8
"737",4.88620507142302,4.89897948556636,0.0403107593081208,3.83333333333333,60,0.8
"738",3.79418414594407,2.06155281280883,0.0111359761295823,0.25,60,0.8
"739",2.89035753267077,6.89806736219163,0.0563314711359404,-6.41666666666667,60,0.8
"740",3.71651718682963,1.89296944860009,0.0122050922681616,1.41666666666667,60,0.8
"741",3.57071421427143,2.9011491975882,0.0196878579610538,-1.91666666666667,60,0.8
"742",5.91784025919366,6.70820393249937,0.039568345323741,6.5,60,0.8
"743",10.4562580942387,17.2143351115671,0.212437234453457,16.6666666666667,60,0.8
"744",3.24358340933809,1.5545631755148,0.015414798206278,-1.08333333333333,60,0.8
"745",3.20156211871642,7.96345821026686,0.061242816091954,-7.75,60,0.8
"746",3.3166247903554,5.55277708298589,0.0537109375,-5,60,0.8
"747",6.81603501555951,8.1700673191841,0.0539556962025316,7.75,60,0.8
"748",7.87400787401181,12.0104121494643,0.11550491510277,11.75,60,0.8
"749",3.94229205750496,8.17516564562048,0.0301979482733709,-6.16666666666667,60,0.8
"750",4.52078533000628,2.66145323711189,0.0198929398148148,1.91666666666667,60,0.8
"751",6.27162924074226,8.59748025101929,0.053791086912684,8.08333333333333,60,0.8
"752",5.5,3.3166247903554,0.0307155322862129,2.66666666666667,60,0.8
"753",4.69041575982343,4.76095228569523,0.0380476556495004,4.5,60,0.8
"754",4.23034671549902,2.06155281280883,0.0121624767225326,0.916666666666667,60,0.8
"755",4.20069438704285,1.63299316185545,0.0105439731607956,0.333333333333333,60,0.8
"756",3.91843931516958,3.36650164612069,0.0405038759689922,-3.16666666666667,60,0.8
"757",3.25320354932386,3.81881307912987,0.0314241917502787,-3.41666666666667,60,0.8
"758",4.98957245997423,4.05174859371441,0.0305318874257681,3.58333333333333,60,0.8
"759",3.32290033956281,4.75219247646108,0.0418998756218905,-4.08333333333333,60,0.8
"760",5.59947914244411,4.80451176846652,0.0348288870924279,3.91666666666667,60,0.8
"761",4.30600356092127,2.76887462097269,0.0253874052093637,2.16666666666667,60,0.8
"762",4.07226390762354,1.82574185835055,0.0123042505592841,0.5,60,0.8
"763",3.73050488093323,2.66145323711189,0.0232394366197183,1.58333333333333,60,0.8
"764",3.947573094109,1.22474487139159,0.0108481262327416,-0.166666666666667,60,0.8
"765",3.18852107828483,2.25462487641145,0.02947932618683,-0.75,60,0.8
"766",3.22748612183951,2.67706306736817,0.0249278945199835,-1.83333333333333,60,0.8
"767",3.55023473402347,1.63299316185545,0.0205128205128205,0.833333333333333,60,0.8
"768",3.51484945149386,2.25462487641145,0.0195035460992908,-0.416666666666667,60,0.8
"769",3.80241151551661,2.51661147842358,0.0216962524654832,-0.333333333333333,60,0.8
"770",4.5230889150373,2.48327740429189,0.0177463390419459,1.66666666666667,60,0.8
"771",3.51188458428425,2.19848432637882,0.0130528586839266,-1.16666666666667,60,0.8
"772",3.77767565221438,2.66145323711189,0.0679945054945055,2.25,60,0.8
"773",4,2.29128784747792,0.0236742424242424,1.91666666666667,60,0.8
"774",6.23999198717434,10.5396078358416,0.0817028985507246,10.25,60,0.8
"775",3.81608438061844,3.20156211871642,0.0273014440433213,2.41666666666667,60,0.8
"776",5.38129476365431,2.87228132326901,0.0330638474295191,2.41666666666667,60,0.8
"777",3.36340601176843,4.54606056566195,0.0437929786463988,-3.33333333333333,60,0.8
"778",4.46047456369088,3.61708906903512,0.0337901701323251,3.25,60,0.8
"779",3.5,1.52752523165195,0.0151515151515152,-0.333333333333333,60,0.8
"780",3.78593889720018,1.82574185835055,0.0120262390670554,0,60,0.8
"781",3.49106001094224,2.10158670215308,0.0194444444444444,0.75,60,0.8
"782",4.41352089228845,2.84312035153866,0.0202371218315617,-1.41666666666667,60,0.8
"783",3.88640793878701,2.16024689946929,0.025462962962963,-1.16666666666667,60,0.8
"784",3.38193731461717,10.649726131064,0.0907231459487992,-10.4166666666667,60,0.8
"785",2.82842712474619,9.42072184070839,0.0783940163703077,-8.41666666666667,60,0.8
"786",3.5939764421413,7.84750491132904,0.0532945736434109,-7.08333333333333,60,0.8
"787",3.67423461417477,3.5939764421413,0.0231988144094847,2.08333333333333,60,0.8
"788",3.37268439080801,3.80788655293195,0.029420045045045,-3,60,0.8
"789",3.8405728739343,1.84842275106824,0.0140898131404461,0.916666666666667,60,0.8
"790",3.36959443652595,6.70820393249937,0.0657773689052438,-6.5,60,0.8
"791",4.6075119822597,5.43139024560011,0.0420340975896531,4.33333333333333,60,0.8
"792",4.6837484987988,2.10158670215308,0.0196028513238289,0.416666666666667,60,0.8
"793",3.74444032311016,2.64575131106459,0.0143747486932047,1.33333333333333,60,0.8
"794",4.44409720865779,1.87082869338697,0.0166364186327889,-1.33333333333333,60,0.8
"795",3.14245127249413,3.95811402901264,0.0287742899850523,-3.5,60,0.8
"796",3.14576434802948,3.1224989991992,0.0246536267318663,-2.75,60,0.8
"797",3.88640793878701,2.95803989154981,0.0281007751937985,-2.25,60,0.8
"798",3.71931893407023,2.39791576165636,0.0110976594027441,-2.08333333333333,60,0.8
"799",4.35650854086924,2.08166599946613,0.0249433106575964,1.16666666666667,60,0.8
"800",5.75543221661067,6.64580067912563,0.064031862745098,6.33333333333333,60,0.8
"801",3.82970843102535,2.76887462097269,0.018585566014965,-2.33333333333333,60,0.8
"802",3.16227766016838,3.58236421003411,0.029356818788364,-3.16666666666667,60,0.8
"803",3.58236421003411,1.93649167310371,0.0232532265242546,-0.916666666666667,60,0.8
"804",2.94037979406289,4.10284454169706,0.0281657355679702,-3.66666666666667,60,0.8
"805",4.83692395364382,1.84842275106824,0.0222286374133949,0.25,60,0.8
"806",2.74620950888068,9.89107341663853,0.114709110867179,-9.5,60,0.8
"807",3.63719214046587,1.75594229214212,0.0110129564193168,-1.25,60,0.8
"808",3.58817502360183,1.75594229214212,0.00874681933842239,-0.75,60,0.8
"809",3.21130814466628,7.46659226153404,0.0318056274814431,-5.58333333333333,60,0.8
"810",4.74341649025257,1.35400640077266,0.0104166666666667,0.333333333333333,60,0.8
"811",3.47910429085802,2.16024689946929,0.0140809011776754,0.166666666666667,60,0.8
"812",2.99304749934466,7.91096285753721,0.0969852104664391,-7.75,60,0.8
"813",2.69644828122724,3.947573094109,0.0301120448179272,-3.58333333333333,60,0.8
"814",3.19178633370093,13.3385406498112,0.0775564046579331,-12.9166666666667,60,0.8
"815",4.789311015167,3.93700393700591,0.0441008018327606,3.5,60,0.8
"816",4.03112887414927,2.46644143115812,0.0209284627092846,1.41666666666667,60,0.8
"817",4.49073119510249,5.54526825320471,0.0436167446697868,5.08333333333333,60,0.8
"818",4.77187943407347,2.04124145231932,0.0091529372607755,1.66666666666667,60,0.8
"819",5.13363094375381,3.54729944229879,0.0392554012345679,3.08333333333333,60,0.8
"820",3.29772648956823,2.41522945769824,0.0208333333333333,-2,60,0.8
"821",4.30842198490352,2.70801280154532,0.0213355500138543,2.16666666666667,60,0.8
"822",3.09905899696451,6.80073525436772,0.0813172043010753,-6.41666666666667,60,0.8
"823",4.7169905660283,1.87082869338697,0.0105633802816901,0.833333333333333,60,0.8
"824",3.278719262151,3.3291640592397,0.0226897689768977,-2.91666666666667,60,0.8
"825",5.64394956273235,5.04149448741806,0.0270543981481482,3.91666666666667,60,0.8
"826",4.52999264164229,3.90512483795333,0.0386659807956104,3.25,60,0.8
"827",2.72717802865893,7.18215380880508,0.170495988329686,-7.08333333333333,60,0.8
"828",3.83514449966795,2.04124145231932,0.0181698050875454,1.16666666666667,60,0.8
"829",3.06865877325366,6.95221787153807,0.0489576013117826,-6.33333333333333,60,0.8
"830",4.03112887414927,2.48327740429189,0.0183474467539133,2,60,0.8
"831",3.08220700148449,5.85234995535981,0.0494363193174893,-4.91666666666667,60,0.8
"832",3.33853760400169,5.28362249471579,0.0574743181013107,-4.91666666666667,60,0.8
"833",2.99304749934466,2.92973263854116,0.0192134324994366,-1.25,60,0.8
"834",3.53847895759369,2.48327740429189,0.0186125211505922,-1,60,0.8
"835",5.27375577743225,5.40061724867322,0.060204802259887,5.16666666666667,60,0.8
"836",3.37268439080801,11.1430097669645,0.119047619047619,-10.8333333333333,60,0.8
"837",4.46280927966529,3.73050488093323,0.034190188172043,2.08333333333333,60,0.8
"838",3.46710734378579,2.41522945769824,0.0116476069462092,-1.5,60,0.8
"839",3.07882553365186,1.77951304200522,0.0179738562091503,-0.333333333333333,60,0.8
"840",3.52668399491647,4.59165910465197,0.0304846609951018,-3.41666666666667,60,0.8
"841",4.55750297129177,12.9002583953449,0.121099445902595,-12.5833333333333,60,0.8
"842",4.59845988710713,2.43241991988774,0.0141403979432148,1.58333333333333,60,0.8
"843",5.20616621581243,5.56027577253743,0.0504207995190863,5.08333333333333,60,0.8
"844",2.95451631687264,6.68954408012983,0.055578626799557,-6.08333333333333,60,0.8
"845",2.80624304008046,8.14452781524708,0.0904419321685509,-8,60,0.8
"846",4.86483983977547,4.41588043316392,0.0216572504708098,3.66666666666667,60,0.8
"847",4.09013039726934,2.5,0.0177373581011352,-1.41666666666667,60,0.8
"848",5.7227615711298,5.53774924194538,0.0489759572573464,5,60,0.8
"849",4.63456218716144,3.24037034920393,0.0212406468742457,2.66666666666667,60,0.8
"850",2.89395922569756,9.91631652042901,0.0845208158703548,-9.16666666666667,60,0.8
"851",4.41116008928868,3.09569593683445,0.010194246737841,1.91666666666667,60,0.8
"852",6.41450179930861,5.43139024560011,0.0651438240270728,4.66666666666667,60,0.8
"853",3.66856011717586,2.25462487641145,0.0107513173550909,0.0833333333333333,60,0.8
"854",4.31083905212585,4.37797517885457,0.0443101711983887,4,60,0.8
"855",3.69120576505835,3.02765035409749,0.033373786407767,-2.16666666666667,60,0.8
"856",3.55902608401044,2.3629078131263,0.0269263516389953,-1.25,60,0.8
"857",4.02077936060494,1.75594229214212,0.0135869565217391,-1.08333333333333,60,0.8
"858",4.06970514902493,2.91547594742265,0.0303532008830022,2.5,60,0.8
"859",3.31976404784035,4.61880215351701,0.0339506172839506,-3.83333333333333,60,0.8
"860",3.15238005322962,2.88675134594813,0.0177746999076639,-2.33333333333333,60,0.8
"861",4.45580146176495,1.87082869338697,0.00882470918572002,0.833333333333333,60,0.8
"862",4.22295315310664,2.5,0.0245535714285714,-0.583333333333333,60,0.8
"863",3.47311099736245,11.6690473761429,0.0889705882352941,-11,60,0.8
"864",3.65718470958195,5.39289656245448,0.074113475177305,-4.75,60,0.8
"865",4.5871196481743,3.20156211871642,0.0235042735042735,2.91666666666667,60,0.8
"866",5.16397779494322,3.57071421427143,0.0365875584322186,3.08333333333333,60,0.8
"867",3.29140294302192,7.13559154286922,0.0486885245901639,-6.75,60,0.8
"868",4.62781445897161,2.98607881119482,0.0369352869352869,2.75,60,0.8
"869",4,2.70801280154532,0.0225908372827804,1.33333333333333,60,0.8
"870",4.09267638593623,3.55902608401044,0.0200242718446602,3,60,0.8
"871",7.31721713950506,10.0457287772798,0.110268479776848,9.58333333333333,60,0.8
"872",5.18210060368058,3.14907393794853,0.0250367107195301,2.41666666666667,60,0.8
"873",4.29631625155008,3.51188458428425,0.0254452926208651,3.33333333333333,60,0.8
"874",5.87898800815242,7.42742665171906,0.0482456140350877,7.16666666666667,60,0.8
"875",3.74722119265285,1.87082869338697,0.011808910359635,-1.16666666666667,60,0.8
"876",3.35720617974728,2.5,0.0189237544728874,-1.75,60,0.8
"877",3.81881307912987,1.60727512683216,0.0109664555477363,0.0833333333333333,60,0.8
"878",5.043560250458,4.99165971062398,0.0628503665373006,4.41666666666667,60,0.8
"879",4.15331193145904,2.04124145231932,0.010405916752666,-0.833333333333333,60,0.8
"880",4.46980611063463,3.1224989991992,0.0319237147595357,2.58333333333333,60,0.8
"881",3.94229205750496,2.48327740429189,0.0131139723414402,-1.33333333333333,60,0.8
"882",2.9474565306379,5.99305153212173,0.0383466135458167,-5.25,60,0.8
"883",4.05431868505671,2.51661147842358,0.0350877192982456,1.83333333333333,60,0.8
"884",3.44601218802256,3.08220700148449,0.021505376344086,-2.33333333333333,60,0.8
"885",3.54436171968946,3.79692858329817,0.0276702786377709,-3.25,60,0.8
"886",5.09288719686584,3.62859017617954,0.0201465201465201,2.66666666666667,60,0.8
"887",4.55750297129177,4.19324854180304,0.026045276045276,3.25,60,0.8
"888",6.26331914137118,6.62696511735701,0.0556650893796004,6.41666666666667,60,0.8
"889",5.45244593431853,5.2757305971148,0.0676506765067651,5,60,0.8
"890",3.98434436262731,2.75378527364305,0.0260121074536512,1.08333333333333,60,0.8
"891",2.82474187611305,1.82574185835055,0.0133711507293355,-0.666666666666667,60,0.8
"892",3.32603367391252,3.80788655293195,0.0411061285500747,-3.33333333333333,60,0.8
"893",3.96337398353137,1.22474487139159,0.0116180819602873,0.333333333333333,60,0.8
"894",2.84312035153866,3.22748612183951,0.0226252804786836,-2.58333333333333,60,0.8
"895",5.4638966559285,9.5,0.0483196861139543,8.58333333333333,60,0.8
"896",3.72491610643783,4.51848057057532,0.0354887424492037,-3.91666666666667,60,0.8
"897",3.91045606888336,1.60727512683216,0.0178707951070336,-0.916666666666667,60,0.8
"898",4.09776361771475,1.80277563773199,0.0319571865443425,0.75,60,0.8
"899",3.43086480837315,6.94022093788567,0.0528846153846154,-6.5,60,0.8
"900",5.54338945652086,4.59165910465197,0.0317595108695652,4.25,60,0.8
"901",3.18198051533946,7.3824115301167,0.0576267056530214,-7.16666666666667,60,0.8
"902",3.41565025531987,3.1091263510296,0.0233731739707835,-2.66666666666667,60,0.8
"903",4.14829282155121,2.14087209644419,0.014957264957265,0.75,60,0.8
"904",3.75832409459323,1.95789002074512,0.0119202427394885,-0.333333333333333,60,0.8
"905",5.60505724026675,4.03112887414927,0.0389150943396226,3.75,60,0.8
"906",3.09905899696451,7.5,0.048802651272183,-6.91666666666667,60,0.8
"907",6.36559764148924,7.33712023435171,0.0837045285820342,6.83333333333333,60,0.8
"908",3.31976404784035,5.65685424949238,0.0843793584379359,-5.5,60,0.8
"909",4.81534007106456,3,0.0152505446623094,2,60,0.8
"910",3.84870107958516,2.85773803324704,0.027834008097166,2.33333333333333,60,0.8
"911",3.3166247903554,4.70814896394185,0.028032619775739,-4,60,0.8
"912",3.03452357600552,5.29937103186155,0.0756653134866937,-5.08333333333333,60,0.8
"913",4.2573465914816,2.59807621135332,0.02040395713108,1.41666666666667,60,0.8
"914",4.18827729104302,3.97911212877111,0.026171782060433,3.33333333333333,60,0.8
"915",5.11533641774094,4.66368952654441,0.044995187680462,4.25,60,0.8
"916",2.97909382195325,10.8050913924872,0.0768653268653269,-10.0833333333333,60,0.8
"917",4.02595744306039,1.60727512683216,0.0129388346000724,-1.08333333333333,60,0.8
"918",3.47311099736245,1.84842275106824,0.0117205024674742,-0.0833333333333333,60,0.8
"919",3.74444032311016,3.14907393794853,0.0203429724277068,2.75,60,0.8
"920",3.44601218802256,1.29099444873581,0.00920502092050209,-0.5,60,0.8
"921",3.21130814466628,4.69929072662389,0.0156660823838738,-3.08333333333333,60,0.8
"922",6.98659430624106,11.4236596587959,0.099057910778609,10.8333333333333,60,0.8
"923",3.93170870402848,1.84842275106824,0.023539778449144,0.25,60,0.8
"924",4.43001128666734,1.80277563773199,0.0169422827496757,0.0833333333333333,60,0.8
"925",4.18330013267038,2.43241991988774,0.0187908496732026,0.916666666666667,60,0.8
"926",3.48209706929603,1.6583123951777,0.0123616874135546,0.916666666666667,60,0.8
"927",5.27178021797824,4.63680924774785,0.0313497492020064,4.16666666666667,60,0.8
"928",3.07544034787432,4.53688586293873,0.0367867867867868,-4.08333333333333,60,0.8
"929",3.46109327621586,3.40342964277702,0.0171752319771592,-2.91666666666667,60,0.8
"930",3.11247489949718,2.19848432637882,0.0230607966457023,-1.16666666666667,60,0.8
"931",3.45808232020774,3.90512483795333,0.040304396843292,-3.25,60,0.8
"932",3.02765035409749,7.96345821026686,0.110570687418936,-7.75,60,0.8
"933",6,4.95815826021451,0.0548964218455744,4.41666666666667,60,0.8
"934",3.29140294302192,4.04145188432738,0.0505249343832021,-3.33333333333333,60,0.8
"935",4.54606056566195,3.8405728739343,0.0672331544424568,3.41666666666667,60,0.8
"936",4.10284454169706,2.73861278752583,0.0322507893549842,2,60,0.8
"937",3.27554066783892,2.06155281280883,0.0139089595375723,-0.25,60,0.8
"938",3.2659863237109,1.70782512765993,0.013917004048583,0.0833333333333333,60,0.8
"939",4.99165971062398,2.43241991988774,0.0200320512820513,2.08333333333333,60,0.8
"940",3.278719262151,7.42742665171906,0.052795776337893,-6.66666666666667,60,0.8
"941",3.33853760400169,12.0485130479519,0.0964166022170663,-11.3333333333333,60,0.8
"942",5.33853912601566,5.85234995535981,0.0562317429406037,5.25,60,0.8
"943",3.39423530906938,1.77951304200522,0.00765483646485734,0.5,60,0.8
"944",4.43236204899073,1.73205080756888,0.00997581620314389,-0.666666666666667,60,0.8
"945",4.41116008928868,2.51661147842358,0.0152565880721221,-1.16666666666667,60,0.8
"946",6.39661368746516,7.81024967590665,0.0732682060390764,7.5,60,0.8
"947",6.58280588604383,8.08290376865476,0.051204209674155,7.66666666666667,60,0.8
"948",3.44298804335227,5.20416499866533,0.0226772952171523,-3.58333333333333,60,0.8
"949",4.20565096031518,2.10158670215308,0.0163844465349639,0.25,60,0.8
"950",4.32772072419959,2.61406452355969,0.0157657657657658,1,60,0.8
"951",3.63432708122609,4.06201920231798,0.0266860747210092,-3.16666666666667,60,0.8
"952",3.39116499156263,4.47213595499958,0.0316091954022989,-4.16666666666667,60,0.8
"953",3.35099487714718,7.02969890298771,0.0419226393629124,-5.41666666666667,60,0.8
"954",3.51781181986757,2.3094010767585,0.0210508002783577,1.5,60,0.8
"955",3.20806275915336,6.43557819210261,0.0660074374577417,-5.91666666666667,60,0.8
"956",5.10310363079829,3.36650164612069,0.033099297893681,3,60,0.8
"957",4.16333199893227,2.48327740429189,0.0187553282182438,1.66666666666667,60,0.8
"958",3.46710734378579,2.44948974278318,0.0186383240911892,-1.16666666666667,60,0.8
"959",3.66287682930599,2.95803989154981,0.0226234003656307,0.916666666666667,60,0.8
"960",4.53688586293873,2.62995563967658,0.0156321055025011,1.58333333333333,60,0.8
"961",3.04480431774085,8.06742420685397,0.052045177045177,-7.75,60,0.8
"962",3.98695790463523,2.59807621135332,0.0226048752834467,1.58333333333333,60,0.8
"963",3.76662979332984,6.6206746886804,0.0416666666666667,-5.83333333333333,60,0.8
"964",3.32290033956281,3.79692858329817,0.0224465034193691,-3.08333333333333,60,0.8
"965",3.64291549906573,2.29128784747792,0.0188749626977022,-0.416666666666667,60,0.8
"966",3.15898190350414,3.46410161513775,0.0312604480106988,-2.83333333333333,60,0.8
"967",3.79967103839267,2.39791576165636,0.0132934005884826,0.916666666666667,60,0.8
"968",5.34438958160799,4.99165971062398,0.0310447454844007,4.58333333333333,60,0.8
"969",3.36340601176843,4.74341649025257,0.0504009163802978,-4,60,0.8
"970",4.54147553114624,3.16227766016838,0.02647412755716,1.83333333333333,60,0.8
"971",3.57071421427143,2.21735578260835,0.0149104196133899,-1.58333333333333,60,0.8
"972",2.85409063159062,3.41565025531987,0.0323846908734053,-3,60,0.8
"973",3.71371332585953,2.39791576165636,0.0297619047619048,1.58333333333333,60,0.8
"974",4.35411682587104,2.87228132326901,0.0266633233032431,2.41666666666667,60,0.8
"975",4.39459895781174,2.66145323711189,0.0137043189368771,1.91666666666667,60,0.8
"976",4.46747505122674,3.65148371670111,0.0291699814372845,3.16666666666667,60,0.8
"977",5.37160745649444,4.33973885543051,0.0261593341260404,3.83333333333333,60,0.8
"978",3.43996124009172,4.79583152331272,0.0507172131147541,-4.5,60,0.8
"979",3.64577380903789,1.63299316185545,0.0120174799708667,-0.166666666666667,60,0.8
"980",5.48862460002504,6.37704215656966,0.0387619047619048,6.16666666666667,60,0.8
"981",3.38193731461717,7.10046946804693,0.072272122421823,-6.58333333333333,60,0.8
"982",4.42295150323853,4.29146439652791,0.0308619866284623,3.91666666666667,60,0.8
"983",3.11581984930665,1.73205080756888,0.0151047030552695,-1,60,0.8
"984",6.29483915600709,9.75961064797157,0.0791921508664628,9.41666666666667,60,0.8
"985",5.11533641774094,5.22812904711937,0.0360696517412935,4.83333333333333,60,0.8
"986",3.57071421427143,2.76887462097269,0.0266990291262136,2.16666666666667,60,0.8
"987",5.89667985677816,2.84312035153866,0.023298276365761,2.25,60,0.8
"988",3.48807492274273,8.32666399786453,0.0791245791245791,-7.83333333333333,60,0.8
"989",3.18852107828483,4.69041575982343,0.0707142857142857,-4.5,60,0.8
"990",7.55397246486906,8.18535277187245,0.0528954368733374,7.83333333333333,60,0.8
"991",4.03371210342698,1.38443731048635,0.00811762034514078,1.08333333333333,60,0.8
"992",3.2818947779192,2.38047614284762,0.0126278438739303,1.16666666666667,60,0.8
"993",4.65922024949812,2.70801280154532,0.0182421227197347,1.83333333333333,60,0.8
"994",3.63719214046587,4,0.037270087124879,-3.5,60,0.8
"995",3.14576434802948,1.95789002074512,0.0151015925315761,-0.833333333333333,60,0.8
"996",3.23393465198871,2.87228132326901,0.0224184782608696,-2.08333333333333,60,0.8
"997",3.47910429085802,2.32737334062816,0.0203703703703704,-1.58333333333333,60,0.8
"998",4.57119605063416,3.69684550213647,0.0701083492670491,3.16666666666667,60,0.8
"999",3.61132478000341,10.4602421896755,0.0944304857621441,-10.25,60,0.8
"1000",3.58236421003411,3.947573094109,0.0173664447857996,-2.91666666666667,60,0.8
