latitude,longitude,brightness,scan,track,acq_date,acq_time,satellite,instrument,confidence,version,bright_t31,frp,daynight,type
-3.5116,37.7435,302.6,1,1,2001-01-01,2014,Terra,MODIS,50,6.2,288.4,4.5,N,0
-3.5128,37.7346,300.2,1,1,2001-01-01,2014,Terra,MODIS,17,6.2,287.7,3.2,N,0
2.7901,35.3935,330.1,1.4,1.2,2001-01-02,0836,Terra,MODIS,59,6.2,306.8,18.9,D,0
1.3874,34.7837,324.6,1.3,1.1,2001-01-02,0836,Terra,MODIS,69,6.2,302.7,19.8,D,0
1.3857,34.7948,328.2,1.3,1.1,2001-01-02,0836,Terra,MODIS,77,6.2,303.9,26.4,D,0
0.0112,35.6396,322.1,1.6,1.2,2001-01-02,0837,Terra,MODIS,62,6.2,290.6,32.2,D,0
0.6001,34.9231,320.2,1,1,2001-01-04,0824,Terra,MODIS,67,6.2,300,8.4,D,0
4.625,34.4665,323.6,4.3,1.9,2001-01-05,0906,Terra,MODIS,68,6.2,303.9,75,D,0
4.6394,34.4617,321.6,4.3,1.9,2001-01-05,0906,Terra,MODIS,58,6.2,301.3,57.1,D,0
4.6458,34.4428,306.3,2.6,1.6,2001-01-05,1952,Terra,MODIS,63,6.2,279.7,37.6,N,0
-1.8434,41.0608,320.3,1.1,1.1,2001-01-10,0748,Terra,MODIS,47,6.2,301.4,9.3,D,0
0.6819,35.414,319.8,1.4,1.2,2001-01-15,0805,Terra,MODIS,54,6.2,300.6,12.7,D,0
0.6714,35.4126,318.8,1.4,1.2,2001-01-15,0805,Terra,MODIS,54,6.2,301.4,11.1,D,0
-2.5667,40.2038,337.3,1.1,1,2001-01-15,0806,Terra,MODIS,87,6.2,303.1,29.7,D,0
-2.5682,40.2134,324.8,1.1,1,2001-01-15,0806,Terra,MODIS,59,6.2,301.2,10.5,D,0
-2.5814,40.1953,320,1.1,1,2001-01-15,0806,Terra,MODIS,59,6.2,299.8,7.1,D,0
-2.6178,40.2496,328.6,1.1,1,2001-01-15,0806,Terra,MODIS,79,6.2,300.5,19.5,D,0
1.078,34.9292,319.5,2.3,1.5,2001-01-16,0848,Terra,MODIS,52,6.2,304.2,24.2,D,0
-1.396,40.9832,325.9,1,1,2001-01-17,0753,Terra,MODIS,75,6.2,300.9,16.1,D,0
-1.3973,40.9923,321.4,1,1,2001-01-17,0753,Terra,MODIS,61,6.2,300.7,11,D,0
-1.4063,40.991,318.2,1,1,2001-01-17,0753,Terra,MODIS,55,6.2,296.6,7.7,D,0
0.1194,35.73,316.1,1.6,1.2,2001-01-18,0836,Terra,MODIS,41,6.2,302.5,16.3,D,0
0.9305,35.2166,320.9,1,1,2001-01-20,0824,Terra,MODIS,65,6.2,303.9,8.2,D,0
0.633,35.4227,325.8,1,1,2001-01-20,0824,Terra,MODIS,73,6.2,309.5,10.4,D,0
-1.5073,41.3176,303.7,1.1,1,2001-01-21,1950,Terra,MODIS,51,6.2,292.7,4.7,N,0
-1.5109,41.3318,312.1,1.5,1.2,2001-01-22,0812,Terra,MODIS,43,6.2,290,9.8,D,0
-2.1128,40.6342,314.7,1.4,1.2,2001-01-22,0812,Terra,MODIS,53,6.2,297,13,D,0
-2.156,40.5657,315.6,1.4,1.2,2001-01-22,0812,Terra,MODIS,62,6.2,296.2,13.5,D,0
-3.2457,37.7667,324.7,1,1,2001-01-22,0812,Terra,MODIS,73,6.2,301.5,11.2,D,0
-3.2471,37.7758,325,1,1,2001-01-22,0812,Terra,MODIS,77,6.2,301.1,11.3,D,0
1.866,36.4141,332.4,2.2,1.4,2001-01-25,0842,Terra,MODIS,60,6.2,305.9,43.1,D,0
-2.0773,40.8253,322.4,1.1,1.1,2001-01-26,0748,Terra,MODIS,40,6.2,300.1,10.6,D,0
1.316,34.8599,319.9,1.1,1,2001-01-27,0830,Terra,MODIS,68,6.2,304,9.7,D,0
1.3146,34.8697,318.8,1.1,1,2001-01-27,0830,Terra,MODIS,66,6.2,303,8.5,D,0
1.1433,35.042,314.3,1.1,1.1,2001-01-27,0830,Terra,MODIS,60,6.2,300.7,6.4,D,0
-2.2677,40.3901,318.3,3,1.7,2001-01-27,0831,Terra,MODIS,72,6.2,292.3,45.7,D,0
-2.3359,40.752,318.9,3.3,1.7,2001-01-27,0831,Terra,MODIS,0,6.2,294.4,42.5,D,0
-2.2671,40.3835,315.8,3,1.7,2001-01-27,0831,Terra,MODIS,68,6.2,292.5,36.5,D,0
-1.2804,40.9932,305.1,1,1,2001-01-28,1956,Terra,MODIS,57,6.2,294.6,4.6,N,0
-1.9826,40.7587,321.5,1.8,1.3,2001-01-29,0818,Terra,MODIS,55,6.2,299.4,20.8,D,0
-2.0018,40.6403,319.4,1.8,1.3,2001-01-29,0818,Terra,MODIS,57,6.2,297.2,20.3,D,0
-2.2664,40.5685,321.3,1.8,1.3,2001-01-29,0818,Terra,MODIS,46,6.2,299.3,18.8,D,0
-2.3129,40.589,320.4,1.8,1.3,2001-01-29,0818,Terra,MODIS,41,6.2,297.5,19.3,D,0
-1.4439,40.8302,314.5,3.3,1.7,2001-01-30,0723,Terra,MODIS,33,6.2,290.3,36.9,D,0
0.4554,35.3457,319.6,1.4,1.2,2001-01-31,0806,Terra,MODIS,60,6.2,304.7,14.4,D,0
-1.2652,40.9587,325.7,1,1,2001-02-02,0754,Terra,MODIS,65,6.2,307.5,10,D,0
-1.294,41.0284,320.9,1,1,2001-02-02,0754,Terra,MODIS,30,6.2,305.9,7.2,D,0
-1.303,41.0271,331,1,1,2001-02-02,0754,Terra,MODIS,76,6.2,305,19.2,D,0
-1.3814,40.8714,320.9,1,1,2001-02-02,0754,Terra,MODIS,39,6.2,305.1,7.5,D,0
-1.3891,40.8611,340.1,1,1,2001-02-02,0754,Terra,MODIS,86,6.2,306.5,32.9,D,0
-1.3905,40.8702,337.5,1,1,2001-02-02,0754,Terra,MODIS,84,6.2,305.4,29.1,D,0
-1.3982,40.8598,339,1,1,2001-02-02,0754,Terra,MODIS,85,6.2,303.9,31.6,D,0
-1.4819,41.0535,322.9,1,1,2001-02-02,0754,Terra,MODIS,51,6.2,307.2,8.4,D,0
-1.7956,40.5574,319.9,1,1,2001-02-02,0754,Terra,MODIS,40,6.2,302.4,7.1,D,0
-2.0038,40.7202,325.6,1,1,2001-02-02,0754,Terra,MODIS,68,6.2,301.1,12.1,D,0
-2.0115,40.7098,328.6,1,1,2001-02-02,0754,Terra,MODIS,75,6.2,305,16.7,D,0
-2.0128,40.7189,341.8,1,1,2001-02-02,0754,Terra,MODIS,89,6.2,302.3,36.1,D,0
-3.2465,37.7803,328,1.4,1.2,2001-02-02,0754,Terra,MODIS,79,6.2,305.2,21.4,D,0
-3.2531,37.7732,329.6,1.4,1.2,2001-02-02,0754,Terra,MODIS,81,6.2,303.4,25.3,D,0
0.6965,35.436,319,1.5,1.2,2001-02-03,0836,Terra,MODIS,43,6.2,307.3,10.6,D,0
0.7026,35.1742,319.5,1.4,1.2,2001-02-03,0836,Terra,MODIS,48,6.2,308.3,9.6,D,0
-0.9407,34.5486,315.2,1.4,1.2,2001-02-03,0837,Terra,MODIS,62,6.2,303,8.7,D,0
-2.0025,40.7302,319.1,4.3,1.9,2001-02-03,0837,Terra,MODIS,61,6.2,299.1,65.9,D,0
-2.0079,40.7683,316.6,4.3,1.9,2001-02-03,0837,Terra,MODIS,42,6.2,298.7,46.2,D,0
-2.005,40.7231,318.2,4.3,1.9,2001-02-03,0837,Terra,MODIS,30,6.2,299.3,56.1,D,0
-2.0102,40.7612,318.7,4.3,1.9,2001-02-03,0837,Terra,MODIS,42,6.2,298.9,59,D,0
-3.2553,37.7889,320.3,2.6,1.6,2001-02-03,0837,Terra,MODIS,71,6.2,305.2,27.2,D,0
-3.2465,37.7835,321.1,2.6,1.6,2001-02-03,0837,Terra,MODIS,72,6.2,305.5,28.9,D,0
-2.3073,40.3567,305,1,1,2001-02-04,2002,Terra,MODIS,61,6.2,294.2,4.9,N,0
-2.3086,40.3478,308,1,1,2001-02-04,2002,Terra,MODIS,73,6.2,294.1,6.9,N,0
-2.2465,40.5884,307.3,1,1,2001-02-04,2002,Terra,MODIS,69,6.2,294.4,6.3,N,0
-1.4654,40.8414,310,1,1,2001-02-04,2002,Terra,MODIS,76,6.2,294.7,8.4,N,0
1.211,34.7906,322.2,1,1,2001-02-05,0824,Terra,MODIS,62,6.2,306.6,7.3,D,0
1.1392,34.9012,325.8,1,1,2001-02-05,0824,Terra,MODIS,74,6.2,310.2,10,D,0
1.0946,34.8888,322.3,1,1,2001-02-05,0824,Terra,MODIS,49,6.2,309,6.5,D,0
1.0895,34.8608,325.2,1,1,2001-02-05,0824,Terra,MODIS,64,6.2,311.7,10.3,D,0
1.0343,34.9258,321.6,1,1,2001-02-05,0824,Terra,MODIS,64,6.2,306.9,8.9,D,0
0.9567,35.2011,320.5,1,1,2001-02-05,0824,Terra,MODIS,60,6.2,308,7,D,0
0.7216,35.4234,335.7,1,1,2001-02-05,0824,Terra,MODIS,83,6.2,307.6,25.2,D,0
0.7203,35.4325,328.8,1,1,2001-02-05,0824,Terra,MODIS,75,6.2,307.2,16.2,D,0
0.6992,35.0726,318.5,1,1,2001-02-05,0824,Terra,MODIS,50,6.2,304.9,7,D,0
0.605,35.0254,321,1,1,2001-02-05,0824,Terra,MODIS,56,6.2,307.8,8.1,D,0
0.5172,35.3725,329.8,1,1,2001-02-05,0824,Terra,MODIS,77,6.2,305.9,17.8,D,0
-0.0564,34.8889,314.8,1,1,2001-02-05,0824,Terra,MODIS,49,6.2,300.2,6.5,D,0
-0.3911,35.785,318.4,1.1,1,2001-02-05,0824,Terra,MODIS,66,6.2,294.4,15.7,D,0
-1.5212,40.9532,318.9,1.1,1.1,2001-02-06,1950,Terra,MODIS,98,6.2,294.1,17.6,N,0
-1.5226,40.9432,305,1.1,1.1,2001-02-06,1950,Terra,MODIS,12,6.2,293.5,5,N,0
-1.5117,40.9519,311.1,1.1,1.1,2001-02-06,1950,Terra,MODIS,80,6.2,293.5,10,N,0
-1.5132,40.9419,303.8,1.1,1.1,2001-02-06,1950,Terra,MODIS,6,6.2,293.2,4.3,N,0
0.1238,35.4105,315.5,1.1,1,2001-02-07,0812,Terra,MODIS,41,6.2,295,11.7,D,0
-0.1455,36.1803,319.7,1,1,2001-02-07,0812,Terra,MODIS,63,6.2,304,9.9,D,0
-0.2221,36.0123,330.5,1,1,2001-02-07,0812,Terra,MODIS,82,6.2,313.1,12.7,D,0
-0.3628,35.7812,319.2,1.1,1,2001-02-07,0812,Terra,MODIS,61,6.2,294.6,13.8,D,0
-1.5058,40.9517,333.2,1.4,1.2,2001-02-07,0812,Terra,MODIS,80,6.2,302,35,D,0
-1.5077,40.9646,325.9,1.4,1.2,2001-02-07,0812,Terra,MODIS,21,6.2,303.3,17.6,D,0
-1.3842,40.0414,329.4,1.3,1.1,2001-02-07,0812,Terra,MODIS,79,6.2,300.1,23,D,0
-1.5396,40.9601,338.3,1.4,1.2,2001-02-07,0812,Terra,MODIS,87,6.2,302.4,49.5,D,0
-1.5415,40.973,325.5,1.5,1.2,2001-02-07,0812,Terra,MODIS,33,6.2,301.5,18.4,D,0
-1.5621,40.7054,319.5,1.4,1.2,2001-02-07,0812,Terra,MODIS,43,6.2,301.1,9.2,D,0
-1.5639,40.7178,323,1.4,1.2,2001-02-07,0812,Terra,MODIS,68,6.2,301,14.6,D,0
-1.7317,41.2451,320.2,1.5,1.2,2001-02-07,0812,Terra,MODIS,61,6.2,298.2,15.7,D,0
-1.7337,41.2588,327.3,1.5,1.2,2001-02-07,0812,Terra,MODIS,75,6.2,298.1,29.3,D,0
-1.7279,40.8431,323.1,1.4,1.2,2001-02-07,0812,Terra,MODIS,60,6.2,300.8,20.4,D,0
-1.7322,40.836,317.9,1.4,1.2,2001-02-07,0812,Terra,MODIS,38,6.2,299.2,11.9,D,0
-1.734,40.8488,319.7,1.4,1.2,2001-02-07,0812,Terra,MODIS,56,6.2,300.8,14.8,D,0
-1.8351,40.6873,324.3,1.4,1.2,2001-02-07,0812,Terra,MODIS,58,6.2,301.1,14.4,D,0
-2.1047,40.2839,340.2,1.3,1.1,2001-02-07,0812,Terra,MODIS,89,6.2,296.1,53.5,D,0
-2.1064,40.2958,316.4,1.3,1.1,2001-02-07,0812,Terra,MODIS,62,6.2,295,9.5,D,0
-2.1018,40.2785,325.1,1.3,1.1,2001-02-07,0812,Terra,MODIS,77,6.2,295.1,21.9,D,0
-2.1034,40.2903,328.4,1.3,1.1,2001-02-07,0812,Terra,MODIS,81,6.2,296.7,28,D,0
-3.6025,38.4142,336.3,1.1,1,2001-02-07,0813,Terra,MODIS,86,6.2,299.2,32.2,D,0
1.1033,34.9197,314.6,3.1,1.7,2001-02-08,0854,Terra,MODIS,38,6.2,292.5,29.8,D,0
1.1039,34.9144,316,3.1,1.7,2001-02-08,0854,Terra,MODIS,58,6.2,291.7,35.9,D,0
-0.2458,36.014,325.1,1.5,1.2,2001-02-09,0800,Terra,MODIS,46,6.2,303.6,18.6,D,0
-1.2809,41.0605,316.7,1,1,2001-02-09,0800,Terra,MODIS,55,6.2,294.4,7.7,D,0
-1.8274,41.0205,341.4,1,1,2001-02-09,0800,Terra,MODIS,90,6.2,304.8,34.4,D,0
-1.8301,40.7235,323.6,1,1,2001-02-09,0800,Terra,MODIS,55,6.2,300.3,11,D,0
-1.9519,40.6753,317.7,1,1,2001-02-09,0800,Terra,MODIS,49,6.2,296.4,6.8,D,0
-4.3994,39.0329,323.7,1,1,2001-02-09,0801,Terra,MODIS,68,6.2,301.1,10.2,D,0
-4.4008,39.0418,322.8,1,1,2001-02-09,0801,Terra,MODIS,64,6.2,299,9.7,D,0
-3.3744,39.6412,321.7,1.3,1.1,2001-02-11,0748,Terra,MODIS,55,6.2,301.1,14.2,D,0
1.411,34.808,323.4,1,1,2001-02-14,0817,Terra,MODIS,45,6.2,304.5,6.4,D,0
1.4024,34.8102,325.3,1,1,2001-02-14,0817,Terra,MODIS,71,6.2,306,10,D,0
1.0662,34.8389,324.6,1,1,2001-02-14,0818,Terra,MODIS,69,6.2,304.3,10.2,D,0
-3.9814,39.0865,324.2,1.5,1.2,2001-02-14,0819,Terra,MODIS,76,6.2,300.5,21.8,D,0
-4.2465,39.1701,320.6,1.5,1.2,2001-02-14,0819,Terra,MODIS,69,6.2,299.9,15,D,0
0.5579,34.6662,316.6,4,1.9,2001-02-15,0900,Terra,MODIS,63,6.2,299.2,60.5,D,0
0.5414,34.6639,317.3,4,1.9,2001-02-15,0900,Terra,MODIS,64,6.2,298.2,65.2,D,0
0.5529,34.6587,323.5,4,1.9,2001-02-15,0900,Terra,MODIS,76,6.2,299.4,113.6,D,0
1.3095,34.8262,328.4,1.5,1.2,2001-02-16,0805,Terra,MODIS,65,6.2,312.7,15.5,D,0
0.8309,35.2952,324.4,1.4,1.2,2001-02-16,0805,Terra,MODIS,61,6.2,309.2,12.5,D,0
0.8256,35.2884,325.8,1.4,1.2,2001-02-16,0805,Terra,MODIS,66,6.2,308.9,14.5,D,0
0.3162,34.3945,317.9,1.6,1.2,2001-02-16,0805,Terra,MODIS,62,6.2,304.8,13.1,D,0
-2.3156,40.393,322.3,1.1,1.1,2001-02-16,0806,Terra,MODIS,37,6.2,303.2,14.5,D,0
-0.6551,34.3075,302.8,1,1,2001-02-16,2027,Terra,MODIS,51,6.2,288.7,5.8,N,0
-0.6564,34.2985,305.1,1,1,2001-02-16,2027,Terra,MODIS,63,6.2,289.4,7.3,N,0
0.1252,35.4112,303.9,1.1,1.1,2001-02-16,2027,Terra,MODIS,58,6.2,283.6,10,N,0
1.2161,34.804,329.6,2.3,1.5,2001-02-17,0848,Terra,MODIS,76,6.2,311.3,42.5,D,0
1.2182,34.7988,326.1,2.3,1.5,2001-02-17,0848,Terra,MODIS,65,6.2,310.9,33.2,D,0
0.421,35.4461,316,2.6,1.6,2001-02-17,0848,Terra,MODIS,26,6.2,302.6,29.3,D,0
0.5513,34.6489,334,2.7,1.6,2001-02-18,0753,Terra,MODIS,82,6.2,302.2,103.1,D,0
0.561,34.6441,323.3,2.7,1.6,2001-02-18,0753,Terra,MODIS,68,6.2,303.3,47.3,D,0
-1.5301,40.9059,321.7,1,1,2001-02-18,0753,Terra,MODIS,51,6.2,300.6,11.3,D,0
-2.4077,40.7369,338.5,1,1,2001-02-18,0754,Terra,MODIS,87,6.2,306.7,23.3,D,0
-2.4343,40.6064,334.7,1,1,2001-02-18,0754,Terra,MODIS,59,6.2,304.8,23.4,D,0
-0.6559,34.3226,303.8,1.2,1.1,2001-02-18,2015,Terra,MODIS,57,6.2,288.6,6.8,N,0
-0.6574,34.3123,302.2,1.2,1.1,2001-02-18,2015,Terra,MODIS,47,6.2,288.1,5.6,N,0
-0.6464,34.321,310.6,1.2,1.1,2001-02-18,2015,Terra,MODIS,80,6.2,288.3,12,N,0
-0.6479,34.3107,307,1.2,1.1,2001-02-18,2015,Terra,MODIS,70,6.2,287.7,9,N,0
1.1384,34.7946,352.5,1.3,1.1,2001-02-19,0836,Terra,MODIS,96,6.2,314.3,81,D,0
1.0578,34.8448,342.7,1.3,1.1,2001-02-19,0836,Terra,MODIS,89,6.2,309.4,48.5,D,0
1.0609,34.8393,340.9,1.3,1.1,2001-02-19,0836,Terra,MODIS,88,6.2,309.6,43.8,D,0
1.0592,34.8512,328.8,1.3,1.2,2001-02-19,0836,Terra,MODIS,70,6.2,310.9,16.5,D,0
1.0207,35.0441,326,1.4,1.2,2001-02-19,0836,Terra,MODIS,68,6.2,310.8,14.1,D,0
0.5483,34.701,339.8,1.3,1.1,2001-02-19,0836,Terra,MODIS,87,6.2,305.5,50.8,D,0
-0.6509,34.3137,346.7,1.3,1.1,2001-02-19,0836,Terra,MODIS,93,6.2,305.6,69.4,D,0
-0.661,34.3117,339.6,1.3,1.1,2001-02-19,0836,Terra,MODIS,89,6.2,304.5,50.1,D,0
-0.6627,34.3232,319.5,1.3,1.1,2001-02-19,0836,Terra,MODIS,58,6.2,305.2,11.6,D,0
-0.9579,34.4564,318.5,1.4,1.2,2001-02-19,0836,Terra,MODIS,64,6.2,302.9,9.6,D,0
-1.9258,40.8138,306.9,1,1,2001-02-20,2002,Terra,MODIS,64,6.2,294.7,5.4,N,0
0.7964,35.2509,321.6,1,1,2001-02-21,0823,Terra,MODIS,68,6.2,297,8.7,D,0
0.681,35.0351,329,1,1,2001-02-21,0824,Terra,MODIS,78,6.2,300.2,16.8,D,0
0.6797,35.0441,322.6,1,1,2001-02-21,0824,Terra,MODIS,69,6.2,301,9.4,D,0
0.402,35.7399,317.8,1.1,1,2001-02-21,0824,Terra,MODIS,42,6.2,292.9,7.7,D,0
0.3127,35.4107,319.3,1,1,2001-02-21,0824,Terra,MODIS,63,6.2,296.4,10.5,D,0
0.3931,34.5509,330.1,1,1,2001-02-21,0824,Terra,MODIS,81,6.2,301.2,18,D,0
0.1359,35.4822,321.1,1,1,2001-02-21,0824,Terra,MODIS,60,6.2,286.3,15.7,D,0
0.1285,35.4747,344,1,1,2001-02-21,0824,Terra,MODIS,92,6.2,285.7,49.6,D,0
-0.4061,35.8567,312.5,1.1,1,2001-02-21,0824,Terra,MODIS,40,6.2,290.4,9.2,D,0
-1.9777,38.8832,318.4,1.7,1.3,2001-02-21,0824,Terra,MODIS,45,6.2,298.6,22.7,D,0
-3.6067,38.4034,319.3,1.7,1.3,2001-02-21,0825,Terra,MODIS,30,6.2,297.5,23.1,D,0
-4.2282,39.5301,314.3,2.1,1.4,2001-02-21,0825,Terra,MODIS,41,6.2,293.7,16,D,0
-2.4317,40.6407,320.4,2.5,1.5,2001-02-22,0729,Terra,MODIS,47,6.2,298.3,28.7,D,0
-1.6614,41.1165,320.1,1.5,1.2,2001-02-23,0812,Terra,MODIS,58,6.2,297.2,16.3,D,0
-2.0349,40.2948,325,1.3,1.1,2001-02-23,0812,Terra,MODIS,65,6.2,300.4,16.6,D,0
-2.2674,40.5582,321.8,1.4,1.2,2001-02-23,0812,Terra,MODIS,46,6.2,301.3,15.9,D,0
-2.3389,40.4914,327,1.4,1.2,2001-02-23,0812,Terra,MODIS,64,6.2,304.2,20.8,D,0
-2.3894,40.7662,327.9,1.4,1.2,2001-02-23,0812,Terra,MODIS,51,6.2,306.2,15.3,D,0
-3.6542,39.7731,322.8,1.3,1.1,2001-02-23,0812,Terra,MODIS,69,6.2,302.6,10.8,D,0
-4.3168,38.8396,323.6,1.2,1.1,2001-02-23,0812,Terra,MODIS,36,6.2,303,15.9,D,0
-4.4626,39.2839,322.2,1.2,1.1,2001-02-23,0812,Terra,MODIS,68,6.2,298.8,17.6,D,0
0.14,35.4089,321.6,3.5,1.8,2001-02-24,0854,Terra,MODIS,75,6.2,296.3,95.8,D,0
0.1455,35.4045,319.2,3.5,1.8,2001-02-24,0854,Terra,MODIS,72,6.2,296.9,81.5,D,0
-0.3914,35.7507,312.1,3.8,1.8,2001-02-24,0854,Terra,MODIS,45,6.2,290.3,58.1,D,0
-1.3594,41.2556,324.6,1,1,2001-02-25,0759,Terra,MODIS,58,6.2,305.8,16.1,D,0
-1.592,41.0794,322.4,1,1,2001-02-25,0759,Terra,MODIS,61,6.2,303.2,12.9,D,0
-1.8483,41.006,321.3,1,1,2001-02-25,0759,Terra,MODIS,43,6.2,301.5,13.2,D,0
-1.938,40.6756,327,1,1,2001-02-25,0759,Terra,MODIS,57,6.2,306.9,15.1,D,0
-2.0131,40.6861,326.1,1,1,2001-02-25,0759,Terra,MODIS,35,6.2,306,15.7,D,0
-2.2796,40.5565,327.6,1,1,2001-02-25,0759,Terra,MODIS,46,6.2,305.3,13,D,0
-2.5303,40.319,332,1,1,2001-02-25,0800,Terra,MODIS,65,6.2,309.2,12.3,D,0
-2.5316,40.3279,331.6,1,1,2001-02-25,0800,Terra,MODIS,75,6.2,308.8,11.4,D,0
-3.9778,39.1415,342,1,1,2001-02-25,0800,Terra,MODIS,84,6.2,300.2,35.5,D,0
0.1408,35.3996,306.3,1,1,2001-02-25,2021,Terra,MODIS,68,6.2,284.3,9.7,N,0
1.0676,34.9767,327,1.8,1.3,2001-02-26,0842,Terra,MODIS,69,6.2,312.4,19.7,D,0
0.7157,35.4525,322.4,2,1.4,2001-02-26,0842,Terra,MODIS,56,6.2,309.1,16.9,D,0
0.5759,35.3571,322.2,1.9,1.4,2001-02-26,0842,Terra,MODIS,57,6.2,308.5,19.1,D,0
0.5734,35.374,321.8,1.9,1.4,2001-02-26,0842,Terra,MODIS,54,6.2,307.1,16.2,D,0
0.4639,35.165,324.4,1.9,1.3,2001-02-26,0842,Terra,MODIS,61,6.2,310.7,21.6,D,0
0.4704,35.16,327.9,1.9,1.3,2001-02-26,0842,Terra,MODIS,74,6.2,311.6,34.4,D,0
0.3871,34.3826,318.9,1.6,1.3,2001-02-26,0842,Terra,MODIS,58,6.2,306.7,12.1,D,0
-2.3894,40.405,331.5,1.2,1.1,2001-02-27,0747,Terra,MODIS,78,6.2,297.9,20.4,D,0
-2.3991,40.4036,326.3,1.2,1.1,2001-02-27,0747,Terra,MODIS,39,6.2,297.5,10.6,D,0
-4.5173,39.1635,300.3,1,1,2001-02-27,2007,Terra,MODIS,17,6.2,288.8,3.3,N,0
0.1336,35.439,311,1.2,1.1,2001-02-27,2008,Terra,MODIS,82,6.2,283.5,17.1,N,0
0.1321,35.4284,307.3,1.2,1.1,2001-02-27,2008,Terra,MODIS,71,6.2,283.5,13.8,N,0
1.0207,34.9472,325.5,1.1,1.1,2001-02-28,0829,Terra,MODIS,37,6.2,310.2,7.6,D,0
1.0193,34.957,330,1.1,1.1,2001-02-28,0829,Terra,MODIS,75,6.2,309.8,14,D,0
0.9463,35.2543,324.9,1.2,1.1,2001-02-28,0829,Terra,MODIS,66,6.2,309.3,10.5,D,0
0.6403,35.0308,326.7,1.1,1.1,2001-02-28,0829,Terra,MODIS,61,6.2,311.3,12.8,D,0
0.2171,36.9883,325.7,1.5,1.2,2001-02-28,0829,Terra,MODIS,73,6.2,307.7,16.1,D,0
0.2129,36.995,326.9,1.5,1.2,2001-02-28,0829,Terra,MODIS,75,6.2,308.5,17,D,0
0.1312,35.4319,324.1,1.2,1.1,2001-02-28,0830,Terra,MODIS,60,6.2,300.1,21.4,D,0
0.1297,35.4426,317.9,1.2,1.1,2001-02-28,0830,Terra,MODIS,48,6.2,297.3,14.6,D,0
0.1246,35.4091,317.4,1.2,1.1,2001-02-28,0830,Terra,MODIS,34,6.2,297.3,13.8,D,0
-0.0112,35.1465,321.5,1.2,1.1,2001-02-28,0830,Terra,MODIS,66,6.2,306.3,10,D,0
-0.0655,34.9554,326.4,1.1,1.1,2001-02-28,0830,Terra,MODIS,70,6.2,313.8,14,D,0
-0.655,35.9834,327.5,1.3,1.1,2001-02-28,0830,Terra,MODIS,79,6.2,301.9,27.8,D,0
-0.6526,35.9779,319.2,1.3,1.1,2001-02-28,0830,Terra,MODIS,68,6.2,302.1,15.1,D,0
-0.6542,35.9896,314.1,1.3,1.1,2001-02-28,0830,Terra,MODIS,35,6.2,299.7,9.2,D,0
-3.4753,37.6206,311.6,1.5,1.2,2001-03-01,1955,Terra,MODIS,83,6.2,288.5,19.1,N,0
-0.5812,34.2713,318.1,2.5,1.5,2001-03-01,1956,Terra,MODIS,96,6.2,290.4,61.9,N,0
-0.5879,34.2672,321.1,2.5,1.5,2001-03-01,1956,Terra,MODIS,100,6.2,290.4,74.3,N,0
-0.2896,34.8762,348.8,2.2,1.4,2001-03-01,1956,Terra,MODIS,100,6.2,290.2,197,N,0
0.0197,34.0973,309.1,2.5,1.5,2001-03-01,1956,Terra,MODIS,76,6.2,289.1,36.2,N,0
0.0166,34.0746,318.8,2.6,1.5,2001-03-01,1956,Terra,MODIS,97,6.2,288.4,67.5,N,0
0.0261,34.0898,320.3,2.5,1.5,2001-03-01,1956,Terra,MODIS,100,6.2,289.1,75.6,N,0
0.0228,34.0671,308.9,2.6,1.5,2001-03-01,1956,Terra,MODIS,76,6.2,287.9,39.3,N,0
1.0077,35.3422,323.5,1,1,2001-03-02,0817,Terra,MODIS,43,6.2,310.4,8.9,D,0
0.9504,34.7916,332.7,1,1,2001-03-02,0817,Terra,MODIS,69,6.2,314.5,16.6,D,0
0.7223,35.4661,324.6,1,1,2001-03-02,0817,Terra,MODIS,51,6.2,310.1,9.4,D,0
0.6758,35.03,325.9,1,1,2001-03-02,0817,Terra,MODIS,53,6.2,312.1,9.8,D,0
0.6867,34.3214,333.3,1.1,1,2001-03-02,0817,Terra,MODIS,76,6.2,314.4,16.8,D,0
0.1416,35.4039,320.6,1,1,2001-03-02,0817,Terra,MODIS,41,6.2,304.3,11.8,D,0
0.0646,35.4929,322.8,1,1,2001-03-02,0817,Terra,MODIS,62,6.2,299.1,16.5,D,0
-0.0284,34.8702,319.6,1,1,2001-03-02,0817,Terra,MODIS,28,6.2,307.1,6.5,D,0
-0.3935,35.7862,322.8,1,1,2001-03-02,0817,Terra,MODIS,62,6.2,295.6,16.9,D,0
-0.4438,35.5646,322.4,1,1,2001-03-02,0817,Terra,MODIS,69,6.2,303.9,13.2,D,0
-0.55,35.5979,337.2,1,1,2001-03-02,0817,Terra,MODIS,86,6.2,304.5,32.1,D,0
-0.5626,35.5599,356.6,1,1,2001-03-02,0817,Terra,MODIS,98,6.2,303.3,72.3,D,0
-0.5639,35.5687,327.2,1,1,2001-03-02,0817,Terra,MODIS,77,6.2,301.8,18.9,D,0
-0.4791,34.0456,322.2,1.1,1,2001-03-02,0817,Terra,MODIS,38,6.2,305.5,11.4,D,0
-1.8128,41.0928,323.2,1.9,1.4,2001-03-02,0817,Terra,MODIS,34,6.2,298.4,24.4,D,0
-1.8152,41.1101,361.6,1.9,1.4,2001-03-02,0817,Terra,MODIS,100,6.2,302.4,210.8,D,0
-1.8274,41.1084,362.8,1.9,1.4,2001-03-02,0817,Terra,MODIS,100,6.2,298.8,219.4,D,0
-3.2362,37.7549,326.9,1.2,1.1,2001-03-02,0818,Terra,MODIS,60,6.2,313.6,11.1,D,0
-4.4955,39.0755,326,1.5,1.2,2001-03-02,0818,Terra,MODIS,73,6.2,306.6,15,D,0
-4.4975,39.089,324.6,1.5,1.2,2001-03-02,0818,Terra,MODIS,66,6.2,305.7,12.5,D,0
-4.5608,39.376,320.2,1.6,1.2,2001-03-02,0818,Terra,MODIS,49,6.2,301.2,14.6,D,0
-0.6814,34.2232,330.4,1.4,1.2,2001-03-02,2039,Terra,MODIS,100,6.2,290,48.8,N,0
-0.6832,34.2108,312.4,1.4,1.2,2001-03-02,2039,Terra,MODIS,85,6.2,288.8,19.2,N,0
-0.4983,34.2197,302.3,1.4,1.2,2001-03-02,2039,Terra,MODIS,48,6.2,290.7,7.3,N,0
0.0093,34.0625,307.7,1.4,1.2,2001-03-02,2039,Terra,MODIS,72,6.2,287.4,14.9,N,0
0.0526,34.1962,326.9,3.7,1.8,2001-03-03,0900,Terra,MODIS,0,6.2,305.5,98.2,D,0
0.0845,35.4174,332.1,1.4,1.2,2001-03-04,0805,Terra,MODIS,77,6.2,302.9,40.5,D,0
-0.7872,38.319,330.6,1,1,2001-03-04,0805,Terra,MODIS,57,6.2,316.1,8.8,D,0
-1.532,40.9075,326.5,1.1,1.1,2001-03-04,0805,Terra,MODIS,51,6.2,312.2,16.1,D,0
-1.608,41.1618,320.6,1.2,1.1,2001-03-04,0805,Terra,MODIS,23,6.2,305.3,9.8,D,0
-0.6278,34.2671,332.8,1.6,1.2,2001-03-04,0805,Terra,MODIS,63,6.2,314.4,32.1,D,0
-0.6389,34.2655,366.8,1.6,1.2,2001-03-04,0805,Terra,MODIS,100,6.2,311.7,175.9,D,0
-0.648,34.2498,334.6,1.6,1.2,2001-03-04,0805,Terra,MODIS,39,6.2,311.6,33.9,D,0
-0.6391,34.2595,349.6,1.6,1.2,2001-03-04,0805,Terra,MODIS,91,6.2,312.2,89,D,0
-0.6412,34.2736,345.9,1.6,1.2,2001-03-04,0805,Terra,MODIS,81,6.2,309.1,74.6,D,0
-0.6481,34.2439,336.4,1.6,1.2,2001-03-04,0805,Terra,MODIS,77,6.2,312.9,41.7,D,0
-0.6746,34.2691,331.9,1.6,1.2,2001-03-04,0805,Terra,MODIS,80,6.2,307.7,35.1,D,0
-3.0621,39.7698,326.8,1.1,1,2001-03-04,0806,Terra,MODIS,50,6.2,306.8,13.7,D,0
-4.0129,39.0274,324,1,1,2001-03-04,0806,Terra,MODIS,41,6.2,306.8,6.9,D,0
-3.9993,38.8095,330.8,1,1,2001-03-04,0806,Terra,MODIS,74,6.2,309.9,14.5,D,0
-4.0019,38.8276,329.4,1,1,2001-03-04,0806,Terra,MODIS,71,6.2,308.3,12.1,D,0
-4.5178,39.3315,323.5,1.1,1,2001-03-04,0806,Terra,MODIS,39,6.2,304.2,8.6,D,0
-4.526,39.3339,321.4,1.1,1,2001-03-04,0806,Terra,MODIS,37,6.2,302.1,6.4,D,0
0.5648,34.4981,322.3,2.2,1.4,2001-03-05,0848,Terra,MODIS,63,6.2,302.6,19.6,D,0
0.5627,34.5105,321.1,2.2,1.4,2001-03-05,0848,Terra,MODIS,60,6.2,301.5,19.2,D,0
0.4113,35.5576,320,2.7,1.6,2001-03-05,0848,Terra,MODIS,29,6.2,295.1,50.2,D,0
-1.5735,41.0114,334.1,1.4,1.2,2001-03-08,0740,Terra,MODIS,65,6.2,302.7,33.7,D,0
-1.576,41.023,302.5,1,1,2001-03-08,2001,Terra,MODIS,39,6.2,290.8,4,N,0
-1.567,41.0217,304.9,1,1,2001-03-08,2001,Terra,MODIS,62,6.2,290.9,5.5,N,0
0.7904,35.821,330.3,1,1,2001-03-09,0823,Terra,MODIS,81,6.2,301.5,20.3,D,0
0.5129,35.3906,318.9,1,1,2001-03-09,0823,Terra,MODIS,52,6.2,302,6.9,D,0
0.5465,34.6583,313.4,1,1,2001-03-09,0823,Terra,MODIS,43,6.2,296.1,4.9,D,0
0.5376,34.6571,313.4,1,1,2001-03-09,0823,Terra,MODIS,50,6.2,295.9,4.8,D,0
0.3608,34.4204,322.1,1,1,2001-03-09,0823,Terra,MODIS,63,6.2,301.2,8.3,D,0
-0.0798,35.1624,319.6,1,1,2001-03-09,0823,Terra,MODIS,66,6.2,295.5,11.5,D,0
-0.5124,35.4757,309.8,1,1,2001-03-09,0823,Terra,MODIS,37,6.2,291,7.5,D,0
-3.7634,39.821,325.4,2.2,1.4,2001-03-09,0824,Terra,MODIS,51,6.2,295.2,44,D,0
-1.7792,40.5199,325.1,2.6,1.6,2001-03-10,0728,Terra,MODIS,72,6.2,300.8,43.7,D,0
-1.9364,40.7703,322.2,2.5,1.5,2001-03-10,0728,Terra,MODIS,55,6.2,303.3,26.3,D,0
-2.1205,40.6848,328.2,2.5,1.5,2001-03-10,0728,Terra,MODIS,78,6.2,302,46.8,D,0
-2.1269,40.6778,325.3,2.5,1.5,2001-03-10,0728,Terra,MODIS,73,6.2,303.9,32.5,D,0
0.6652,35.7772,322.3,1.1,1,2001-03-11,0810,Terra,MODIS,36,6.2,306,9.2,D,0
-1.4837,41.1805,322.9,1.5,1.2,2001-03-11,0811,Terra,MODIS,24,6.2,304.5,19.3,D,0
-2.275,40.5641,332.3,1.4,1.2,2001-03-11,0811,Terra,MODIS,37,6.2,309,22.3,D,0
-2.3693,37.6978,337,1,1,2001-03-11,0811,Terra,MODIS,85,6.2,310,26.2,D,0
-3.5167,38.2985,325.3,1.1,1,2001-03-11,0811,Terra,MODIS,58,6.2,308,8.8,D,0
-4.1508,39.4086,335.2,1.2,1.1,2001-03-11,0812,Terra,MODIS,82,6.2,303.7,30.1,D,0
-4.1523,39.4196,335.8,1.2,1.1,2001-03-11,0812,Terra,MODIS,83,6.2,302.6,32.6,D,0
-4.1715,39.2726,321,1.2,1.1,2001-03-11,0812,Terra,MODIS,48,6.2,300.5,7.6,D,0
-4.2113,38.708,328.7,1.1,1.1,2001-03-11,0812,Terra,MODIS,66,6.2,305.2,13.7,D,0
-4.2208,38.7066,328.8,1.1,1.1,2001-03-11,0812,Terra,MODIS,76,6.2,304.2,15.2,D,0
2.0878,36.4412,336.1,3.8,1.8,2001-03-12,0853,Terra,MODIS,63,6.2,313,105.2,D,0
0.0854,35.4427,317.9,3.5,1.8,2001-03-12,0853,Terra,MODIS,71,6.2,282.7,90.1,D,0
0.0749,35.4366,316.7,3.5,1.8,2001-03-12,0853,Terra,MODIS,56,6.2,283.9,80.7,D,0
0.0708,35.4656,316.7,3.5,1.8,2001-03-12,0853,Terra,MODIS,58,6.2,283.8,80,D,0
0.129,35.3998,315.8,1.8,1.3,2001-03-13,0758,Terra,MODIS,24,6.2,294.7,20.7,D,0
0.1267,35.4157,317,1.8,1.3,2001-03-13,0758,Terra,MODIS,32,6.2,293.9,21.8,D,0
-1.503,41.0279,327.3,1,1,2001-03-13,0758,Terra,MODIS,32,6.2,306.3,14.1,D,0
-1.7206,40.6908,328.2,1,1,2001-03-13,0758,Terra,MODIS,64,6.2,304.7,13.8,D,0
-1.8445,40.4056,338.4,1,1,2001-03-13,0759,Terra,MODIS,65,6.2,309.1,25.6,D,0
-2.6955,40.1773,340.5,1,1,2001-03-13,0759,Terra,MODIS,79,6.2,307.1,27,D,0
-3.6981,39.857,328.7,1,1,2001-03-13,0759,Terra,MODIS,53,6.2,304.5,12.1,D,0
2.116,36.4279,334.4,2.2,1.4,2001-03-14,0840,Terra,MODIS,34,6.2,311.5,35.7,D,0
0.1437,35.4028,318.9,1.9,1.4,2001-03-14,0841,Terra,MODIS,52,6.2,301.4,29,D,0
-2.2106,40.6576,342,1.2,1.1,2001-03-15,0746,Terra,MODIS,86,6.2,305.1,37.1,D,0
-2.214,40.6613,339.6,1.2,1.1,2001-03-15,0746,Terra,MODIS,81,6.2,306,29.1,D,0
-2.4673,40.526,329.4,1.2,1.1,2001-03-15,0746,Terra,MODIS,56,6.2,304.7,16.2,D,0
0.1568,36.3503,322.1,1.3,1.2,2001-03-16,0829,Terra,MODIS,48,6.2,302.4,15.5,D,0
0.1419,35.4016,322.3,1.2,1.1,2001-03-16,0829,Terra,MODIS,71,6.2,297.1,19.4,D,0
-0.365,35.7262,343.1,1.3,1.1,2001-03-16,0829,Terra,MODIS,92,6.2,291.7,64.7,D,0
-0.3666,35.7372,336.3,1.3,1.1,2001-03-16,0829,Terra,MODIS,87,6.2,289.7,49.5,D,0
-0.3749,35.725,325.7,1.3,1.1,2001-03-16,0829,Terra,MODIS,79,6.2,288.9,30.8,D,0
-0.3765,35.7359,320.2,1.3,1.1,2001-03-16,0829,Terra,MODIS,72,6.2,287.1,23.4,D,0
-0.4063,35.7318,312.7,1.3,1.1,2001-03-16,0829,Terra,MODIS,47,6.2,288.3,13.7,D,0
-0.4079,35.7428,323.1,1.3,1.1,2001-03-16,0829,Terra,MODIS,76,6.2,287.4,28.1,D,0
-0.6086,35.5741,315.5,1.2,1.1,2001-03-16,0829,Terra,MODIS,61,6.2,299.9,12.7,D,0
-1.4721,41.2571,311.5,3.4,1.7,2001-03-16,0829,Terra,MODIS,56,6.2,285.1,40.4,D,0
-4.207,38.8536,313.7,2.4,1.5,2001-03-16,0830,Terra,MODIS,31,6.2,291.1,21.8,D,0
-4.5406,39.4045,315.2,2.7,1.6,2001-03-16,0830,Terra,MODIS,45,6.2,286.7,29.7,D,0
-1.8579,40.8719,331.5,1.9,1.3,2001-03-17,0734,Terra,MODIS,79,6.2,300,49.6,D,0
-1.8699,40.8702,336,1.9,1.3,2001-03-17,0734,Terra,MODIS,85,6.2,301,67.2,D,0
-2.1722,40.7206,326.3,1.9,1.3,2001-03-17,0734,Terra,MODIS,54,6.2,300.9,23.5,D,0
-2.1792,40.7308,327.5,1.9,1.3,2001-03-17,0734,Terra,MODIS,65,6.2,303.1,26.5,D,0
-2.2819,40.2925,304.1,1.1,1,2001-03-17,1954,Terra,MODIS,59,6.2,291.9,4.7,N,0
0.2435,35.5444,326.4,1,1,2001-03-18,0816,Terra,MODIS,76,6.2,291.3,19.6,D,0
-0.0616,34.989,319.3,1,1,2001-03-18,0817,Terra,MODIS,56,6.2,297.9,7.4,D,0
-1.5692,41.1936,315.3,1.9,1.4,2001-03-18,0817,Terra,MODIS,23,6.2,294,22.5,D,0
-1.5733,41.1872,315.6,1.9,1.4,2001-03-18,0817,Terra,MODIS,39,6.2,294.2,24.8,D,0
-1.8214,40.9115,319.5,1.9,1.3,2001-03-18,0817,Terra,MODIS,43,6.2,300.1,20.3,D,0
-1.8237,40.9279,317.1,1.9,1.3,2001-03-18,0817,Terra,MODIS,21,6.2,297.9,15.7,D,0
-1.8786,40.8868,324.2,1.8,1.3,2001-03-18,0817,Terra,MODIS,30,6.2,300.7,25.7,D,0
-2.1614,40.3117,331.4,1.7,1.3,2001-03-18,0817,Terra,MODIS,80,6.2,296.7,47.3,D,0
-2.1592,40.3062,325.2,1.7,1.3,2001-03-18,0817,Terra,MODIS,63,6.2,297.5,31,D,0
-2.1613,40.3212,326.2,1.7,1.3,2001-03-18,0817,Terra,MODIS,69,6.2,293.1,35.9,D,0
-2.365,37.7808,326.7,1.2,1.1,2001-03-18,0817,Terra,MODIS,75,6.2,298.8,22.6,D,0
-3.4576,39.9198,324,1.6,1.3,2001-03-18,0817,Terra,MODIS,33,6.2,303.2,17.9,D,0
-3.9154,39.4278,321.7,1.5,1.2,2001-03-18,0817,Terra,MODIS,42,6.2,297.1,19.5,D,0
-1.7982,40.7838,313.2,3.3,1.7,2001-03-19,0722,Terra,MODIS,50,6.2,292.3,39.7,D,0
-3.9414,39.4799,319.2,3.9,1.8,2001-03-19,0722,Terra,MODIS,54,6.2,295.4,53.5,D,0
-3.9469,39.4715,320.2,3.9,1.8,2001-03-19,0722,Terra,MODIS,70,6.2,296.8,60.7,D,0
0.6729,34.9396,341.6,1.5,1.2,2001-03-20,0804,Terra,MODIS,89,6.2,295,68.9,D,0
-0.9502,34.5595,316.9,1.5,1.2,2001-03-20,0805,Terra,MODIS,53,6.2,298.1,14.7,D,0
-2.5009,40.621,328.7,1.1,1.1,2001-03-20,0805,Terra,MODIS,47,6.2,305.1,16.5,D,0
-3.4796,39.4929,322.1,1,1,2001-03-20,0805,Terra,MODIS,35,6.2,302.3,11.3,D,0
-3.481,39.5022,330.6,1,1,2001-03-20,0805,Terra,MODIS,77,6.2,301.3,22.7,D,0
0.4328,35.4029,323.7,2.4,1.5,2001-03-22,0752,Terra,MODIS,71,6.2,306.1,37.8,D,0
-1.4134,41.3564,331.1,1,1,2001-03-22,0752,Terra,MODIS,77,6.2,303.2,21.8,D,0
-2.5515,40.2087,334.4,1,1,2001-03-22,0753,Terra,MODIS,68,6.2,308.7,14.7,D,0
-3.0894,40.0463,332.9,1.1,1,2001-03-22,0753,Terra,MODIS,64,6.2,303.9,16.8,D,0
-3.1486,40.0665,331.8,1,1,2001-03-22,0753,Terra,MODIS,71,6.2,308.2,17.6,D,0
-3.4236,39.9314,328.7,1.1,1,2001-03-22,0753,Terra,MODIS,74,6.2,306.7,9.9,D,0
-3.7001,39.4365,326.3,1.1,1,2001-03-22,0753,Terra,MODIS,47,6.2,303.5,10.2,D,0
-4.1901,39.338,332.3,1.1,1,2001-03-22,0753,Terra,MODIS,63,6.2,305,18.1,D,0
-1.4328,34.7837,304.1,1.1,1.1,2001-03-22,2013,Terra,MODIS,58,6.2,287.5,8.7,N,0
0.0187,35.1903,321.4,1.4,1.2,2001-03-23,0835,Terra,MODIS,70,6.2,298.2,22.5,D,0
0.0095,35.1435,315.5,1.4,1.2,2001-03-23,0835,Terra,MODIS,48,6.2,300.1,10.5,D,0
-2.8158,40.1537,312.5,3.9,1.8,2001-03-23,0835,Terra,MODIS,11,6.2,289.9,65.7,D,0
-2.8052,40.1497,315.8,3.9,1.8,2001-03-23,0835,Terra,MODIS,33,6.2,292.2,84.9,D,0
-4.2861,38.8935,319.3,3.3,1.7,2001-03-23,0836,Terra,MODIS,57,6.2,292.7,58.8,D,0
-1.5291,41.0824,328.4,1.4,1.2,2001-03-24,0740,Terra,MODIS,53,6.2,304.5,21.7,D,0
-1.818,40.9127,322.8,1.4,1.2,2001-03-24,0740,Terra,MODIS,27,6.2,299.9,19.1,D,0
-1.8909,41.3274,320.3,1.3,1.1,2001-03-24,0740,Terra,MODIS,48,6.2,297.1,9.2,D,0
-1.955,40.7032,325.2,1.5,1.2,2001-03-24,0740,Terra,MODIS,49,6.2,300.9,19.3,D,0
-1.9583,40.6961,362.1,1.5,1.2,2001-03-24,0740,Terra,MODIS,94,6.2,302.2,141,D,0
-1.9603,40.7091,351.4,1.5,1.2,2001-03-24,0740,Terra,MODIS,90,6.2,298.8,90.7,D,0
2.0573,36.4367,338.6,1.1,1,2001-03-25,0822,Terra,MODIS,64,6.2,314.8,16.3,D,0
1.1166,38.7914,333.2,1.5,1.2,2001-03-25,0822,Terra,MODIS,48,6.2,307.5,21.9,D,0
0.4136,34.4703,327.8,1,1,2001-03-25,0823,Terra,MODIS,79,6.2,301.8,14.7,D,0
-2.1749,40.2444,321.8,1.3,1.1,2001-03-27,0811,Terra,MODIS,26,6.2,300.7,18.2,D,0
-2.2728,40.5597,332.5,1.4,1.2,2001-03-27,0811,Terra,MODIS,43,6.2,304.3,23.8,D,0
-2.3166,40.1589,325.2,1.3,1.1,2001-03-27,0811,Terra,MODIS,60,6.2,300.9,17.8,D,0
-2.8806,39.9665,316.3,1.3,1.1,2001-03-27,0811,Terra,MODIS,32,6.2,296.5,12.5,D,0
-3.7158,39.7364,322.1,1.3,1.1,2001-03-27,0811,Terra,MODIS,51,6.2,300,16.3,D,0
-4.338,39.3724,319.9,1.2,1.1,2001-03-27,0811,Terra,MODIS,56,6.2,296.7,11.8,D,0
-4.3396,39.3835,322.4,1.2,1.1,2001-03-27,0811,Terra,MODIS,70,6.2,298.1,14.7,D,0
-1.7526,41.2254,315.5,1,1,2001-03-29,0758,Terra,MODIS,30,6.2,291.4,8.6,D,0
-4.3651,39.45,327,1,1,2001-03-29,0759,Terra,MODIS,52,6.2,299.8,13.7,D,0
-2.7363,40.13,332.8,1.2,1.1,2001-03-31,0746,Terra,MODIS,74,6.2,299.5,24,D,0
-2.378,40.5604,313.8,3.1,1.7,2001-04-01,0829,Terra,MODIS,30,6.2,290.9,36.4,D,0
4.3971,34.8749,342.8,1.1,1,2001-04-03,0815,Terra,MODIS,88,6.2,301.2,39.1,D,0
4.3957,34.8848,337.2,1.1,1,2001-04-03,0815,Terra,MODIS,80,6.2,302.7,27.9,D,0
0.6674,34.891,324.1,1,1,2001-04-03,0816,Terra,MODIS,60,6.2,308.3,10.9,D,0
-1.9574,39.9749,320.6,1.6,1.2,2001-04-03,0817,Terra,MODIS,30,6.2,301.2,20.7,D,0
-3.2869,40.054,320.6,1.7,1.3,2001-04-03,0817,Terra,MODIS,52,6.2,299.4,14.7,D,0
-3.2983,40.0525,328.5,1.7,1.3,2001-04-03,0817,Terra,MODIS,79,6.2,298.8,30,D,0
-3.3004,40.0675,327.1,1.7,1.3,2001-04-03,0817,Terra,MODIS,73,6.2,299.5,25.7,D,0
2.0665,36.4474,327.4,2.9,1.6,2001-04-06,0846,Terra,MODIS,19,6.2,300.6,66.8,D,0
-2.4552,40.597,323.6,1,1,2001-04-07,0752,Terra,MODIS,65,6.2,299,12,D,0
-2.229,40.4023,320.2,1.5,1.2,2001-04-09,0740,Terra,MODIS,28,6.2,296.9,15.4,D,0
-2.9099,40.1269,312,2.2,1.4,2001-04-10,0823,Terra,MODIS,0,6.2,294.3,21.1,D,0
-3.1764,39.9504,317.1,2.8,1.6,2001-04-11,0728,Terra,MODIS,24,6.2,294.4,32.3,D,0
0.4623,34.4153,315.1,1.3,1.1,2001-04-12,0810,Terra,MODIS,58,6.2,301.2,8,D,0
4.0992,34.6935,317.6,2.6,1.5,2001-04-13,0852,Terra,MODIS,24,6.2,290.6,21.6,D,0
1.7307,36.3302,332.2,3.8,1.8,2001-04-13,0852,Terra,MODIS,82,6.2,306.5,85.4,D,0
1.6981,36.3253,334.4,3.8,1.8,2001-04-13,0852,Terra,MODIS,84,6.2,306.7,106.5,D,0
1.6928,36.3596,331.6,3.9,1.8,2001-04-13,0852,Terra,MODIS,74,6.2,304.8,73,D,0
1.6914,36.3191,332.3,3.8,1.8,2001-04-13,0852,Terra,MODIS,82,6.2,305.8,86.2,D,0
-1.9627,41.1617,318.2,1,1,2001-04-14,0758,Terra,MODIS,50,6.2,300.2,7.1,D,0
-1.9641,41.1709,318.9,1,1,2001-04-14,0758,Terra,MODIS,60,6.2,301,7.7,D,0
-2.2377,40.3992,331.6,1,1,2001-04-14,0758,Terra,MODIS,70,6.2,301.4,19.5,D,0
-2.239,40.4081,336,1,1,2001-04-14,0758,Terra,MODIS,79,6.2,302.1,25.4,D,0
-2.248,40.4068,324.8,1,1,2001-04-14,0758,Terra,MODIS,51,6.2,299.3,10.9,D,0
-0.1135,39.2313,315.9,4,1.9,2001-04-15,0841,Terra,MODIS,29,6.2,292.6,52,D,0
-1.4131,41.1624,316.3,3.4,1.7,2001-04-17,0829,Terra,MODIS,33,6.2,295.8,48,D,0
-1.7877,40.9041,315,3.3,1.7,2001-04-17,0829,Terra,MODIS,47,6.2,291.1,47.5,D,0
-2.4466,39.982,309.7,2.9,1.6,2001-04-17,0829,Terra,MODIS,0,6.2,292.2,23.7,D,0
-3.1466,39.8958,315.4,2.9,1.6,2001-04-17,0829,Terra,MODIS,22,6.2,294.6,35.4,D,0
-3.1483,39.8902,313.9,2.9,1.6,2001-04-17,0829,Terra,MODIS,19,6.2,293.4,30.7,D,0
-3.3706,39.4121,315.1,2.7,1.6,2001-04-17,0829,Terra,MODIS,54,6.2,295.4,29.7,D,0
-1.7953,41.2631,318.2,1.7,1.3,2001-04-18,0734,Terra,MODIS,39,6.2,297.1,20.9,D,0
0.4328,35.4308,319.3,1,1,2001-04-19,0816,Terra,MODIS,64,6.2,302.8,8.3,D,0
-1.4991,41.1059,320.6,1.9,1.4,2001-04-19,0816,Terra,MODIS,28,6.2,297.3,29.7,D,0
-1.3148,36.7955,315.6,1,1,2001-04-19,0816,Terra,MODIS,42,6.2,296.1,8.6,D,0
-2.3378,40.1408,319.8,1.1,1,2001-04-21,0804,Terra,MODIS,44,6.2,299.1,12.6,D,0
1.6954,36.3291,334.7,2.9,1.6,2001-04-22,0846,Terra,MODIS,83,6.2,303.5,78.8,D,0
1.6799,36.32,332.1,2.9,1.6,2001-04-22,0846,Terra,MODIS,78,6.2,303.6,58.6,D,0
-1.9485,41.3072,321.7,1,1,2001-04-23,0752,Terra,MODIS,0,6.2,300.6,10.1,D,0
-2.233,40.4246,317.5,1,1,2001-04-23,0752,Terra,MODIS,50,6.2,296.8,9.6,D,0
-4.3328,38.7434,333.3,1.2,1.1,2001-04-23,0753,Terra,MODIS,64,6.2,292.4,30.7,D,0
2.1928,36.4858,333.3,3.9,1.8,2001-04-29,0852,Terra,MODIS,46,6.2,302.4,121.7,D,0
2.1324,36.4412,329.7,3.9,1.8,2001-04-29,0852,Terra,MODIS,36,6.2,302.2,80.3,D,0
2.116,36.4388,333.8,3.9,1.8,2001-04-29,0852,Terra,MODIS,83,6.2,302.4,117.4,D,0
2.0996,36.4363,330.4,3.9,1.8,2001-04-29,0852,Terra,MODIS,60,6.2,301.8,83.6,D,0
2.1262,36.4351,329.8,3.9,1.8,2001-04-29,0852,Terra,MODIS,53,6.2,302.1,80.5,D,0
2.1098,36.4326,332.6,3.9,1.8,2001-04-29,0852,Terra,MODIS,83,6.2,302,105.7,D,0
2.1977,36.467,330.4,2.2,1.4,2001-05-01,0840,Terra,MODIS,28,6.2,306.7,47.1,D,0
2.1848,36.4651,332.5,2.2,1.4,2001-05-01,0840,Terra,MODIS,54,6.2,306.5,53.6,D,0
2.1818,36.4851,334.7,2.2,1.4,2001-05-01,0840,Terra,MODIS,62,6.2,307.2,71.5,D,0
2.1719,36.4633,332.9,2.2,1.4,2001-05-01,0840,Terra,MODIS,40,6.2,307.2,54,D,0
2.1689,36.4832,332.7,2.2,1.4,2001-05-01,0840,Terra,MODIS,40,6.2,306.9,59.8,D,0
2.1619,36.4416,331.6,2.2,1.4,2001-05-01,0840,Terra,MODIS,49,6.2,307,43,D,0
2.1362,36.438,331.3,2.2,1.4,2001-05-01,0840,Terra,MODIS,64,6.2,306.6,41,D,0
2.1233,36.4362,335.1,2.2,1.4,2001-05-01,0840,Terra,MODIS,83,6.2,306.9,57.1,D,0
2.1104,36.4343,334.1,2.2,1.4,2001-05-01,0840,Terra,MODIS,82,6.2,306.8,51.9,D,0
2.1116,36.4288,332,2.2,1.4,2001-05-01,0840,Terra,MODIS,80,6.2,306.2,42.3,D,0
1.7531,36.4582,332,2.3,1.5,2001-05-01,0840,Terra,MODIS,81,6.2,304.8,40.4,D,0
1.7338,36.3286,333.5,2.2,1.4,2001-05-01,0840,Terra,MODIS,83,6.2,308.3,40.8,D,0
1.7309,36.3483,333.5,2.2,1.4,2001-05-01,0840,Terra,MODIS,83,6.2,308.1,40.6,D,0
1.6854,36.3013,332.2,2.2,1.4,2001-05-01,0840,Terra,MODIS,82,6.2,306.4,37.2,D,0
1.6824,36.321,333.6,2.2,1.4,2001-05-01,0840,Terra,MODIS,83,6.2,307.8,43.4,D,0
2.4726,36.2576,332.7,1.3,1.1,2001-05-03,0827,Terra,MODIS,23,6.2,307.3,23.9,D,0
2.2611,36.5067,336.7,1.3,1.1,2001-05-03,0827,Terra,MODIS,43,6.2,312,18.4,D,0
2.1736,36.4766,339.4,1.3,1.1,2001-05-03,0827,Terra,MODIS,86,6.2,313.9,20.9,D,0
1.7365,36.3229,338.4,1.3,1.1,2001-05-03,0828,Terra,MODIS,76,6.2,313.4,20.9,D,0
1.7348,36.3345,338.6,1.3,1.1,2001-05-03,0828,Terra,MODIS,82,6.2,313.4,18.8,D,0
-1.1551,39.923,317.9,1.5,1.2,2001-05-05,0816,Terra,MODIS,30,6.2,299.4,19.3,D,0
-0.8297,36.3725,310.4,1,1,2001-05-05,0816,Terra,MODIS,37,6.2,294.3,5.3,D,0
-1.7995,39.3761,316.4,1.4,1.2,2001-05-05,0816,Terra,MODIS,12,6.2,298.5,16.4,D,0
-2.097,40.5636,313.2,1.8,1.3,2001-05-05,0816,Terra,MODIS,29,6.2,294.1,15,D,0
-2.1088,40.562,319.3,1.8,1.3,2001-05-05,0816,Terra,MODIS,69,6.2,293.9,27.9,D,0
-2.1032,40.557,320.7,1.8,1.3,2001-05-05,0816,Terra,MODIS,62,6.2,292.8,30.2,D,0
-2.3432,39.7329,319.5,1.6,1.2,2001-05-05,0816,Terra,MODIS,32,6.2,299.7,13.6,D,0
-2.0185,36.0636,318.7,1,1,2001-05-05,0816,Terra,MODIS,24,6.2,295.9,8.4,D,0
-3.492,38.438,326.2,1.3,1.1,2001-05-05,0817,Terra,MODIS,80,6.2,298.3,28.3,D,0
-1.9426,40.4903,317.7,3.4,1.7,2001-05-06,0721,Terra,MODIS,57,6.2,293.1,53.3,D,0
-1.9471,40.521,317.5,3.4,1.7,2001-05-06,0721,Terra,MODIS,49,6.2,293.5,54.7,D,0
-1.9371,40.4853,312.9,3.4,1.7,2001-05-06,0721,Terra,MODIS,50,6.2,293.3,32.8,D,0
-1.9418,40.5159,319.3,3.4,1.7,2001-05-06,0721,Terra,MODIS,71,6.2,293.3,68.2,D,0
-2.1619,40.3433,317.7,3.5,1.8,2001-05-06,0721,Terra,MODIS,68,6.2,292.4,57.9,D,0
-2.1666,40.3746,324,3.5,1.8,2001-05-06,0721,Terra,MODIS,77,6.2,293.4,97.8,D,0
-2.1602,40.3682,315.1,3.5,1.8,2001-05-06,0721,Terra,MODIS,22,6.2,293.3,41.3,D,0
-2.1759,40.3658,322.5,3.5,1.8,2001-05-06,0721,Terra,MODIS,75,6.2,293.5,84.9,D,0
-1.9516,40.5189,324.2,1.1,1.1,2001-05-07,0804,Terra,MODIS,39,6.2,306,12.7,D,0
-2.163,40.3398,334.4,1.1,1,2001-05-07,0804,Terra,MODIS,77,6.2,300.9,26.8,D,0
-2.1767,40.3679,339.1,1.1,1,2001-05-07,0804,Terra,MODIS,81,6.2,305.2,34.9,D,0
-2.1781,40.3777,328.8,1.1,1,2001-05-07,0804,Terra,MODIS,40,6.2,300.3,17.2,D,0
-2.1861,40.3666,337.3,1.1,1,2001-05-07,0804,Terra,MODIS,73,6.2,302.5,32.6,D,0
-2.1875,40.3764,357.1,1.1,1,2001-05-07,0804,Terra,MODIS,98,6.2,303.9,78.9,D,0
-2.1889,40.3862,323.9,1.1,1,2001-05-07,0804,Terra,MODIS,36,6.2,302.7,13.8,D,0
-3.0362,39.6411,327.2,1.1,1,2001-05-07,0804,Terra,MODIS,31,6.2,307.5,14.9,D,0
2.2009,36.4693,335.2,2.9,1.6,2001-05-08,0846,Terra,MODIS,79,6.2,308.4,82.1,D,0
2.1864,36.4672,333.7,2.9,1.6,2001-05-08,0846,Terra,MODIS,80,6.2,308.9,66.9,D,0
2.1854,36.4601,333.1,2.9,1.6,2001-05-08,0846,Terra,MODIS,76,6.2,308.5,61.6,D,0
2.1167,36.4235,333.4,2.9,1.6,2001-05-08,0846,Terra,MODIS,83,6.2,307.6,71.4,D,0
-0.8863,34.5236,317.1,1.4,1.2,2001-05-10,0834,Terra,MODIS,70,6.2,297.6,13.8,D,0
-0.7486,36.1754,307.8,1.1,1.1,2001-05-12,0822,Terra,MODIS,32,6.2,292.9,4.6,D,0
-0.4114,35.8966,329.5,1.1,1,2001-05-14,0810,Terra,MODIS,83,6.2,301.3,21.3,D,0
-2.0042,38.544,324.1,1.1,1,2001-05-14,0810,Terra,MODIS,76,6.2,296.9,15.6,D,0
2.1524,36.4463,329,3.9,1.8,2001-05-15,0852,Terra,MODIS,57,6.2,303.8,79.4,D,0
2.1195,36.4416,328.9,3.9,1.8,2001-05-15,0852,Terra,MODIS,61,6.2,303.9,78.5,D,0
2.1134,36.4352,328.5,3.9,1.8,2001-05-15,0852,Terra,MODIS,78,6.2,303.6,75.7,D,0
-1.6177,35.1445,313.3,1.7,1.3,2001-05-16,0758,Terra,MODIS,61,6.2,293.2,13.6,D,0
3.2296,34.5898,315.9,1.5,1.2,2001-05-17,0839,Terra,MODIS,46,6.2,295.1,14.3,D,0
-3.1533,38.2839,316.4,1.6,1.2,2001-05-18,0746,Terra,MODIS,45,6.2,295.2,11.7,D,0
-3.9365,38.7714,341.3,1.4,1.2,2001-05-18,0746,Terra,MODIS,90,6.2,301.9,60.1,D,0
-3.9384,38.7842,320.9,1.4,1.2,2001-05-18,0746,Terra,MODIS,47,6.2,300.8,13.3,D,0
-3.9318,38.7785,323.6,1.4,1.2,2001-05-18,0746,Terra,MODIS,70,6.2,301.1,18.1,D,0
-3.9405,38.7642,321.2,1.4,1.2,2001-05-18,0746,Terra,MODIS,40,6.2,299.2,13.4,D,0
-3.9424,38.7769,329,1.4,1.2,2001-05-18,0746,Terra,MODIS,80,6.2,301.7,28.1,D,0
-4.1048,38.6363,320.4,1.5,1.2,2001-05-18,0746,Terra,MODIS,71,6.2,301.6,11.4,D,0
-0.0166,35.2218,317,1.2,1.1,2001-05-19,0828,Terra,MODIS,73,6.2,297.9,12.7,D,0
0.6619,34.8943,321.7,1,1,2001-05-21,0815,Terra,MODIS,73,6.2,294.9,13,D,0
-1.9805,40.1235,318.5,1.7,1.3,2001-05-21,0816,Terra,MODIS,15,6.2,297.8,16.8,D,0
2.1562,36.4549,335.6,3,1.6,2001-05-24,0845,Terra,MODIS,73,6.2,310.1,64.5,D,0
2.0679,36.4349,333,3,1.6,2001-05-24,0845,Terra,MODIS,58,6.2,309,49.9,D,0
1.7216,36.3051,332.4,2.2,1.4,2001-06-02,0839,Terra,MODIS,76,6.2,308.6,32.6,D,0
-0.0197,35.0473,308.3,1.2,1.1,2001-06-04,0827,Terra,MODIS,36,6.2,296.5,5.1,D,0
-2.4279,37.9799,322.4,2,1.4,2001-06-04,0828,Terra,MODIS,74,6.2,291.5,39.3,D,0
-2.4304,37.998,322.2,2,1.4,2001-06-04,0828,Terra,MODIS,74,6.2,292.1,39,D,0
-4.2722,38.8983,317,1.1,1.1,2001-06-10,0751,Terra,MODIS,64,6.2,294,10,D,0
-3.6651,37.7879,335.9,2.7,1.6,2001-06-11,0834,Terra,MODIS,88,6.2,294.6,125.5,D,0
-3.656,37.7836,319.8,2.7,1.6,2001-06-11,0834,Terra,MODIS,69,6.2,293.5,41.5,D,0
-1.2845,40.2996,315,1.6,1.2,2001-06-12,0738,Terra,MODIS,64,6.2,291.9,16.6,D,0
-0.0365,34.8966,312.3,1,1,2001-06-13,0821,Terra,MODIS,55,6.2,294.1,7.1,D,0
-0.0523,35.0045,314.1,1,1,2001-06-13,0821,Terra,MODIS,67,6.2,294.3,7.3,D,0
-0.0613,35.0032,312,1,1,2001-06-13,0821,Terra,MODIS,60,6.2,294.7,5.1,D,0
-1.7858,36.0927,318,1.1,1.1,2001-06-13,0821,Terra,MODIS,50,6.2,291.9,10.6,D,0
-4.2263,38.9012,318.6,3.2,1.7,2001-06-14,0727,Terra,MODIS,70,6.2,291.6,57.3,D,0
-4.2305,38.9281,311.2,3.2,1.7,2001-06-14,0727,Terra,MODIS,47,6.2,290.4,25.9,D,0
-4.2237,38.8947,314,3.2,1.7,2001-06-14,0727,Terra,MODIS,36,6.2,291.8,31.9,D,0
-4.2282,38.9216,315.3,3.2,1.7,2001-06-14,0727,Terra,MODIS,49,6.2,291,39.9,D,0
-0.0358,35.0604,316.5,1.1,1.1,2001-07-06,0826,Terra,MODIS,68,6.2,299,9.3,D,0
-0.1726,35.2473,313.2,1,1,2001-07-08,0814,Terra,MODIS,63,6.2,297.4,6.5,D,0
-0.2721,35.1724,310.9,1,1,2001-07-08,0814,Terra,MODIS,55,6.2,296.7,5.7,D,0
-1.3206,35.2226,319,1,1,2001-07-08,0814,Terra,MODIS,52,6.2,299.5,7.9,D,0
-1.3897,37.0766,327.1,1.1,1,2001-07-10,0802,Terra,MODIS,78,6.2,302.1,16.9,D,0
-1.4649,36.0782,365.1,1.2,1.1,2001-07-10,0802,Terra,MODIS,100,6.2,300.1,116.7,D,0
-1.4102,35.6368,313.4,1.3,1.1,2001-07-10,0802,Terra,MODIS,34,6.2,296.3,6.9,D,0
-1.4745,36.0768,327.9,1.2,1.1,2001-07-10,0802,Terra,MODIS,79,6.2,298.7,22.1,D,0
-1.9881,36.5725,324.6,1.1,1,2001-07-10,0802,Terra,MODIS,76,6.2,298.4,17,D,0
-1.3524,34.8958,319,2.5,1.5,2001-07-11,0845,Terra,MODIS,52,6.2,300.3,42.8,D,0
-1.3623,34.9114,314.4,2.5,1.5,2001-07-11,0845,Terra,MODIS,42,6.2,299.6,27.1,D,0
-0.0637,35.0011,308.5,2.5,1.5,2001-07-12,0750,Terra,MODIS,46,6.2,289.5,15.8,D,0
-2.2623,38.2464,312.3,2.8,1.6,2001-07-13,0833,Terra,MODIS,32,6.2,296.2,20.6,D,0
-1.4637,36.0742,309.6,3.4,1.7,2001-07-14,0738,Terra,MODIS,58,6.2,288.4,26.8,D,0
-0.069,35.111,316.5,1.1,1.1,2001-07-17,0808,Terra,MODIS,69,6.2,296.6,9.7,D,0
-0.853,34.5146,316.4,1.2,1.1,2001-07-17,0808,Terra,MODIS,66,6.2,300.7,9.6,D,0
-1.3339,35.532,325.6,1.1,1,2001-07-17,0808,Terra,MODIS,58,6.2,302.8,12.7,D,0
-1.4835,35.4756,328.2,1.1,1,2001-07-17,0808,Terra,MODIS,63,6.2,298.7,20,D,0
0.3531,34.6943,317.2,1.1,1,2001-07-22,0826,Terra,MODIS,71,6.2,296.3,12.7,D,0
-4.3005,38.8183,316.2,2.5,1.5,2001-07-22,0827,Terra,MODIS,68,6.2,290.8,33.9,D,0
-2.4689,37.7999,321,1.2,1.1,2001-07-24,0815,Terra,MODIS,43,6.2,295.9,15.3,D,0
-2.6155,37.8855,314.6,1.2,1.1,2001-07-24,0815,Terra,MODIS,51,6.2,295.6,10.5,D,0
-2.7448,37.9374,320.8,1.2,1.1,2001-07-24,0815,Terra,MODIS,61,6.2,299.1,19.1,D,0
-3.633,38.2884,318.7,1.3,1.1,2001-07-24,0815,Terra,MODIS,68,6.2,298.2,11.9,D,0
-3.9873,38.4195,322.5,1.2,1.1,2001-07-28,0750,Terra,MODIS,43,6.2,296.8,17.7,D,0
-1.4714,36.1226,304.6,1,1,2001-07-28,2011,Terra,MODIS,61,6.2,288.2,6.9,N,0
-3.9693,38.3207,323,2,1.4,2001-07-30,0738,Terra,MODIS,43,6.2,298.2,37.6,D,0
-1.7491,36.4098,348,1.2,1.1,2001-07-31,0820,Terra,MODIS,94,6.2,310,54.6,D,0
-1.7588,36.4084,337.3,1.2,1.1,2001-07-31,0820,Terra,MODIS,87,6.2,309.6,29.3,D,0
-1.767,36.3965,327.9,1.2,1.1,2001-07-31,0820,Terra,MODIS,59,6.2,307.5,13.8,D,0
-2.8796,37.5465,323.5,1.5,1.2,2001-07-31,0821,Terra,MODIS,66,6.2,305.4,17.7,D,0
-4.3815,38.8834,330.9,1.9,1.4,2001-07-31,0821,Terra,MODIS,83,6.2,298.3,59.7,D,0
-0.0241,35.078,325.6,1.1,1.1,2001-08-02,0808,Terra,MODIS,81,6.2,295.9,22.2,D,0
-1.3996,34.8285,306.1,1.2,1.1,2001-08-02,2029,Terra,MODIS,67,6.2,285.9,11.3,N,0
-1.382,34.8807,303.3,1.2,1.1,2001-08-02,2029,Terra,MODIS,54,6.2,285.3,9.8,N,0
-0.5374,37.8031,323,1.2,1.1,2001-08-04,0756,Terra,MODIS,74,6.2,299,10.7,D,0
-2.558,37.8431,324.3,1.1,1,2001-08-04,0756,Terra,MODIS,54,6.2,305.1,15.5,D,0
-2.5875,37.8726,335.2,1.1,1,2001-08-04,0756,Terra,MODIS,83,6.2,305.1,32.5,D,0
-2.5889,37.8821,319.5,1.1,1,2001-08-04,0756,Terra,MODIS,50,6.2,304.7,11.4,D,0
-2.6509,37.9134,322,1.1,1,2001-08-04,0756,Terra,MODIS,51,6.2,302.7,10.6,D,0
2.1926,36.4735,332.9,2.3,1.5,2001-08-05,0838,Terra,MODIS,74,6.2,308.4,29.1,D,0
-3.4131,39.2481,322.1,1.3,1.1,2001-08-06,0744,Terra,MODIS,71,6.2,300.9,13.7,D,0
-3.5063,38.4345,327.6,1.5,1.2,2001-08-06,0744,Terra,MODIS,79,6.2,303.7,28.2,D,0
0.0888,38.0207,320.3,1.9,1.3,2001-08-07,0826,Terra,MODIS,69,6.2,300.2,22,D,0
0.5646,34.6731,328.6,1.1,1,2001-08-07,0826,Terra,MODIS,82,6.2,297.8,24.9,D,0
0.5553,34.6717,323.7,1.1,1,2001-08-07,0826,Terra,MODIS,78,6.2,296.3,19.3,D,0
-0.8556,34.5754,315.7,1.1,1.1,2001-08-07,0826,Terra,MODIS,63,6.2,301.8,7.4,D,0
-1.4704,34.8711,326.2,1.2,1.1,2001-08-07,0826,Terra,MODIS,77,6.2,301.6,22.3,D,0
-1.4719,34.8817,315.2,1.2,1.1,2001-08-07,0826,Terra,MODIS,41,6.2,300.4,8.3,D,0
-1.4801,34.8698,319.4,1.2,1.1,2001-08-07,0826,Terra,MODIS,66,6.2,298.9,13.2,D,0
-4.1004,39.117,312.2,1.5,1.2,2001-08-09,0815,Terra,MODIS,53,6.2,292.6,12.3,D,0
0.2122,37.7333,335.9,1,1,2001-08-11,0801,Terra,MODIS,83,6.2,305.6,22.3,D,0
-1.1216,37.0362,346.3,1.1,1,2001-08-11,0802,Terra,MODIS,92,6.2,307,45.5,D,0
-0.9321,34.5295,318.2,1.5,1.2,2001-08-11,0802,Terra,MODIS,67,6.2,295.8,17.2,D,0
-1.9017,38.2686,326.8,1,1,2001-08-11,0802,Terra,MODIS,74,6.2,303.4,13.1,D,0
0.1272,37.5555,301.7,1.5,1.2,2001-08-11,2023,Terra,MODIS,43,6.2,284.2,12.5,N,0
-1.4286,36.3163,320.3,3.4,1.7,2001-08-12,0845,Terra,MODIS,76,6.2,293.4,47.2,D,0
-1.4396,36.3084,327.5,3.4,1.7,2001-08-12,0845,Terra,MODIS,82,6.2,293.8,94.9,D,0
-1.564,36.1052,318.5,3.3,1.7,2001-08-12,0845,Terra,MODIS,21,6.2,287.3,41.9,D,0
0.1308,38.0558,328.4,1.4,1.2,2001-08-13,0749,Terra,MODIS,77,6.2,301.5,24.6,D,0
-1.1225,37.0462,316.5,1.6,1.2,2001-08-13,0749,Terra,MODIS,65,6.2,292.8,14.1,D,0
-3.4911,38.297,332.9,1.2,1.1,2001-08-13,0750,Terra,MODIS,84,6.2,297.2,33.1,D,0
-3.4927,38.3077,316.9,1.2,1.1,2001-08-13,0750,Terra,MODIS,41,6.2,296.4,9.5,D,0
-3.6132,38.296,329,1.2,1.1,2001-08-13,0750,Terra,MODIS,80,6.2,300.7,23,D,0
-3.6147,38.3064,330.8,1.2,1.1,2001-08-13,0750,Terra,MODIS,82,6.2,301.5,25.8,D,0
-3.6152,38.2999,336.2,1.2,1.1,2001-08-13,0750,Terra,MODIS,86,6.2,301.9,36.7,D,0
-2.6321,37.859,301.2,1,1,2001-08-13,2010,Terra,MODIS,28,6.2,284.7,7.4,N,0
-2.6334,37.85,304.2,1,1,2001-08-13,2010,Terra,MODIS,49,6.2,285.1,8.9,N,0
-1.5939,36.2264,317.9,1,1,2001-08-13,2010,Terra,MODIS,96,6.2,293.2,13.9,N,0
-1.5952,36.2175,313,1,1,2001-08-13,2010,Terra,MODIS,86,6.2,292,9.7,N,0
-1.585,36.2252,306.1,1,1,2001-08-13,2010,Terra,MODIS,39,6.2,292.6,5.2,N,0
-1.5187,36.237,305.2,1,1,2001-08-13,2010,Terra,MODIS,63,6.2,292.1,5.3,N,0
-1.52,36.228,304.3,1,1,2001-08-13,2010,Terra,MODIS,59,6.2,291.8,4.9,N,0
-1.511,36.2268,302,1,1,2001-08-13,2010,Terra,MODIS,15,6.2,291.1,3.4,N,0
-1.1988,37.0697,303,1,1,2001-08-13,2010,Terra,MODIS,52,6.2,286.9,6.2,N,0
-1.2,37.0607,352,1,1,2001-08-13,2010,Terra,MODIS,100,6.2,289.7,68.1,N,0
-1.2013,37.0518,340.6,1,1,2001-08-13,2010,Terra,MODIS,100,6.2,288.8,45.6,N,0
-0.0555,35.1222,310.9,1.5,1.2,2001-08-14,0832,Terra,MODIS,60,6.2,297,7.6,D,0
-4.2804,38.6489,314.8,3.3,1.7,2001-08-14,0833,Terra,MODIS,39,6.2,293.1,34.6,D,0
-3.4393,37.6895,310.1,1.2,1.1,2001-08-15,1957,Terra,MODIS,79,6.2,289.1,13.2,N,0
-1.6429,36.2256,303.8,1.4,1.2,2001-08-15,1958,Terra,MODIS,57,6.2,292.6,5.9,N,0
0.5826,34.6617,314.4,1,1,2001-08-16,0820,Terra,MODIS,64,6.2,296.6,7.1,D,0
-1.3778,35.4634,318.8,1.1,1,2001-08-16,0820,Terra,MODIS,48,6.2,302.8,4.9,D,0
-1.6543,36.2232,338.8,1.2,1.1,2001-08-16,0820,Terra,MODIS,88,6.2,308.3,30,D,0
-2.4272,37.9792,342.6,1.5,1.2,2001-08-16,0820,Terra,MODIS,90,6.2,300,71.2,D,0
-2.4292,37.9931,379.3,1.6,1.2,2001-08-16,0820,Terra,MODIS,100,6.2,303.1,265.2,D,0
-2.3914,36.58,322,1.2,1.1,2001-08-16,0820,Terra,MODIS,65,6.2,299.8,14.2,D,0
-2.393,36.5913,317.9,1.2,1.1,2001-08-16,0820,Terra,MODIS,47,6.2,302.1,8.4,D,0
-1.6693,36.1968,304.1,2.5,1.5,2001-08-16,2041,Terra,MODIS,56,6.2,291.2,19,N,0
-2.414,37.9798,316.9,3.9,1.8,2001-08-17,0725,Terra,MODIS,61,6.2,296.8,46.7,D,0
-2.4306,37.9777,353.9,3.9,1.8,2001-08-17,0725,Terra,MODIS,97,6.2,297,453.5,D,0
-2.4358,38.012,326.7,3.9,1.8,2001-08-17,0725,Terra,MODIS,79,6.2,298.4,112.4,D,0
-2.4195,37.9732,345.6,3.9,1.8,2001-08-17,0725,Terra,MODIS,93,6.2,296.8,323.5,D,0
-2.425,38.0075,332.1,3.9,1.8,2001-08-17,0725,Terra,MODIS,84,6.2,298.5,160.4,D,0
-2.9495,37.4799,305.7,2,1.4,2001-08-17,1945,Terra,MODIS,65,6.2,283.8,27.1,N,0
-1.6201,37.6817,326.5,1,1,2001-08-18,0808,Terra,MODIS,71,6.2,307.7,10,D,0
-1.4643,36.0562,319.4,1,1,2001-08-18,0808,Terra,MODIS,54,6.2,295.2,8.5,D,0
-2.0471,36.637,327.6,1,1,2001-08-18,0808,Terra,MODIS,74,6.2,306.9,13.7,D,0
-2.0484,36.6458,324.1,1,1,2001-08-18,0808,Terra,MODIS,63,6.2,307.1,9.2,D,0
-1.2861,37.1492,300.3,1.7,1.3,2001-08-18,2028,Terra,MODIS,20,6.2,284.4,14,N,0
2.1256,36.443,332.6,4,1.9,2001-08-19,0850,Terra,MODIS,84,6.2,305.9,108.4,D,0
1.7071,36.3138,331,3.9,1.8,2001-08-19,0850,Terra,MODIS,78,6.2,305.6,74.9,D,0
1.6907,36.3112,332.8,3.9,1.8,2001-08-19,0850,Terra,MODIS,83,6.2,305.5,90,D,0
-1.371,35.495,316.5,3.8,1.8,2001-08-19,0851,Terra,MODIS,68,6.2,299.3,39,D,0
-1.3781,35.4889,316,3.8,1.8,2001-08-19,0851,Terra,MODIS,68,6.2,297.8,38.5,D,0
-0.2166,40.4566,325.3,1,1,2001-08-20,0755,Terra,MODIS,69,6.2,306.7,9.9,D,0
-1.0144,38.4304,321.7,1.1,1,2001-08-20,0755,Terra,MODIS,46,6.2,304.5,4.7,D,0
-1.9919,40.4422,327.8,1,1,2001-08-20,0755,Terra,MODIS,77,6.2,299,17.1,D,0
-3.8509,38.9875,343.4,1,1,2001-08-20,0756,Terra,MODIS,90,6.2,302.2,39,D,0
-3.8599,38.9862,340.4,1,1,2001-08-20,0756,Terra,MODIS,88,6.2,300,33.9,D,0
-1.6066,36.1082,308.4,1,1,2001-08-20,2016,Terra,MODIS,74,6.2,291.1,8.4,N,0
-1.423,35.9118,317.6,1,1,2001-08-20,2016,Terra,MODIS,95,6.2,287.3,17.4,N,0
-1.3882,35.3749,317.9,1,1,2001-08-20,2016,Terra,MODIS,96,6.2,286.5,17.9,N,0
-1.0128,37.26,330.8,3,1.6,2001-08-21,0838,Terra,MODIS,84,6.2,297.5,106.4,D,0
-1.0137,37.2542,326.2,3,1.6,2001-08-21,0838,Terra,MODIS,79,6.2,297.9,79.6,D,0
-1.0174,37.2807,315.6,3,1.6,2001-08-21,0838,Terra,MODIS,65,6.2,296.2,29.4,D,0
-1.5002,34.8805,324.2,3.1,1.7,2001-08-22,0743,Terra,MODIS,67,6.2,296.1,71.1,D,0
-1.3504,35.4856,325.2,1.3,1.1,2001-08-23,0826,Terra,MODIS,62,6.2,307.2,13.7,D,0
-1.9736,38.7332,302,1.2,1.1,2001-08-24,1951,Terra,MODIS,46,6.2,286.2,6.4,N,0
-1.0215,37.092,317.6,1.5,1.2,2001-08-24,1952,Terra,MODIS,95,6.2,286.1,32.3,N,0
-1.0234,37.0785,315.2,1.5,1.2,2001-08-24,1952,Terra,MODIS,91,6.2,285.8,29.2,N,0
-1.0125,37.077,300.5,1.5,1.2,2001-08-24,1952,Terra,MODIS,28,6.2,284.2,11.8,N,0
0.0992,38.0128,306.3,1.3,1.1,2001-08-24,1952,Terra,MODIS,60,6.2,289.6,11.7,N,0
-1.2896,37.045,329,1.1,1,2001-08-25,0814,Terra,MODIS,77,6.2,307.9,14.6,D,0
-1.3327,37.0325,356.4,1.1,1,2001-08-25,0814,Terra,MODIS,98,6.2,309.6,69.9,D,0
-1.3341,37.042,327.2,1.1,1,2001-08-25,0814,Terra,MODIS,68,6.2,307.1,13.3,D,0
-1.2701,36.2212,345.9,1,1,2001-08-25,0814,Terra,MODIS,92,6.2,308.3,41.4,D,0
-1.2297,35.6915,320.4,1,1,2001-08-25,0814,Terra,MODIS,59,6.2,305.5,6.4,D,0
-1.449,35.5574,328.9,1,1,2001-08-25,0814,Terra,MODIS,75,6.2,304.7,15.9,D,0
-3.5157,38.4381,318.4,1.3,1.1,2001-08-25,0814,Terra,MODIS,64,6.2,295.2,13,D,0
-4.3218,38.7089,325.5,1.4,1.2,2001-08-25,0814,Terra,MODIS,62,6.2,304.6,20.6,D,0
-4.3277,38.7146,328.8,1.4,1.2,2001-08-25,0814,Terra,MODIS,80,6.2,305.7,28.2,D,0
-2.1149,40.2821,344.4,1.1,1,2001-08-27,0801,Terra,MODIS,91,6.2,301.5,49.2,D,0
-2.1351,40.2893,324.8,1.1,1,2001-08-27,0801,Terra,MODIS,44,6.2,300.5,15.5,D,0
-2.3115,36.9813,322.7,1.1,1,2001-08-27,0801,Terra,MODIS,64,6.2,300.4,10.6,D,0
-2.7594,38.0175,328.7,1,1,2001-08-27,0802,Terra,MODIS,70,6.2,304.8,16.9,D,0
-2.7607,38.0264,329.8,1,1,2001-08-27,0802,Terra,MODIS,74,6.2,308.2,18.9,D,0
-3.4716,39.2384,324.6,1,1,2001-08-27,0802,Terra,MODIS,69,6.2,306.5,10.3,D,0
-3.5106,38.431,334.8,1,1,2001-08-27,0802,Terra,MODIS,83,6.2,311.4,20.8,D,0
-1.345,35.6298,303.4,1.1,1,2001-08-27,2022,Terra,MODIS,46,6.2,286.1,8.2,N,0
0.5393,34.6597,310.4,2.3,1.5,2001-08-28,0844,Terra,MODIS,58,6.2,292.1,16.7,D,0
-0.8029,38.5347,323,1.3,1.1,2001-08-29,0749,Terra,MODIS,68,6.2,304.4,10.2,D,0
-1.2147,36.2031,317.5,1.9,1.3,2001-08-29,0749,Terra,MODIS,35,6.2,298.6,13.4,D,0
-1.3976,34.8735,325.2,2.4,1.5,2001-08-29,0749,Terra,MODIS,50,6.2,296.8,52.7,D,0
-1.4077,34.8503,330.4,2.4,1.5,2001-08-29,0749,Terra,MODIS,64,6.2,298.7,75.3,D,0
-1.4179,34.8269,323.8,2.4,1.5,2001-08-29,0749,Terra,MODIS,29,6.2,295.7,46.7,D,0
-1.9418,38.4239,320.6,1.3,1.1,2001-08-29,0749,Terra,MODIS,50,6.2,302.7,8.2,D,0
-1.4313,34.8251,338,2.4,1.5,2001-08-29,0749,Terra,MODIS,80,6.2,296,110.5,D,0
-1.4269,34.8196,332,2.4,1.5,2001-08-29,0749,Terra,MODIS,68,6.2,295.1,81.7,D,0
-1.0485,37.3219,365.1,2.3,1.5,2001-08-30,0832,Terra,MODIS,0,6.2,291,303.2,D,0
-1.1717,35.3156,331.5,1.6,1.2,2001-08-30,0832,Terra,MODIS,83,6.2,299.2,48.4,D,0
-1.1725,35.3098,328.2,1.6,1.2,2001-08-30,0832,Terra,MODIS,80,6.2,298.6,39.8,D,0
-1.4096,34.8064,327.6,1.5,1.2,2001-08-30,0832,Terra,MODIS,56,6.2,300.3,27.1,D,0
-1.4316,34.8832,348.3,1.5,1.2,2001-08-30,0832,Terra,MODIS,94,6.2,303.2,84.6,D,0
-1.4385,34.8555,342.9,1.5,1.2,2001-08-30,0832,Terra,MODIS,90,6.2,301.5,62.2,D,0
-1.4404,34.8686,344.6,1.5,1.2,2001-08-30,0832,Terra,MODIS,92,6.2,303.6,69.7,D,0
-1.4423,34.8817,355.7,1.5,1.2,2001-08-30,0832,Terra,MODIS,98,6.2,303.6,115.4,D,0
-1.4512,34.8672,327.3,1.5,1.2,2001-08-30,0832,Terra,MODIS,68,6.2,302.7,25.2,D,0
-1.4162,41.1871,325,1.4,1.2,2001-08-31,0736,Terra,MODIS,76,6.2,298.8,23.7,D,0
-1.418,41.1992,333.8,1.4,1.2,2001-08-31,0736,Terra,MODIS,84,6.2,299.1,41.2,D,0
-1.4283,41.1977,317.3,1.4,1.2,2001-08-31,0736,Terra,MODIS,62,6.2,298.3,12.7,D,0
-1.643,40.7818,315.3,1.4,1.2,2001-08-31,0736,Terra,MODIS,49,6.2,296.1,9.2,D,0
-2.1157,40.5442,314.6,1.5,1.2,2001-08-31,0737,Terra,MODIS,53,6.2,294.9,11.6,D,0
-1.3493,41.2659,312.5,2.7,1.6,2001-09-01,0819,Terra,MODIS,47,6.2,287.7,36.5,D,0
-0.6089,34.2996,320,1,1,2001-09-01,0819,Terra,MODIS,19,6.2,295.4,8.1,D,0
-1.0772,37.3307,321.4,1.3,1.1,2001-09-01,0819,Terra,MODIS,68,6.2,300.8,13.7,D,0
-1.878,40.83,310.8,2.5,1.5,2001-09-01,0819,Terra,MODIS,40,6.2,292.5,24.3,D,0
-1.3203,35.8307,324.8,1.1,1,2001-09-01,0819,Terra,MODIS,73,6.2,302.8,12.3,D,0
-0.0472,35.0968,334.4,1.1,1.1,2001-09-03,0807,Terra,MODIS,86,6.2,297,32,D,0
-0.0487,35.1068,348.6,1.1,1.1,2001-09-03,0807,Terra,MODIS,94,6.2,299,61.4,D,0
-1.7358,40.6406,326.5,1.4,1.2,2001-09-03,0807,Terra,MODIS,79,6.2,298.7,28.3,D,0
-1.7651,38.4476,323.8,1.1,1,2001-09-03,0807,Terra,MODIS,68,6.2,302,10.7,D,0
-1.7665,38.4571,323.1,1.1,1,2001-09-03,0807,Terra,MODIS,67,6.2,301.6,10.2,D,0
-2.1915,40.3962,324.6,1.4,1.2,2001-09-03,0807,Terra,MODIS,76,6.2,294.9,25.2,D,0
-2.1933,40.4083,320.9,1.4,1.2,2001-09-03,0807,Terra,MODIS,70,6.2,293.6,19.1,D,0
-2.1893,40.4029,328,1.4,1.2,2001-09-03,0807,Terra,MODIS,66,6.2,295.5,30,D,0
-1.8138,35.9826,302.4,1.4,1.2,2001-09-03,2028,Terra,MODIS,49,6.2,286,10.8,N,0
2.1303,36.4386,332.1,3.9,1.8,2001-09-04,0849,Terra,MODIS,83,6.2,304.2,95.1,D,0
2.2601,36.5058,336,1.6,1.2,2001-09-05,0754,Terra,MODIS,63,6.2,311.9,20,D,0
2.0838,36.4543,338.1,1.6,1.2,2001-09-05,0754,Terra,MODIS,55,6.2,313.7,22,D,0
1.9017,36.4447,338.1,1.6,1.2,2001-09-05,0754,Terra,MODIS,74,6.2,313.7,19.9,D,0
1.739,36.2964,336.5,1.6,1.2,2001-09-05,0754,Terra,MODIS,54,6.2,313.1,21.7,D,0
-1.8646,40.7932,313.3,1,1,2001-09-05,0755,Terra,MODIS,21,6.2,291,6.9,D,0
-1.7658,36.4042,336.8,1.4,1.2,2001-09-05,0755,Terra,MODIS,55,6.2,316.7,21.6,D,0
-1.8129,35.9905,331.7,1.5,1.2,2001-09-05,0755,Terra,MODIS,81,6.2,300.6,43.6,D,0
-2.0638,35.9276,319.5,1.5,1.2,2001-09-05,0755,Terra,MODIS,51,6.2,301.7,13.1,D,0
-2.8286,38.0111,342.8,1.1,1,2001-09-05,0755,Terra,MODIS,85,6.2,308,42,D,0
-1.0176,37.0877,334.9,1.1,1,2001-09-05,2015,Terra,MODIS,100,6.2,286.8,42.4,N,0
-1.019,37.0779,308.4,1.1,1,2001-09-05,2015,Terra,MODIS,70,6.2,285.6,11,N,0
-1.0083,37.0863,313.2,1.1,1,2001-09-05,2015,Terra,MODIS,87,6.2,285.3,15,N,0
-1.0097,37.0765,302.9,1.1,1,2001-09-05,2015,Terra,MODIS,16,6.2,284.6,7.1,N,0
-1.2729,36.153,322.1,2.4,1.5,2001-09-06,0837,Terra,MODIS,71,6.2,302.7,28.7,D,0
-1.7211,40.5993,321.4,1.2,1.1,2001-09-07,0742,Terra,MODIS,59,6.2,300.6,11.4,D,0
-3.5143,38.4349,326.2,1.5,1.2,2001-09-07,0743,Terra,MODIS,55,6.2,300.1,27.3,D,0
1.5822,37.129,327.9,1.5,1.2,2001-09-08,0824,Terra,MODIS,60,6.2,306.8,16.4,D,0
-1.9931,36.1409,320.7,1.4,1.2,2001-09-08,0825,Terra,MODIS,58,6.2,298.1,15.1,D,0
-2.0037,36.1394,332.9,1.4,1.2,2001-09-08,0825,Terra,MODIS,84,6.2,298,37.2,D,0
-2.0055,36.1521,327,1.4,1.2,2001-09-08,0825,Terra,MODIS,77,6.2,294.1,24.8,D,0
-3.5078,38.4296,324,2.3,1.5,2001-09-08,0826,Terra,MODIS,68,6.2,303.9,28.5,D,0
-1.7483,38.067,320.4,3.1,1.7,2001-09-09,0730,Terra,MODIS,67,6.2,300.6,33.3,D,0
-1.9833,36.1497,336.1,4.3,1.9,2001-09-09,0730,Terra,MODIS,86,6.2,296.9,215.4,D,0
-1.985,36.1418,333.9,4.3,1.9,2001-09-09,0730,Terra,MODIS,84,6.2,296.5,181.6,D,0
-1.6958,35.9506,300.2,1.9,1.4,2001-09-09,1951,Terra,MODIS,19,6.2,287.4,13.3,N,0
-1.6978,35.9363,303.3,1.9,1.4,2001-09-09,1951,Terra,MODIS,54,6.2,286.1,18.5,N,0
0.403,34.5345,327.3,1.1,1,2001-09-10,0812,Terra,MODIS,81,6.2,301.5,19.6,D,0
0.3938,34.5332,341,1.1,1,2001-09-10,0812,Terra,MODIS,90,6.2,301.9,41.5,D,0
0.3925,34.5425,315.4,1.1,1,2001-09-10,0812,Terra,MODIS,63,6.2,300.4,7.4,D,0
-4.0818,38.8295,319.6,1.4,1.2,2001-09-10,0813,Terra,MODIS,48,6.2,298.1,14.6,D,0
-2.7839,37.8809,325.2,2.5,1.5,2001-09-11,1938,Terra,MODIS,100,6.2,289.3,93.6,N,0
-0.2834,37.8711,324.8,1,1,2001-09-12,0800,Terra,MODIS,68,6.2,300,9.4,D,0
-0.7248,37.5526,326.4,1,1,2001-09-12,0800,Terra,MODIS,54,6.2,298.2,13.8,D,0
-0.7262,37.5618,330.8,1,1,2001-09-12,0800,Terra,MODIS,69,6.2,299.7,19.7,D,0
-1.0304,37.1892,324.3,1.1,1,2001-09-12,0800,Terra,MODIS,57,6.2,304,10.7,D,0
-1.3256,37.061,340.4,1.1,1,2001-09-12,0800,Terra,MODIS,87,6.2,309.9,30.4,D,0
-1.3269,37.0705,348,1.1,1,2001-09-12,0800,Terra,MODIS,92,6.2,309.8,46.6,D,0
-1.3331,37.0631,352.5,1.1,1,2001-09-12,0800,Terra,MODIS,95,6.2,311.4,56.8,D,0
-1.3345,37.0726,332.1,1.1,1,2001-09-12,0800,Terra,MODIS,67,6.2,307.3,17.1,D,0
-1.3147,35.5087,321.9,1.3,1.1,2001-09-12,0800,Terra,MODIS,60,6.2,301.1,12,D,0
-1.3248,35.5072,325.2,1.3,1.1,2001-09-12,0800,Terra,MODIS,70,6.2,301.8,15.9,D,0
-1.4625,35.5393,323.5,1.3,1.1,2001-09-12,0800,Terra,MODIS,45,6.2,305.7,11.9,D,0
-1.5628,36.0713,334,1.2,1.1,2001-09-12,0800,Terra,MODIS,81,6.2,305.8,24.2,D,0
-1.6943,35.7995,325.7,1.2,1.1,2001-09-12,0800,Terra,MODIS,60,6.2,303.5,17.8,D,0
-1.6968,35.8036,321,1.2,1.1,2001-09-12,0800,Terra,MODIS,23,6.2,303.2,9.7,D,0
-1.3389,35.5005,300.2,1.1,1,2001-09-12,2021,Terra,MODIS,21,6.2,285.3,6,N,0
-0.1478,37.865,320.4,4.1,1.9,2001-09-13,0843,Terra,MODIS,64,6.2,301.4,47.4,D,0
-0.099,37.432,313.7,3.8,1.8,2001-09-13,0843,Terra,MODIS,25,6.2,281.3,64.1,D,0
-0.128,37.4616,339.6,3.9,1.8,2001-09-13,0843,Terra,MODIS,90,6.2,289.6,295.5,D,0
-0.135,37.457,316.7,3.9,1.8,2001-09-13,0843,Terra,MODIS,59,6.2,288.6,94.3,D,0
-1.6544,37.8516,335.7,4.4,1.9,2001-09-13,0843,Terra,MODIS,84,6.2,302.5,203.2,D,0
-1.6567,37.8461,335.5,4.4,1.9,2001-09-13,0843,Terra,MODIS,84,6.2,302.3,201.6,D,0
-1.7512,36.4078,331.8,3.4,1.7,2001-09-13,0843,Terra,MODIS,39,6.2,312.7,83.2,D,0
-0.0892,37.4513,345.7,1.6,1.2,2001-09-14,0748,Terra,MODIS,92,6.2,299.6,87.1,D,0
-0.0914,37.4665,324.8,1.6,1.2,2001-09-14,0748,Terra,MODIS,15,6.2,298.8,21.7,D,0
-0.0933,37.48,339.7,1.6,1.2,2001-09-14,0748,Terra,MODIS,87,6.2,304.9,66.6,D,0
-0.0895,37.4453,355.7,1.6,1.2,2001-09-14,0748,Terra,MODIS,98,6.2,300.4,131.6,D,0
-0.0917,37.4601,323.2,1.6,1.2,2001-09-14,0748,Terra,MODIS,52,6.2,296.9,19.4,D,0
-0.0939,37.4745,340.3,1.6,1.2,2001-09-14,0748,Terra,MODIS,89,6.2,302.9,68.1,D,0
-0.0957,37.4867,330.3,1.6,1.2,2001-09-14,0748,Terra,MODIS,35,6.2,303.8,41.3,D,0
-0.1005,37.4428,355.9,1.6,1.2,2001-09-14,0748,Terra,MODIS,98,6.2,300.1,131.6,D,0
-2.504,40.4181,325.8,1,1,2001-09-14,0748,Terra,MODIS,67,6.2,304.2,13.9,D,0
-2.5054,40.4273,324.1,1,1,2001-09-14,0748,Terra,MODIS,65,6.2,302.8,13.2,D,0
-0.6915,34.2319,302.3,1.2,1.1,2001-09-14,2009,Terra,MODIS,48,6.2,284.3,7.3,N,0
-0.1013,37.4865,312.8,1,1,2001-09-14,2009,Terra,MODIS,86,6.2,275.7,16.8,N,0
0.1019,38.0037,328.3,2.4,1.5,2001-09-15,0830,Terra,MODIS,52,6.2,308.8,42.5,D,0
0.5637,34.7015,314.7,1.3,1.1,2001-09-15,0830,Terra,MODIS,57,6.2,300.8,9.2,D,0
-0.2978,38.3801,324.9,2.6,1.5,2001-09-15,0830,Terra,MODIS,70,6.2,306,34.8,D,0
-0.6966,38.1741,328.8,2.5,1.5,2001-09-15,0831,Terra,MODIS,80,6.2,305.1,54.2,D,0
-0.7029,38.1665,324.7,2.5,1.5,2001-09-15,0831,Terra,MODIS,76,6.2,305.1,37.1,D,0
-1.3259,37.118,349.8,2.1,1.4,2001-09-15,0831,Terra,MODIS,94,6.2,309,142.1,D,0
-1.3286,37.1369,329.8,2.2,1.4,2001-09-15,0831,Terra,MODIS,78,6.2,308.5,38.8,D,0
-1.3358,37.0972,333,2.1,1.4,2001-09-15,0831,Terra,MODIS,82,6.2,306,52.3,D,0
-1.3386,37.1161,331.9,2.1,1.4,2001-09-15,0831,Terra,MODIS,81,6.2,306.6,48.8,D,0
-1.3485,37.0954,375.5,2.1,1.4,2001-09-15,0831,Terra,MODIS,100,6.2,307.7,364.7,D,0
-1.3512,37.1143,370.3,2.1,1.4,2001-09-15,0831,Terra,MODIS,100,6.2,309.9,312,D,0
-1.2258,35.622,321.9,1.6,1.3,2001-09-15,0831,Terra,MODIS,62,6.2,307.2,16.9,D,0
-1.2279,35.6366,327,1.6,1.3,2001-09-15,0831,Terra,MODIS,73,6.2,307.2,28.3,D,0
-1.4552,36.6541,325.2,2,1.4,2001-09-15,0831,Terra,MODIS,65,6.2,303.8,34.5,D,0
-2.0828,40.3731,316.3,4,1.9,2001-09-15,0831,Terra,MODIS,40,6.2,291.3,76.9,D,0
-1.665,36.93,352.8,2.1,1.4,2001-09-15,0831,Terra,MODIS,96,6.2,308.1,162.3,D,0
-1.6676,36.9487,323.4,2.1,1.4,2001-09-15,0831,Terra,MODIS,68,6.2,305.2,22,D,0
-1.9426,38.4499,318.5,2.8,1.6,2001-09-15,0831,Terra,MODIS,51,6.2,300.3,31.1,D,0
-1.6618,36.0153,331.5,1.8,1.3,2001-09-15,0831,Terra,MODIS,80,6.2,300.5,48.2,D,0
-1.6642,36.0317,321.8,1.8,1.3,2001-09-15,0831,Terra,MODIS,48,6.2,300.3,20.6,D,0
-1.9369,36.9114,323.9,2.1,1.4,2001-09-15,0831,Terra,MODIS,62,6.2,303.1,28.4,D,0
-3.5052,38.4438,323,3,1.6,2001-09-15,0831,Terra,MODIS,69,6.2,303.4,40.5,D,0
-1.4952,38.4111,322.9,2.2,1.4,2001-09-16,0736,Terra,MODIS,73,6.2,300.1,33.2,D,0
-1.6934,36.0056,318.2,3.4,1.7,2001-09-16,0736,Terra,MODIS,51,6.2,296.8,54.1,D,0
-2.2007,36.3194,307.5,1.4,1.2,2001-09-16,1956,Terra,MODIS,42,6.2,293.2,9.1,N,0
-2.1919,36.305,312.5,1.4,1.2,2001-09-16,1956,Terra,MODIS,56,6.2,293.3,14.1,N,0
-2.1813,36.3035,310.1,1.4,1.2,2001-09-16,1956,Terra,MODIS,55,6.2,293.5,11.4,N,0
-2.1831,36.2908,309.2,1.4,1.2,2001-09-16,1956,Terra,MODIS,46,6.2,293.5,10.2,N,0
-2.1853,36.3114,310.4,1.4,1.2,2001-09-16,1956,Terra,MODIS,74,6.2,293.6,12.4,N,0
-2.1871,36.2986,319.2,1.4,1.2,2001-09-16,1956,Terra,MODIS,98,6.2,293.8,24.7,N,0
-0.0678,39.0241,304.6,1,1,2001-09-16,1957,Terra,MODIS,61,6.2,294.6,4.4,N,0
-1.2685,41.2347,315,2.6,1.5,2001-09-17,0818,Terra,MODIS,49,6.2,296.2,32.2,D,0
-1.4242,35.8576,301.7,2.3,1.5,2001-09-17,2039,Terra,MODIS,16,6.2,282.6,20.1,N,0
-1.8701,40.6913,317.3,2.5,1.5,2001-09-18,0723,Terra,MODIS,67,6.2,294.2,39.6,D,0
-0.6029,38.2192,305.8,1.6,1.3,2001-09-18,1944,Terra,MODIS,66,6.2,290.4,14,N,0
-0.6017,38.2273,301.6,1.6,1.3,2001-09-18,1944,Terra,MODIS,34,6.2,290.4,8.1,N,0
-0.463,38.0105,321.4,1,1,2001-09-19,0806,Terra,MODIS,0,6.2,294.2,8.5,D,0
-1.8802,40.6546,323.3,1.4,1.2,2001-09-19,0806,Terra,MODIS,75,6.2,294.3,24.6,D,0
-1.9905,40.6334,323.2,1.4,1.2,2001-09-19,0806,Terra,MODIS,74,6.2,294.3,24,D,0
-4.5538,39.2295,319.3,1.2,1.1,2001-09-19,0807,Terra,MODIS,45,6.2,299.5,11.4,D,0
-4.5542,39.223,320.2,1.2,1.1,2001-09-19,0807,Terra,MODIS,58,6.2,299.4,11.2,D,0
0.1327,37.9249,324.2,1.2,1.1,2001-09-21,0754,Terra,MODIS,17,6.2,305.1,10.1,D,0
0.0946,37.9825,339.3,1.2,1.1,2001-09-21,0754,Terra,MODIS,84,6.2,311.7,24,D,0
-0.7117,38.1665,328.1,1.1,1.1,2001-09-21,0754,Terra,MODIS,70,6.2,309.1,10.5,D,0
-1.3562,41.169,328.1,1,1,2001-09-21,0754,Terra,MODIS,61,6.2,302,17.3,D,0
-1.5363,38.0749,326.7,1.1,1.1,2001-09-21,0754,Terra,MODIS,63,6.2,304.6,9.1,D,0
-1.5378,38.0848,326,1.1,1.1,2001-09-21,0754,Terra,MODIS,61,6.2,302,8.3,D,0
-1.4503,36.3334,342.1,1.4,1.2,2001-09-21,0754,Terra,MODIS,88,6.2,309.1,45.1,D,0
-1.8887,38.4614,326.3,1.1,1,2001-09-21,0754,Terra,MODIS,64,6.2,304.4,11.1,D,0
-2.2,40.264,320.5,1,1,2001-09-21,0754,Terra,MODIS,44,6.2,300.1,8.8,D,0
-3.3572,38.3656,325,1.1,1,2001-09-21,0754,Terra,MODIS,63,6.2,300.9,14.3,D,0
-3.5063,38.4446,340.6,1,1,2001-09-21,0755,Terra,MODIS,86,6.2,311.2,28.3,D,0
-3.5155,38.4433,336.1,1,1,2001-09-21,0755,Terra,MODIS,81,6.2,309.5,21.4,D,0
-4.4358,39.4995,323.6,1,1,2001-09-21,0755,Terra,MODIS,0,6.2,300.4,13.2,D,0
-4.5996,39.2357,321.5,1,1,2001-09-21,0755,Terra,MODIS,34,6.2,302.5,9.8,D,0
-0.9958,36.3698,335.9,2.5,1.5,2001-09-23,0742,Terra,MODIS,86,6.2,304.9,82.3,D,0
-0.999,36.3921,328.9,2.5,1.5,2001-09-23,0742,Terra,MODIS,81,6.2,304.6,46.9,D,0
-1.0031,36.3613,326.1,2.5,1.5,2001-09-23,0742,Terra,MODIS,63,6.2,304.4,32.2,D,0
-1.0064,36.3835,339.8,2.5,1.5,2001-09-23,0742,Terra,MODIS,89,6.2,305,102.3,D,0
-2.1569,40.5983,322.2,1.2,1.1,2001-09-23,0742,Terra,MODIS,35,6.2,297.7,12.5,D,0
-2.462,37.3607,328.4,1.9,1.4,2001-09-23,0742,Terra,MODIS,77,6.2,297.5,39.5,D,0
-2.4716,37.3417,325.9,1.9,1.4,2001-09-23,0742,Terra,MODIS,67,6.2,300.4,30.9,D,0
0.0879,37.7221,328.1,1.7,1.3,2001-09-24,0824,Terra,MODIS,75,6.2,309.2,27.5,D,0
-1.5115,35.6174,302.7,3,1.6,2001-09-24,2045,Terra,MODIS,51,6.2,286.2,33.8,N,0
-1.428,40.9285,322.5,1.9,1.3,2001-09-25,0729,Terra,MODIS,70,6.2,293.6,31.8,D,0
-2.2039,40.314,317.2,2,1.4,2001-09-25,0729,Terra,MODIS,0,6.2,293.1,24.5,D,0
-3.3464,38.4273,300.2,1.3,1.2,2001-09-25,1950,Terra,MODIS,20,6.2,288,6.8,N,0
-2.9034,37.4011,302.8,1.6,1.2,2001-09-25,1950,Terra,MODIS,51,6.2,284.3,14.1,N,0
-2.9024,37.3946,305.4,1.6,1.2,2001-09-25,1950,Terra,MODIS,64,6.2,284.3,17.8,N,0
-2.5184,36.7093,305.7,1.7,1.3,2001-09-25,1950,Terra,MODIS,65,6.2,288.2,16.9,N,0
-1.0794,38.582,311.3,1.2,1.1,2001-09-25,1950,Terra,MODIS,82,6.2,294.2,12.5,N,0
-0.577,37.7253,304.4,1.4,1.2,2001-09-25,1950,Terra,MODIS,38,6.2,291,8.4,N,0
-0.5786,37.714,319.1,1.4,1.2,2001-09-25,1950,Terra,MODIS,98,6.2,290.2,26.7,N,0
-0.5706,37.7196,309.6,1.4,1.2,2001-09-25,1950,Terra,MODIS,78,6.2,290,14.3,N,0
0.2225,38.0321,331.3,1.1,1.1,2001-09-26,0812,Terra,MODIS,60,6.2,315.7,12.6,D,0
-0.432,37.7735,327.3,1.1,1.1,2001-09-26,0812,Terra,MODIS,67,6.2,311.5,5.7,D,0
-1.3655,38.2001,326.8,1.2,1.1,2001-09-26,0812,Terra,MODIS,56,6.2,306.9,11.9,D,0
-1.9297,40.3841,319.7,1.7,1.3,2001-09-26,0812,Terra,MODIS,53,6.2,300.6,24.8,D,0
-1.5783,37.8298,340.4,1.2,1.1,2001-09-26,0812,Terra,MODIS,87,6.2,310.4,32.9,D,0
-1.6762,37.7369,335.5,1.1,1.1,2001-09-26,0812,Terra,MODIS,81,6.2,311.5,22.3,D,0
-1.6777,37.7471,328.5,1.1,1.1,2001-09-26,0812,Terra,MODIS,71,6.2,312,11.1,D,0
-1.7662,38.1514,332.4,1.2,1.1,2001-09-26,0812,Terra,MODIS,79,6.2,310.4,20.6,D,0
-1.7677,38.162,326.3,1.2,1.1,2001-09-26,0812,Terra,MODIS,69,6.2,308.2,10.6,D,0
-2.2154,40.2951,318.1,1.7,1.3,2001-09-26,0812,Terra,MODIS,44,6.2,298.6,20.9,D,0
-1.9834,38.3094,327.1,1.2,1.1,2001-09-26,0812,Terra,MODIS,71,6.2,307.9,11.8,D,0
-1.9884,38.2747,328.4,1.2,1.1,2001-09-26,0812,Terra,MODIS,60,6.2,306.5,16,D,0
-1.8856,35.8253,320.4,1,1,2001-09-26,0812,Terra,MODIS,39,6.2,305.6,5.6,D,0
-1.9993,35.8484,321.5,1,1,2001-09-26,0812,Terra,MODIS,30,6.2,304.8,6,D,0
-2.6517,40.22,324.3,1.7,1.3,2001-09-26,0812,Terra,MODIS,63,6.2,302,21.9,D,0
-2.7313,38.0367,328.3,1.2,1.1,2001-09-26,0813,Terra,MODIS,62,6.2,311,10.8,D,0
-3.3492,38.429,322.4,1.3,1.1,2001-09-26,0813,Terra,MODIS,44,6.2,297.9,17.4,D,0
-3.3594,38.4278,320.6,1.3,1.1,2001-09-26,0813,Terra,MODIS,43,6.2,298.4,14.4,D,0
-3.5143,38.4445,339.2,1.3,1.1,2001-09-26,0813,Terra,MODIS,86,6.2,309.8,37.6,D,0
-1.9549,36.1502,312.8,1.8,1.3,2001-09-26,2033,Terra,MODIS,63,6.2,285.7,26.4,N,0
-1.9573,36.1339,308.2,1.8,1.3,2001-09-26,2033,Terra,MODIS,33,6.2,288.4,19.7,N,0
0.1249,36.3215,300.7,3,1.6,2001-09-27,1938,Terra,MODIS,32,6.2,281.8,34,N,0
-1.7814,41.2125,315.3,1.2,1.1,2001-09-28,0800,Terra,MODIS,41,6.2,300.2,7.9,D,0
-1.8141,36.4644,339.2,1.1,1.1,2001-09-28,0800,Terra,MODIS,69,6.2,306.7,25,D,0
-1.9248,36.1309,351,1.2,1.1,2001-09-28,0800,Terra,MODIS,95,6.2,309,52.2,D,0
-1.9263,36.1412,343.1,1.2,1.1,2001-09-28,0800,Terra,MODIS,90,6.2,312.5,30.5,D,0
-1.8491,36.4602,306,1.2,1.1,2001-09-28,2020,Terra,MODIS,58,6.2,292.4,6.9,N,0
-1.2211,37.0007,310.7,1.3,1.1,2001-09-28,2021,Terra,MODIS,81,6.2,287.4,15.4,N,0
-1.2212,37.0066,301.7,1.3,1.1,2001-09-28,2021,Terra,MODIS,41,6.2,287.5,8.5,N,0
-1.2228,36.995,302.6,1.3,1.1,2001-09-28,2021,Terra,MODIS,50,6.2,287.4,8.9,N,0
-0.086,38.9682,303.2,1.9,1.3,2001-09-28,2021,Terra,MODIS,54,6.2,292.4,9.5,N,0
-0.1177,38.1898,327.1,1.4,1.2,2001-09-30,0747,Terra,MODIS,66,6.2,308.5,10.6,D,0
-1.7297,40.6645,353.6,1,1,2001-09-30,0747,Terra,MODIS,91,6.2,303.5,62.7,D,0
-1.4452,35.6078,357.9,2.1,1.4,2001-09-30,0748,Terra,MODIS,99,6.2,302.1,205.6,D,0
-1.4578,35.6057,368,2.1,1.4,2001-09-30,0748,Terra,MODIS,100,6.2,302.9,295.2,D,0
-1.4606,35.625,322.1,2.1,1.4,2001-09-30,0748,Terra,MODIS,33,6.2,298.6,27.6,D,0
-1.4585,35.5995,354.4,2.1,1.4,2001-09-30,0748,Terra,MODIS,97,6.2,301.9,181.2,D,0
-1.4615,35.6184,331.8,2.1,1.4,2001-09-30,0748,Terra,MODIS,74,6.2,299.5,58.9,D,0
-1.749,36.5037,340.2,1.8,1.3,2001-09-30,0748,Terra,MODIS,82,6.2,303.6,69.3,D,0
-1.7515,36.5202,332.6,1.8,1.3,2001-09-30,0748,Terra,MODIS,63,6.2,297.4,44.6,D,0
-1.7607,36.502,327,1.8,1.3,2001-09-30,0748,Terra,MODIS,34,6.2,300.1,25.4,D,0
-2.4201,40.4131,322.8,1,1,2001-09-30,0748,Terra,MODIS,41,6.2,300.5,9.3,D,0
-3.3203,39.6498,330.7,1.1,1,2001-09-30,0748,Terra,MODIS,69,6.2,304.5,18.7,D,0
-4.3675,39.453,326.5,1.1,1,2001-09-30,0748,Terra,MODIS,63,6.2,304.1,15.9,D,0
-4.2927,38.891,330.8,1.1,1.1,2001-09-30,0748,Terra,MODIS,47,6.2,307.2,19,D,0
-4.5622,39.2043,324.8,1.1,1,2001-09-30,0748,Terra,MODIS,39,6.2,305.1,9.6,D,0
-1.6078,37.0092,309.8,1,1,2001-09-30,2008,Terra,MODIS,78,6.2,285.1,11.7,N,0
0.1111,37.4317,320.8,2.2,1.4,2001-10-01,0830,Terra,MODIS,58,6.2,293.3,30.2,D,0
-1.3252,38.1176,323.9,2.6,1.5,2001-10-01,0830,Terra,MODIS,74,6.2,296.9,46.8,D,0
-1.3286,38.1403,321.6,2.6,1.5,2001-10-01,0830,Terra,MODIS,71,6.2,299,36.7,D,0
-1.3345,38.1331,325.8,2.6,1.5,2001-10-01,0830,Terra,MODIS,77,6.2,299.5,54.6,D,0
-1.4988,38.15,331.2,2.6,1.6,2001-10-01,0830,Terra,MODIS,82,6.2,297.6,81.2,D,0
-1.4904,38.145,328.7,2.6,1.6,2001-10-01,0830,Terra,MODIS,79,6.2,297.4,67.5,D,0
-1.8065,36.5038,333.7,2,1.4,2001-10-01,0830,Terra,MODIS,71,6.2,306.7,42.9,D,0
-1.7979,36.499,331.1,2,1.4,2001-10-01,0830,Terra,MODIS,54,6.2,307.3,32.9,D,0
-2.4292,38.0249,323.1,2.6,1.6,2001-10-01,0831,Terra,MODIS,52,6.2,302.8,33.8,D,0
-1.2738,41.286,321.1,1.4,1.2,2001-10-02,0735,Terra,MODIS,38,6.2,298.1,10.7,D,0
-1.4397,41.1179,326.5,1.4,1.2,2001-10-02,0735,Terra,MODIS,66,6.2,300.1,21,D,0
-1.903,40.8532,322.4,1.4,1.2,2001-10-02,0735,Terra,MODIS,64,6.2,299.2,19.9,D,0
-2.0396,40.46,317.8,1.5,1.2,2001-10-02,0735,Terra,MODIS,31,6.2,294.8,12,D,0
-2.4222,38.0072,334.9,2.3,1.5,2001-10-02,0735,Terra,MODIS,85,6.2,294.2,78.2,D,0
-2.4252,38.0275,369.7,2.3,1.5,2001-10-02,0735,Terra,MODIS,100,6.2,300.9,346.3,D,0
-2.422,38.0212,357.7,2.3,1.5,2001-10-02,0735,Terra,MODIS,98,6.2,299.5,227.1,D,0
-2.4251,38.0414,329,2.3,1.5,2001-10-02,0735,Terra,MODIS,80,6.2,298.1,45.8,D,0
-2.4351,38.0196,333.3,2.3,1.5,2001-10-02,0735,Terra,MODIS,83,6.2,296.7,69.7,D,0
-1.2495,38.1811,300.2,3.6,1.8,2001-10-03,2039,Terra,MODIS,20,6.2,287,23.9,N,0
-1.255,38.1445,307.6,3.6,1.8,2001-10-03,2039,Terra,MODIS,72,6.2,286.5,52.3,N,0
0.9664,40.9549,331.6,1.3,1.1,2001-10-05,0805,Terra,MODIS,57,6.2,302.7,27,D,0
2.1541,36.4318,333.9,3.9,1.8,2001-10-06,0848,Terra,MODIS,78,6.2,309.1,90.9,D,0
2.0605,36.447,334.8,3.9,1.8,2001-10-06,0848,Terra,MODIS,85,6.2,309.7,88.2,D,0
2.0546,36.4406,333.8,3.9,1.8,2001-10-06,0848,Terra,MODIS,85,6.2,309.2,76.4,D,0
-0.6868,39.7933,308.5,1.6,1.3,2001-10-07,2014,Terra,MODIS,75,6.2,292.9,15.1,N,0
-0.6876,39.787,303.4,1.6,1.3,2001-10-07,2014,Terra,MODIS,55,6.2,292.6,8,N,0
2.0255,36.7687,323.3,2.6,1.5,2001-10-09,0740,Terra,MODIS,53,6.2,301,32.7,D,0
0.0008,35.1932,316.6,1.2,1.1,2001-10-10,0824,Terra,MODIS,66,6.2,298.5,9.7,D,0
-0.0007,35.2036,314.1,1.2,1.1,2001-10-10,0824,Terra,MODIS,42,6.2,298.5,7.3,D,0
-0.0088,35.1919,315.2,1.2,1.1,2001-10-10,0824,Terra,MODIS,44,6.2,298.4,7.8,D,0
-0.0469,34.8876,320,1.1,1.1,2001-10-10,0824,Terra,MODIS,73,6.2,299.7,13.2,D,0
-0.0483,34.8977,321.5,1.1,1.1,2001-10-10,0824,Terra,MODIS,75,6.2,300.3,14.9,D,0
-0.6266,38.4625,322.4,2,1.4,2001-10-10,0824,Terra,MODIS,54,6.2,298.5,24,D,0
-1.5581,40.8045,338.9,1.9,1.3,2001-10-11,0729,Terra,MODIS,88,6.2,300.5,81.5,D,0
-1.6376,40.804,334.4,1.9,1.3,2001-10-11,0729,Terra,MODIS,85,6.2,301.8,61,D,0
-1.7887,41.12,321,1.8,1.3,2001-10-11,0729,Terra,MODIS,65,6.2,295.9,22,D,0
-1.9204,40.6922,324.7,1.9,1.3,2001-10-11,0729,Terra,MODIS,66,6.2,301.3,29.1,D,0
-1.9229,40.7089,328.4,1.9,1.3,2001-10-11,0729,Terra,MODIS,79,6.2,300.3,40.4,D,0
-2.2108,40.545,321.2,1.9,1.3,2001-10-11,0729,Terra,MODIS,64,6.2,299.4,29.5,D,0
-2.2133,40.562,317.7,1.9,1.3,2001-10-11,0729,Terra,MODIS,55,6.2,296.6,19.1,D,0
-2.2175,40.5546,320.6,1.9,1.3,2001-10-11,0729,Terra,MODIS,64,6.2,297,25.9,D,0
0.3839,34.4997,331,1.1,1,2001-10-12,0812,Terra,MODIS,85,6.2,296.8,25.6,D,0
-1.7904,40.8118,316.1,1.9,1.3,2001-10-12,0812,Terra,MODIS,18,6.2,290.2,19.8,D,0
-2.223,38.2771,323,1.3,1.1,2001-10-12,0812,Terra,MODIS,57,6.2,301.6,15.8,D,0
2.0488,36.8115,384.3,1.2,1.1,2001-10-14,0759,Terra,MODIS,100,6.2,312.9,200.4,D,0
2.0474,36.8208,371.5,1.2,1.1,2001-10-14,0759,Terra,MODIS,100,6.2,313.4,137.2,D,0
2.0378,36.8193,328.6,1.2,1.1,2001-10-14,0759,Terra,MODIS,38,6.2,307.7,16.5,D,0
-0.6732,37.4746,330.9,1,1,2001-10-14,0759,Terra,MODIS,78,6.2,306.6,12.6,D,0
-1.6004,41.0635,315.5,1.2,1.1,2001-10-14,0800,Terra,MODIS,25,6.2,296.4,7.8,D,0
-1.0146,35.5403,322.5,1.3,1.1,2001-10-14,0800,Terra,MODIS,64,6.2,304.6,8,D,0
-1.8488,40.7352,336.3,1.1,1.1,2001-10-14,0800,Terra,MODIS,85,6.2,304.5,30.4,D,0
-1.1815,35.9138,322.9,1.2,1.1,2001-10-14,0800,Terra,MODIS,62,6.2,304.4,10.3,D,0
-2.0882,40.8469,325.1,1.2,1.1,2001-10-14,0800,Terra,MODIS,65,6.2,305.7,15.4,D,0
-2.1062,40.743,338,1.2,1.1,2001-10-14,0800,Terra,MODIS,89,6.2,306,36,D,0
-2.1077,40.7533,323.8,1.2,1.1,2001-10-14,0800,Terra,MODIS,73,6.2,304.3,13,D,0
-2.1158,40.7417,328.7,1.2,1.1,2001-10-14,0800,Terra,MODIS,82,6.2,306.3,20,D,0
-2.1173,40.752,321.3,1.2,1.1,2001-10-14,0800,Terra,MODIS,40,6.2,304.5,9.8,D,0
-1.3909,35.2544,324.2,1.3,1.1,2001-10-14,0800,Terra,MODIS,55,6.2,306.3,10.2,D,0
-1.3927,35.2662,324.1,1.3,1.1,2001-10-14,0800,Terra,MODIS,54,6.2,306.3,10.2,D,0
-1.4028,35.2646,325.1,1.3,1.1,2001-10-14,0800,Terra,MODIS,38,6.2,307,11.4,D,0
-1.584,36.1497,327.4,1.2,1.1,2001-10-14,0800,Terra,MODIS,52,6.2,306.3,9.4,D,0
-1.5855,36.1597,330.5,1.2,1.1,2001-10-14,0800,Terra,MODIS,70,6.2,306.6,13.7,D,0
-2.6003,40.2063,340.3,1.1,1,2001-10-14,0800,Terra,MODIS,90,6.2,307.5,32.8,D,0
-3.5049,37.6667,323.7,1.3,1.2,2001-10-14,2020,Terra,MODIS,100,6.2,291.1,33.8,N,0
-3.5067,37.6547,322.6,1.3,1.1,2001-10-14,2020,Terra,MODIS,100,6.2,291.1,31.9,N,0
-2.798,37.4002,305,1.3,1.1,2001-10-14,2020,Terra,MODIS,62,6.2,285.1,11.7,N,0
-1.4623,35.8932,312.1,1.1,1.1,2001-10-14,2020,Terra,MODIS,84,6.2,284.7,15.2,N,0
-1.4637,35.8832,301.1,1.1,1.1,2001-10-14,2020,Terra,MODIS,37,6.2,284.3,6.6,N,0
0.0437,37.8356,304.3,1.6,1.2,2001-10-14,2021,Terra,MODIS,59,6.2,288.6,10.9,N,0
0.0417,37.8214,310.1,1.6,1.2,2001-10-14,2021,Terra,MODIS,79,6.2,289.8,18.3,N,0
0.0447,37.8286,314.3,1.6,1.2,2001-10-14,2021,Terra,MODIS,89,6.2,288.2,24.2,N,0
-1.4204,35.2855,327,2.8,1.6,2001-10-15,0843,Terra,MODIS,67,6.2,309.2,48.9,D,0
-0.384,37.0179,328.9,1.7,1.3,2001-10-16,0747,Terra,MODIS,78,6.2,304.6,29.4,D,0
-1.6574,40.7064,328.8,1,1,2001-10-16,0747,Terra,MODIS,30,6.2,301.3,14.8,D,0
-1.7816,41.176,323.5,1,1,2001-10-16,0747,Terra,MODIS,35,6.2,300.9,9.9,D,0
-1.8397,41.0699,326.8,1,1,2001-10-16,0747,Terra,MODIS,57,6.2,300.9,12.5,D,0
-1.8487,41.0686,324.4,1,1,2001-10-16,0747,Terra,MODIS,51,6.2,299.5,11.5,D,0
-1.6472,37.6586,334.6,1.4,1.2,2001-10-16,0747,Terra,MODIS,80,6.2,309.3,25.8,D,0
-1.6511,37.6515,329,1.4,1.2,2001-10-16,0747,Terra,MODIS,72,6.2,309.4,14.2,D,0
-1.653,37.6642,327.6,1.4,1.2,2001-10-16,0747,Terra,MODIS,69,6.2,308.9,11.4,D,0
-2.2422,40.5485,328,1,1,2001-10-16,0747,Terra,MODIS,52,6.2,302.8,12.2,D,0
-2.2599,40.4837,353.9,1,1,2001-10-16,0747,Terra,MODIS,96,6.2,303.9,59.6,D,0
-2.2689,40.4824,341.5,1,1,2001-10-16,0747,Terra,MODIS,87,6.2,305.9,32.2,D,0
-2.278,40.4811,335,1,1,2001-10-16,0747,Terra,MODIS,73,6.2,307.3,20.2,D,0
-2.5193,40.3064,330.5,1,1,2001-10-16,0748,Terra,MODIS,74,6.2,309.8,10.7,D,0
-2.7776,37.8697,309.3,1,1,2001-10-16,2008,Terra,MODIS,77,6.2,291,8.7,N,0
-2.7789,37.8607,305.5,1,1,2001-10-16,2008,Terra,MODIS,65,6.2,291.2,6.3,N,0
-2.766,37.8864,306.6,1,1,2001-10-16,2008,Terra,MODIS,64,6.2,289.7,7.3,N,0
-0.365,35.7379,311.6,1,1,2001-10-16,2008,Terra,MODIS,83,6.2,280.3,14.9,N,0
3.0652,35.5316,367.4,1,1,2001-10-16,2009,Terra,MODIS,100,6.2,300.7,107,N,0
3.0639,35.5227,330.9,1,1,2001-10-16,2009,Terra,MODIS,100,6.2,297,28.4,N,0
-0.0192,35.1753,337.3,1.5,1.2,2001-10-17,0830,Terra,MODIS,88,6.2,303.2,54.3,D,0
-0.0212,35.1889,335.9,1.5,1.2,2001-10-17,0830,Terra,MODIS,87,6.2,303.3,51.2,D,0
-1.2131,37.168,326,2.2,1.4,2001-10-17,0830,Terra,MODIS,64,6.2,307.9,19.4,D,0
-1.2159,37.1874,338.8,2.2,1.4,2001-10-17,0830,Terra,MODIS,86,6.2,308.7,75.2,D,0
-1.3519,37.0447,362.3,2.2,1.4,2001-10-17,0830,Terra,MODIS,100,6.2,309.7,227.8,D,0
-1.3548,37.0637,359.9,2.2,1.4,2001-10-17,0830,Terra,MODIS,99,6.2,310.6,207.4,D,0
-1.3517,37.038,339.7,2.2,1.4,2001-10-17,0830,Terra,MODIS,87,6.2,308.9,74.1,D,0
-1.3544,37.0572,373.4,2.2,1.4,2001-10-17,0830,Terra,MODIS,100,6.2,311.7,337.5,D,0
-1.2869,35.3714,321.8,1.6,1.2,2001-10-17,0830,Terra,MODIS,30,6.2,303.8,14.5,D,0
-1.2871,35.3652,322.1,1.6,1.2,2001-10-17,0830,Terra,MODIS,48,6.2,304.9,15,D,0
-2.1965,40.4143,323.4,4.1,1.9,2001-10-17,0830,Terra,MODIS,61,6.2,292.3,111.2,D,0
-2.2004,40.4068,322.2,4.1,1.9,2001-10-17,0830,Terra,MODIS,57,6.2,292.2,102.5,D,0
-1.7677,36.9347,325.5,2.1,1.4,2001-10-17,0830,Terra,MODIS,67,6.2,306.5,25.1,D,0
-0.3696,35.7314,312.5,4.3,1.9,2001-10-17,2051,Terra,MODIS,79,6.2,276,130.2,N,0
-1.4267,41.3172,325.6,1.3,1.1,2001-10-18,0735,Terra,MODIS,48,6.2,302.2,20.3,D,0
-1.19,37.2869,321.3,2.7,1.6,2001-10-18,0735,Terra,MODIS,57,6.2,299.8,25.4,D,0
-2.7439,37.7455,338.6,2.3,1.5,2001-10-18,0735,Terra,MODIS,86,6.2,310.6,78.9,D,0
-0.6844,37.6114,308.6,1.1,1.1,2001-10-18,1956,Terra,MODIS,75,6.2,290.8,9.8,N,0
-0.6788,37.6149,301.1,1.1,1.1,2001-10-18,1956,Terra,MODIS,37,6.2,290.7,5.1,N,0
-0.6803,37.6047,303.1,1.1,1.1,2001-10-18,1956,Terra,MODIS,53,6.2,291.3,6.3,N,0
1.8366,37.0153,339.8,1.2,1.1,2001-10-19,0817,Terra,MODIS,74,6.2,301.2,44.3,D,0
1.8271,37.0136,399.5,1.2,1.1,2001-10-19,0817,Terra,MODIS,100,6.2,293.7,304.7,D,0
1.2748,37.3632,326.8,1.2,1.1,2001-10-19,0817,Terra,MODIS,36,6.2,305.7,14.5,D,0
1.2731,37.374,349.6,1.2,1.1,2001-10-19,0817,Terra,MODIS,92,6.2,307.8,64.2,D,0
1.273,37.3676,343.7,1.2,1.1,2001-10-19,0817,Terra,MODIS,87,6.2,307.3,50.4,D,0
1.2714,37.3786,329.3,1.2,1.1,2001-10-19,0817,Terra,MODIS,57,6.2,306.1,19.9,D,0
-0.7889,37.5001,332.1,1.3,1.1,2001-10-19,0818,Terra,MODIS,80,6.2,313.8,13.4,D,0
-1.038,37.1711,330.7,1.3,1.1,2001-10-19,0818,Terra,MODIS,70,6.2,311.1,14.4,D,0
-0.9985,35.6984,326.5,1.1,1,2001-10-19,0818,Terra,MODIS,36,6.2,304.2,15.2,D,0
-1.258,35.3909,320.9,1.1,1,2001-10-19,0818,Terra,MODIS,50,6.2,298.8,6.4,D,0
-1.2686,35.399,333.1,1.1,1,2001-10-19,0818,Terra,MODIS,83,6.2,301.7,20.6,D,0
-1.27,35.4086,335.3,1.1,1,2001-10-19,0818,Terra,MODIS,85,6.2,305.8,24.2,D,0
-1.2778,35.3979,328.4,1.1,1,2001-10-19,0818,Terra,MODIS,75,6.2,303.2,14.3,D,0
-1.4156,35.3379,350.1,1.1,1,2001-10-19,0818,Terra,MODIS,94,6.2,311,49.2,D,0
-1.6971,36.008,327.3,1.1,1.1,2001-10-19,0818,Terra,MODIS,40,6.2,305.9,13.8,D,0
-1.6481,35.4756,328,1.1,1,2001-10-19,0818,Terra,MODIS,73,6.2,303.6,16.1,D,0
-2.1114,37.6827,329.8,1.4,1.2,2001-10-19,0818,Terra,MODIS,71,6.2,311.2,14.4,D,0
-2.3003,37.0745,335.4,1.3,1.1,2001-10-19,0818,Terra,MODIS,79,6.2,312.6,28.3,D,0
-2.581,37.8351,335.9,1.5,1.2,2001-10-19,0818,Terra,MODIS,76,6.2,315.5,31.5,D,0
-2.902,37.3896,300.9,3,1.6,2001-10-19,2038,Terra,MODIS,35,6.2,274.3,34.7,N,0
-1.4293,35.3116,300.4,2.2,1.4,2001-10-19,2039,Terra,MODIS,26,6.2,285.4,17,N,0
-0.1223,37.4599,310.4,4.8,2,2001-10-20,0722,Terra,MODIS,12,6.2,299.7,73.4,D,0
-1.4336,41.3297,311.9,2.3,1.5,2001-10-20,0723,Terra,MODIS,26,6.2,292.5,16.6,D,0
-1.4669,41.2976,314.3,2.3,1.5,2001-10-20,0723,Terra,MODIS,49,6.2,291.4,23.1,D,0
-1.1326,41.1366,315.4,1.5,1.2,2001-10-21,0805,Terra,MODIS,35,6.2,291.7,13.4,D,0
-0.3643,35.7308,353.7,1.1,1,2001-10-21,0805,Terra,MODIS,97,6.2,304.8,71.4,D,0
-0.3656,35.7402,318.5,1.1,1,2001-10-21,0805,Terra,MODIS,48,6.2,299.4,12.5,D,0
-1.5452,35.7474,324.2,1,1,2001-10-21,0806,Terra,MODIS,64,6.2,303.1,12.4,D,0
-2.5323,40.3536,321.8,1.4,1.2,2001-10-21,0806,Terra,MODIS,50,6.2,299.6,15.2,D,0
-2.0107,36.1568,340.9,1,1,2001-10-21,0806,Terra,MODIS,42,6.2,316.1,20.5,D,0
-2.0575,36.1622,350.5,1,1,2001-10-21,0806,Terra,MODIS,94,6.2,312,37.5,D,0
-2.0665,36.1609,337.2,1,1,2001-10-21,0806,Terra,MODIS,59,6.2,309.9,14.7,D,0
-2.0846,36.136,309.3,1.4,1.2,2001-10-21,2026,Terra,MODIS,77,6.2,293.6,11.4,N,0
-2.074,36.1344,324.5,1.4,1.2,2001-10-21,2026,Terra,MODIS,100,6.2,293.7,33,N,0
-2.0758,36.1218,318.6,1.4,1.2,2001-10-21,2026,Terra,MODIS,97,6.2,293.3,22.7,N,0
-2.0889,35.9559,302.2,1.4,1.2,2001-10-21,2026,Terra,MODIS,35,6.2,291.5,5.5,N,0
-2.0785,35.9545,310.4,1.4,1.2,2001-10-21,2026,Terra,MODIS,80,6.2,291.7,13.8,N,0
0.497,35.4849,307.7,1.4,1.2,2001-10-21,2027,Terra,MODIS,72,6.2,282.1,18.1,N,0
2.2154,36.4638,332.9,3.9,1.8,2001-10-22,0847,Terra,MODIS,60,6.2,304.4,102.4,D,0
2.1767,36.4512,331.1,3.9,1.8,2001-10-22,0847,Terra,MODIS,74,6.2,304.1,85.5,D,0
2.1708,36.4449,331.4,3.9,1.8,2001-10-22,0847,Terra,MODIS,75,6.2,304,79.2,D,0
2.1543,36.4427,332.3,3.9,1.8,2001-10-22,0847,Terra,MODIS,61,6.2,304.9,86.7,D,0
2.1049,36.4355,332.5,3.9,1.8,2001-10-22,0847,Terra,MODIS,55,6.2,305.3,84.1,D,0
-0.9738,34.6651,315.2,3.2,1.7,2001-10-22,0848,Terra,MODIS,62,6.2,286.1,42.8,D,0
-0.9779,34.6924,324.1,3.2,1.7,2001-10-22,0848,Terra,MODIS,79,6.2,290.1,92.5,D,0
-0.9753,34.6865,318.6,3.2,1.7,2001-10-22,0848,Terra,MODIS,68,6.2,289.8,63.1,D,0
-0.9905,34.6847,321.4,3.2,1.7,2001-10-22,0848,Terra,MODIS,75,6.2,289.5,77.4,D,0
-0.3165,37.9034,333.3,1.2,1.1,2001-10-23,0753,Terra,MODIS,80,6.2,306.5,16.6,D,0
-1.7374,41.2448,325.3,1,1,2001-10-23,0753,Terra,MODIS,55,6.2,305.9,12.6,D,0
-1.2964,37.132,347.9,1.3,1.1,2001-10-23,0753,Terra,MODIS,87,6.2,298.8,59.9,D,0
-1.298,37.1431,331,1.3,1.1,2001-10-23,0753,Terra,MODIS,55,6.2,301.2,18.6,D,0
1.6258,36.3107,335.7,2.2,1.4,2001-10-24,0835,Terra,MODIS,70,6.2,309.1,47.8,D,0
1.6197,36.3502,336.8,2.2,1.4,2001-10-24,0835,Terra,MODIS,55,6.2,309.3,61.1,D,0
-0.0033,35.1989,318.7,1.9,1.4,2001-10-24,0836,Terra,MODIS,73,6.2,297.7,25.1,D,0
-1.0809,35.3092,322,2.1,1.4,2001-10-24,0836,Terra,MODIS,71,6.2,295.1,31.1,D,0
-1.0833,35.3259,323.4,2.1,1.4,2001-10-24,0836,Terra,MODIS,73,6.2,293.2,37.3,D,0
-3.5949,38.4132,317.3,1.5,1.2,2001-10-25,0741,Terra,MODIS,37,6.2,290.8,12.6,D,0
-4.3324,38.8974,322.2,1.4,1.2,2001-10-25,0741,Terra,MODIS,61,6.2,293.5,16,D,0
-2.0838,36.1438,310.3,1.2,1.1,2001-10-25,2001,Terra,MODIS,80,6.2,290,10.3,N,0
-1.3304,36.3297,328,1.4,1.2,2001-10-26,0824,Terra,MODIS,77,6.2,275.4,34.2,D,0
-1.4718,36.2258,336.6,1.4,1.2,2001-10-26,0824,Terra,MODIS,85,6.2,288.3,46.9,D,0
-2.0131,36.1564,334.8,1.4,1.2,2001-10-26,0824,Terra,MODIS,39,6.2,308.4,31.8,D,0
-2.0935,36.1518,344.4,1.4,1.2,2001-10-26,0824,Terra,MODIS,90,6.2,299.4,54.2,D,0
-3.6222,39.3593,321.9,2.3,1.5,2001-10-27,0729,Terra,MODIS,61,6.2,296.6,20.4,D,0
-1.3166,35.8816,325.7,1,1,2001-10-28,0811,Terra,MODIS,68,6.2,295.7,10.7,D,0
-1.3255,35.8803,338.2,1,1,2001-10-28,0811,Terra,MODIS,88,6.2,301.7,29,D,0
-2.2372,40.289,338.5,1.7,1.3,2001-10-28,0811,Terra,MODIS,83,6.2,301.6,59.2,D,0
-2.1394,37.6594,332.7,1.1,1.1,2001-10-28,0811,Terra,MODIS,75,6.2,310,10.4,D,0
-1.7418,40.8532,322.8,3.3,1.7,2001-10-29,0716,Terra,MODIS,68,6.2,291.9,76.2,D,0
-1.7378,40.8466,319.5,3.3,1.7,2001-10-29,0716,Terra,MODIS,59,6.2,292.6,53.5,D,0
-1.5056,41.2697,321.9,1.2,1.1,2001-10-30,0759,Terra,MODIS,24,6.2,292.8,14.4,D,0
-1.5741,40.8152,341.8,1.1,1.1,2001-10-30,0759,Terra,MODIS,87,6.2,305.3,35.3,D,0
-1.5755,40.8253,327.1,1.1,1.1,2001-10-30,0759,Terra,MODIS,34,6.2,304.2,9.5,D,0
-1.3633,37.7978,327.8,1,1,2001-10-30,0759,Terra,MODIS,51,6.2,301.1,12.4,D,0
-1.8428,40.6977,332,1.1,1.1,2001-10-30,0759,Terra,MODIS,76,6.2,306.6,16.3,D,0
-3.5824,38.4195,328,1,1,2001-10-30,0759,Terra,MODIS,49,6.2,293.9,14.6,D,0
1.753,36.4734,328.1,3,1.6,2001-10-31,0841,Terra,MODIS,52,6.2,302.9,59.7,D,0
-3.5786,38.4211,341.3,1.2,1.1,2001-11-01,0747,Terra,MODIS,88,6.2,305.8,48.2,D,0
-3.5787,38.4145,332,1.2,1.1,2001-11-01,0747,Terra,MODIS,71,6.2,303.8,26.4,D,0
-3.5804,38.4254,329.3,1.2,1.1,2001-11-01,0747,Terra,MODIS,68,6.2,303.6,20.8,D,0
-3.5902,38.4238,329.1,1.2,1.1,2001-11-01,0747,Terra,MODIS,69,6.2,302,19,D,0
-2.5765,40.288,301.6,1.3,1.1,2001-11-01,2007,Terra,MODIS,31,6.2,291.2,4.5,N,0
-2.5777,40.2819,304.5,1.3,1.1,2001-11-01,2007,Terra,MODIS,61,6.2,291.3,6.8,N,0
2.2102,36.5059,334.4,1.7,1.3,2001-11-02,0828,Terra,MODIS,66,6.2,309.5,28.4,D,0
2.2011,36.4894,336.1,1.7,1.3,2001-11-02,0828,Terra,MODIS,55,6.2,310.8,37.4,D,0
2.1897,36.4878,338.1,1.7,1.3,2001-11-02,0828,Terra,MODIS,58,6.2,311.7,44.4,D,0
2.1784,36.4862,339,1.7,1.3,2001-11-02,0828,Terra,MODIS,63,6.2,311.5,47.9,D,0
2.1689,36.4784,337.1,1.7,1.3,2001-11-02,0828,Terra,MODIS,63,6.2,311.4,39.4,D,0
-1.73,41.478,312,2.7,1.6,2001-11-04,0817,Terra,MODIS,0,6.2,293.7,22.1,D,0
-1.578,39.6012,316.9,1.9,1.4,2001-11-04,0817,Terra,MODIS,27,6.2,295.5,24,D,0
-2.2388,40.5491,317.7,1.4,1.2,2001-11-06,0805,Terra,MODIS,32,6.2,299.7,16.5,D,0
-2.4768,40.6298,320.2,1.4,1.2,2001-11-06,0805,Terra,MODIS,54,6.2,299.6,15.6,D,0
4.7513,34.9343,318.7,2.6,1.6,2001-11-07,0846,Terra,MODIS,11,6.2,296.8,31.5,D,0
2.1553,36.4475,331.1,3.9,1.8,2001-11-07,0847,Terra,MODIS,66,6.2,304.5,91.8,D,0
2.1225,36.4428,333.6,3.9,1.8,2001-11-07,0847,Terra,MODIS,76,6.2,306.8,106.7,D,0
2.1062,36.4403,333.4,3.9,1.8,2001-11-07,0847,Terra,MODIS,81,6.2,306.6,105.1,D,0
2.0997,36.4343,331.8,3.9,1.8,2001-11-07,0847,Terra,MODIS,72,6.2,305.6,88.6,D,0
1.7102,36.3212,332.5,3.8,1.8,2001-11-07,0847,Terra,MODIS,58,6.2,303.6,85.3,D,0
-2.5712,40.2554,322.6,1,1,2001-11-08,0753,Terra,MODIS,42,6.2,300.9,8.7,D,0
2.17,36.447,332.4,2.2,1.4,2001-11-09,0834,Terra,MODIS,51,6.2,308,40,D,0
2.167,36.4668,335.9,2.2,1.4,2001-11-09,0834,Terra,MODIS,71,6.2,310.8,54,D,0
2.1602,36.4254,332.5,2.2,1.4,2001-11-09,0834,Terra,MODIS,71,6.2,308.4,43.4,D,0
2.1572,36.4453,333.8,2.2,1.4,2001-11-09,0834,Terra,MODIS,68,6.2,308.1,46.6,D,0
2.1708,36.4413,332.7,2.2,1.4,2001-11-09,0834,Terra,MODIS,62,6.2,307.7,44.4,D,0
2.1679,36.4611,335.5,2.2,1.4,2001-11-09,0834,Terra,MODIS,84,6.2,310,54.2,D,0
1.8262,39.9963,313.4,2.4,1.5,2001-11-11,0822,Terra,MODIS,0,6.2,292.8,32.2,D,0
1.8311,39.9914,313.1,2.4,1.5,2001-11-11,0822,Terra,MODIS,0,6.2,292.9,29.6,D,0
-1.2572,35.1665,323.3,1.2,1.1,2001-11-11,0823,Terra,MODIS,53,6.2,302,14.1,D,0
-1.267,35.1652,320.2,1.2,1.1,2001-11-11,0823,Terra,MODIS,31,6.2,299.1,9.1,D,0
-1.7324,40.9636,316.4,1.8,1.3,2001-11-12,0728,Terra,MODIS,49,6.2,294.3,18.7,D,0
-2.4573,40.6549,321.2,1.9,1.3,2001-11-12,0728,Terra,MODIS,68,6.2,295.6,27.9,D,0
-2.4597,40.6716,319.8,1.9,1.3,2001-11-12,0728,Terra,MODIS,50,6.2,296.4,22.4,D,0
-2.4527,40.6667,322.2,1.9,1.3,2001-11-12,0728,Terra,MODIS,57,6.2,296.5,27.6,D,0
3.4571,35.4656,319.7,4.1,1.9,2001-11-14,0852,Terra,MODIS,46,6.2,293.1,73.9,D,0
-1.3571,35.6541,317.7,1.3,1.1,2001-11-15,0758,Terra,MODIS,72,6.2,292.4,11.5,D,0
-2.1948,40.1764,317,1.1,1,2001-11-15,0758,Terra,MODIS,10,6.2,294.2,7.9,D,0
2.1991,36.4866,335.5,1.7,1.3,2001-11-18,0828,Terra,MODIS,46,6.2,310.5,35.7,D,0
2.1673,36.4668,336.7,1.7,1.3,2001-11-18,0828,Terra,MODIS,76,6.2,310.3,40.9,D,0
-2.1357,40.2751,319.5,1.3,1.1,2001-11-22,0804,Terra,MODIS,50,6.2,301.5,15.9,D,0
-2.1444,40.1194,317.9,1.3,1.1,2001-11-22,0804,Terra,MODIS,20,6.2,300.3,14.3,D,0
-1.2996,35.413,324.3,1.7,1.3,2001-11-24,0752,Terra,MODIS,75,6.2,304.4,23.9,D,0
-1.2966,34.9693,334.3,1.9,1.4,2001-11-25,0835,Terra,MODIS,85,6.2,303.7,71.3,D,0
-1.3004,34.9618,320.8,1.9,1.4,2001-11-25,0835,Terra,MODIS,68,6.2,301.7,31,D,0
-1.303,34.9801,322,1.9,1.4,2001-11-25,0835,Terra,MODIS,73,6.2,301.8,33.3,D,0
-1.3255,34.9339,308.8,1.3,1.1,2001-11-26,2001,Terra,MODIS,76,6.2,286.8,16.3,N,0
0.4204,34.44,303.6,1.4,1.2,2001-11-26,2001,Terra,MODIS,56,6.2,288.7,10.1,N,0
0.4186,34.4279,309.3,1.4,1.2,2001-11-26,2001,Terra,MODIS,77,6.2,289,15.8,N,0
-3.6558,37.7725,307.3,1.5,1.2,2001-11-28,1948,Terra,MODIS,56,6.2,280.6,17.8,N,0
-0.9617,34.6713,325.9,1,1,2001-11-29,0810,Terra,MODIS,76,6.2,297.5,17.6,D,0
-1.291,39.5467,322.2,1,1,2001-12-01,0758,Terra,MODIS,33,6.2,300.3,12.3,D,0
-1.2692,35.6411,327.2,1.2,1.1,2001-12-01,0758,Terra,MODIS,60,6.2,309.8,12.3,D,0
-1.2709,35.6522,331.9,1.2,1.1,2001-12-01,0758,Terra,MODIS,81,6.2,310.5,21.4,D,0
-1.2775,35.6287,337.2,1.3,1.1,2001-12-01,0758,Terra,MODIS,86,6.2,306.5,32,D,0
-1.2791,35.6398,332.7,1.2,1.1,2001-12-01,0758,Terra,MODIS,82,6.2,305.9,22.1,D,0
-1.2808,35.6508,331.4,1.2,1.1,2001-12-01,0758,Terra,MODIS,81,6.2,306.3,19.9,D,0
-2.0993,40.879,315.4,1.2,1.1,2001-12-01,0758,Terra,MODIS,34,6.2,297.1,9,D,0
-1.4888,36.2367,332.2,1.9,1.3,2001-12-03,0746,Terra,MODIS,84,6.2,302.3,49.5,D,0
-1.6082,36.3435,336,1.8,1.3,2001-12-03,0746,Terra,MODIS,87,6.2,306.2,49.9,D,0
-1.6026,36.337,332.9,1.8,1.3,2001-12-03,0746,Terra,MODIS,85,6.2,304.9,39,D,0
-1.5834,36.3385,327.4,1.9,1.3,2001-12-04,0829,Terra,MODIS,77,6.2,308.2,23.1,D,0
-2.2541,40.1601,309.4,3.9,1.8,2001-12-04,0829,Terra,MODIS,16,6.2,290.5,35.5,D,0
0.5562,35.2065,316.6,1,1,2001-12-06,0816,Terra,MODIS,61,6.2,303.2,6.2,D,0
-1.0946,39.6498,320.4,1.9,1.4,2001-12-06,0816,Terra,MODIS,34,6.2,301.5,27.3,D,0
-2.0924,36.666,326.5,1.2,1.1,2001-12-06,0816,Terra,MODIS,77,6.2,304.4,18.3,D,0
0.0416,35.4895,301.1,2.3,1.5,2001-12-06,2037,Terra,MODIS,38,6.2,280.1,26.3,N,0
0.0386,35.4689,304.2,2.3,1.5,2001-12-06,2037,Terra,MODIS,59,6.2,280.3,31.7,N,0
0.5492,34.6512,350.6,1.2,1.1,2001-12-08,0803,Terra,MODIS,95,6.2,301.7,75.5,D,0
0.5477,34.662,380.8,1.2,1.1,2001-12-08,0803,Terra,MODIS,100,6.2,304.9,200.4,D,0
0.1063,35.5347,314,1.1,1,2001-12-08,0804,Terra,MODIS,48,6.2,294.3,9.9,D,0
0.0993,35.5377,321.3,1.1,1,2001-12-08,0804,Terra,MODIS,76,6.2,292.2,18.8,D,0
-0.2397,36.0167,318.1,1,1,2001-12-08,0804,Terra,MODIS,71,6.2,301.8,8.3,D,0
-0.5438,35.5751,312.1,1.1,1,2001-12-08,0804,Terra,MODIS,59,6.2,297.8,8.1,D,0
-0.8336,35.6694,313,1.1,1,2001-12-08,0804,Terra,MODIS,60,6.2,299.1,5.9,D,0
-1.1358,35.9119,339.2,1,1,2001-12-08,0804,Terra,MODIS,88,6.2,309.8,27.5,D,0
-1.1371,35.9211,375.8,1,1,2001-12-08,0804,Terra,MODIS,100,6.2,311,128.5,D,0
-1.8646,35.6439,301.5,1.3,1.1,2001-12-08,2024,Terra,MODIS,41,6.2,284.3,10.2,N,0
-1.8663,35.6324,307.2,1.3,1.1,2001-12-08,2024,Terra,MODIS,71,6.2,284.6,15.2,N,0
-1.8637,35.639,317.1,3.9,1.8,2001-12-09,0847,Terra,MODIS,61,6.2,297.6,48.6,D,0
-1.8696,35.633,317.8,3.9,1.8,2001-12-09,0847,Terra,MODIS,67,6.2,297.5,53.8,D,0
-1.3799,35.3402,323.4,1.7,1.3,2001-12-10,0752,Terra,MODIS,69,6.2,306.1,16.3,D,0
-1.3821,35.3552,324.4,1.7,1.3,2001-12-10,0752,Terra,MODIS,69,6.2,305.7,18.7,D,0
-2.506,40.4399,327.5,1,1,2001-12-10,0752,Terra,MODIS,76,6.2,300.4,17.6,D,0
-2.5074,40.4489,318.1,1,1,2001-12-10,0752,Terra,MODIS,53,6.2,298.8,8.8,D,0
-3.1507,40.0616,320.3,1,1,2001-12-10,0752,Terra,MODIS,32,6.2,301.2,11.4,D,0
-1.4495,35.3144,303.6,1,1,2001-12-10,2012,Terra,MODIS,56,6.2,288.4,6,N,0
-1.3795,35.3588,313.2,1,1,2001-12-10,2012,Terra,MODIS,87,6.2,287.8,12.3,N,0
-1.3706,35.3575,317.3,1,1,2001-12-10,2012,Terra,MODIS,95,6.2,287.5,16.1,N,0
-1.3718,35.3486,304.1,1,1,2001-12-10,2012,Terra,MODIS,58,6.2,287.2,6.6,N,0
-1.505,39.9709,309.6,4.8,2,2001-12-11,0834,Terra,MODIS,35,6.2,284.2,94.8,D,0
-1.503,39.9642,309.9,4.8,2,2001-12-11,0834,Terra,MODIS,39,6.2,283.9,98.6,D,0
-1.2419,35.1724,321.3,2,1.4,2001-12-11,0834,Terra,MODIS,66,6.2,303.2,20,D,0
-1.6438,36.0435,317.9,2.4,1.5,2001-12-11,0834,Terra,MODIS,30,6.2,300.8,19,D,0
-1.4959,36.4817,331.6,1.5,1.2,2001-12-13,0822,Terra,MODIS,87,6.2,291.2,44.4,D,0
-0.14,35.2226,315.5,1,1,2001-12-15,0809,Terra,MODIS,64,6.2,300.9,6.4,D,0
-1.1814,35.3528,318.4,1,1,2001-12-15,0809,Terra,MODIS,42,6.2,298.6,7,D,0
-1.9905,38.9207,323.7,1.3,1.1,2001-12-15,0810,Terra,MODIS,43,6.2,303.5,20.9,D,0
-1.1738,35.3678,320.7,1.3,1.1,2001-12-17,0757,Terra,MODIS,40,6.2,304.9,10.6,D,0
-2.027,41.0299,319.1,1.2,1.1,2001-12-17,0757,Terra,MODIS,23,6.2,299.2,10,D,0
-1.3692,34.8528,305.9,1,1,2001-12-17,2018,Terra,MODIS,66,6.2,288.5,8.7,N,0
0.4178,34.6252,317.2,2.2,1.4,2001-12-18,0839,Terra,MODIS,68,6.2,300.4,24.5,D,0
-1.3689,34.8654,319.5,2.5,1.5,2001-12-18,0840,Terra,MODIS,65,6.2,296.3,36.6,D,0
-1.2654,34.9797,326.6,2.4,1.5,2001-12-19,0745,Terra,MODIS,76,6.2,299.8,58.9,D,0
-1.368,34.869,333.7,2.5,1.5,2001-12-19,0745,Terra,MODIS,84,6.2,301.8,92,D,0
-1.4653,35.0011,324.9,2.4,1.5,2001-12-19,0745,Terra,MODIS,67,6.2,302.1,50.4,D,0
-1.4787,34.9993,330.4,2.4,1.5,2001-12-19,0745,Terra,MODIS,74,6.2,303.4,68,D,0
-1.4817,35.02,331.8,2.4,1.5,2001-12-19,0745,Terra,MODIS,82,6.2,303.7,68.6,D,0
-1.492,34.9972,336.4,2.4,1.5,2001-12-19,0745,Terra,MODIS,86,6.2,300.7,94.6,D,0
-1.495,35.018,344.4,2.4,1.5,2001-12-19,0745,Terra,MODIS,92,6.2,304.5,137.9,D,0
-1.4875,34.9919,337.2,2.4,1.5,2001-12-19,0745,Terra,MODIS,87,6.2,300.6,101.3,D,0
-1.4907,35.0126,350.7,2.4,1.5,2001-12-19,0745,Terra,MODIS,95,6.2,304.9,185.3,D,0
-1.4675,34.9346,304.6,1.1,1.1,2001-12-19,2006,Terra,MODIS,47,6.2,287.1,7.9,N,0
-1.4689,34.9246,312.6,1.1,1.1,2001-12-19,2006,Terra,MODIS,85,6.2,287.9,14.4,N,0
-1.4631,34.9282,305.8,1.1,1.1,2001-12-19,2006,Terra,MODIS,10,6.2,286.9,8.4,N,0
-1.4442,34.9255,308.4,1.1,1.1,2001-12-19,2006,Terra,MODIS,64,6.2,285.7,11.4,N,0
-1.2765,34.9864,302.9,1.1,1,2001-12-19,2006,Terra,MODIS,52,6.2,285.6,7.7,N,0
-1.2779,34.9767,306,1.1,1.1,2001-12-19,2006,Terra,MODIS,66,6.2,285.8,9.7,N,0
-1.2716,34.9801,311.9,1.1,1,2001-12-19,2006,Terra,MODIS,84,6.2,285.7,15,N,0
0.9649,34.8803,315.3,1.3,1.1,2001-12-20,0827,Terra,MODIS,44,6.2,298.6,9,D,0
0.9558,34.8854,314.8,1.3,1.1,2001-12-20,0827,Terra,MODIS,40,6.2,297.1,8.6,D,0
-0.9775,34.6908,316.2,1.4,1.2,2001-12-20,0828,Terra,MODIS,47,6.2,288.5,18.5,D,0
-1.4431,34.9215,327.5,1.5,1.2,2001-12-20,0828,Terra,MODIS,75,6.2,301.4,28,D,0
-1.449,34.9276,326.1,1.5,1.2,2001-12-20,0828,Terra,MODIS,37,6.2,304,26.6,D,0
-0.3594,35.7312,324.2,1.1,1,2001-12-22,0815,Terra,MODIS,81,6.2,285.8,23.4,D,0
-1.4336,36.922,337.4,1.2,1.1,2001-12-22,0815,Terra,MODIS,88,6.2,301.1,39.9,D,0
-1.3653,35.8149,328.3,1.1,1,2001-12-22,0815,Terra,MODIS,56,6.2,305,12.5,D,0
-0.364,35.7412,315.6,1.1,1,2001-12-24,0803,Terra,MODIS,70,6.2,273.4,17.6,D,0
-1.7114,41.3463,315.8,1.5,1.2,2001-12-24,0803,Terra,MODIS,38,6.2,297.6,10.4,D,0
-1.7133,41.3598,316.2,1.5,1.2,2001-12-24,0803,Terra,MODIS,55,6.2,297.3,12.4,D,0
-0.0787,35.0097,303.9,1.3,1.1,2001-12-24,2024,Terra,MODIS,57,6.2,289.4,8.2,N,0
4.6612,34.4637,328.2,2.5,1.5,2001-12-26,0749,Terra,MODIS,73,6.2,300.1,57.4,D,0
4.6476,34.4619,344.3,2.5,1.5,2001-12-26,0749,Terra,MODIS,90,6.2,300,148.5,D,0
-4.543,39.3607,322.2,1,1,2001-12-26,0752,Terra,MODIS,58,6.2,299.4,11,D,0
4.6434,34.4278,340.3,1.4,1.2,2001-12-27,0832,Terra,MODIS,86,6.2,302.8,48.9,D,0
4.6415,34.4404,337.3,1.4,1.2,2001-12-27,0832,Terra,MODIS,83,6.2,304.2,40.4,D,0
0.7256,35.3618,315.4,1.9,1.4,2001-12-27,0833,Terra,MODIS,27,6.2,296.2,19.9,D,0
0.6148,35.1154,315.5,1.8,1.3,2001-12-27,0833,Terra,MODIS,29,6.2,297.5,16.3,D,0
-1.1233,35.2512,303,1.3,1.1,2001-12-28,2000,Terra,MODIS,52,6.2,284.8,8.9,N,0
1.1918,34.7803,327.5,1.1,1,2001-12-29,0821,Terra,MODIS,71,6.2,304.4,18.4,D,0
0.385,35.3596,321.2,1.2,1.1,2001-12-29,0821,Terra,MODIS,70,6.2,302,13.7,D,0
-0.4253,35.7179,345.2,1.3,1.1,2001-12-29,0821,Terra,MODIS,93,6.2,296.3,70.9,D,0
-1.4902,41.1872,314.2,3.4,1.7,2001-12-29,0821,Terra,MODIS,64,6.2,291.2,50.7,D,0
-1.4847,41.1811,311.6,3.4,1.7,2001-12-29,0821,Terra,MODIS,58,6.2,292.7,39.4,D,0
-2.4417,40.7429,320.7,1.8,1.3,2001-12-30,0727,Terra,MODIS,60,6.2,295.6,27.3,D,0
-2.4442,40.7593,317.9,1.8,1.3,2001-12-30,0727,Terra,MODIS,0,6.2,296.3,18.7,D,0
1.3361,34.8144,333.6,1,1,2001-12-31,0809,Terra,MODIS,83,6.2,308.9,21.4,D,0
0.8918,34.9526,314.8,1,1,2001-12-31,0809,Terra,MODIS,47,6.2,296.4,6.5,D,0
0.0272,35.1347,320.9,1,1,2001-12-31,0809,Terra,MODIS,55,6.2,305.8,7.2,D,0
0.0259,35.1435,321.3,1,1,2001-12-31,0809,Terra,MODIS,51,6.2,306.5,7.3,D,0
-1.3917,34.8242,333.9,1,1,2001-12-31,0809,Terra,MODIS,82,6.2,308.1,21.5,D,0
-1.393,34.8332,329,1,1,2001-12-31,0809,Terra,MODIS,76,6.2,307.3,13.6,D,0
-1.5909,35.9899,327.5,1,1,2001-12-31,0809,Terra,MODIS,72,6.2,305.7,11.6,D,0
-1.5922,35.9988,323.2,1,1,2001-12-31,0809,Terra,MODIS,37,6.2,306,7.3,D,0
-0.1467,35.1703,316.4,1.6,1.3,2001-12-31,2030,Terra,MODIS,93,6.2,286.9,33,N,0
-0.1368,35.1631,308.4,1.6,1.3,2001-12-31,2030,Terra,MODIS,63,6.2,285.2,20.4,N,0
